industry_code,industry,stock_code,constituent_asof,source,retrieved_at
801010,农林牧渔,000505,2021-12-13,akshare:index_component_sw,2026-09-24T15:32:15.308145+00:00
801010,农林牧渔,000592,2021-12-13,akshare:index_component_sw,2026-09-24T15:32:15.308145+00:00
801010,农林牧渔,000702,2021-12-13,akshare:index_component_sw,2026-09-24T15:32:15.308145+00:00
801010,农林牧渔,000713,2021-12-13,akshare:index_component_sw,2026-09-24T15:32:15.308145+00:00
801010,农林牧渔,000735,2021-12-13,akshare:index_component_sw,2026-09-24T15:32:15.308145+00:00
801010,农林牧渔,000798,2021-12-13,akshare:index_component_sw,2026-09-24T15:32:15.308145+00:00
801010,农林牧渔,000911,2021-12-13,akshare:index_component_sw,2026-09-24T15:32:15.308145+00:00
801010,农林牧渔,000930,2021-12-13,akshare:index_component_sw,2026-09-24T15:32:15.308145+00:00
801010,农林牧渔,000972,2021-12-13,akshare:index_component_sw,2026-09-24T15:32:15.308145+00:00
801010,农林牧渔,000998,2021-12-13,akshare:index_component_sw,2026-09-24T15:32:15.308145+00:00
801010,农林牧渔,001201,2021-12-13,akshare:index_component_sw,2026-09-24T15:32:15.308145+00:00
801010,农林牧渔,002041,2021-12-13,akshare:index_component_sw,2026-09-24T15:32:15.308145+00:00
801010,农林牧渔,002069,2021-12-13,akshare:index_component_sw,2026-09-24T15:32:15.308145+00:00
801010,农林牧渔,002100,2021-12-13,akshare:index_component_sw,2026-09-24T15:32:15.308145+00:00
801010,农林牧渔,002124,2021-12-13,akshare:index_component_sw,2026-09-24T15:32:15.308145+00:00
801010,农林牧渔,002157,2021-12-13,akshare:index_component_sw,2026-09-24T15:32:15.308145+00:00
801010,农林牧渔,002234,2021-12-13,akshare:index_component_sw,2026-09-24T15:32:15.308145+00:00
801010,农林牧渔,002286,2021-12-13,akshare:index_component_sw,2026-09-24T15:32:15.308145+00:00
801010,农林牧渔,002299,2021-12-13,akshare:index_component_sw,2026-09-24T15:32:15.308145+00:00
801010,农林牧渔,002311,2021-12-13,akshare:index_component_sw,2026-09-24T15:32:15.308145+00:00
801010,农林牧渔,002321,2021-12-13,akshare:index_component_sw,2026-09-24T15:32:15.308145+00:00
801010,农林牧渔,002385,2021-12-13,akshare:index_component_sw,2026-09-24T15:32:15.308145+00:00
801010,农林牧渔,002458,2021-12-13,akshare:index_component_sw,2026-09-24T15:32:15.308145+00:00
801010,农林牧渔,002481,2021-12-13,akshare:index_component_sw,2026-09-24T15:32:15.308145+00:00
801010,农林牧渔,002548,2021-12-13,akshare:index_component_sw,2026-09-24T15:32:15.308145+00:00
801010,农林牧渔,002556,2021-12-13,akshare:index_component_sw,2026-09-24T15:32:15.308145+00:00
801010,农林牧渔,002567,2021-12-13,akshare:index_component_sw,2026-09-24T15:32:15.308145+00:00
801010,农林牧渔,002679,2021-12-13,akshare:index_component_sw,2026-09-24T15:32:15.308145+00:00
801010,农林牧渔,002688,2021-12-13,akshare:index_component_sw,2026-09-24T15:32:15.308145+00:00
801010,农林牧渔,002714,2021-12-13,akshare:index_component_sw,2026-09-24T15:32:15.308145+00:00
801010,农林牧渔,002746,2021-12-13,akshare:index_component_sw,2026-09-24T15:32:15.308145+00:00
801010,农林牧渔,002772,2021-12-13,akshare:index_component_sw,2026-09-24T15:32:15.308145+00:00
801010,农林牧渔,002852,2021-12-13,akshare:index_component_sw,2026-09-24T15:32:15.308145+00:00
801010,农林牧渔,002868,2021-12-13,akshare:index_component_sw,2026-09-24T15:32:15.308145+00:00
801010,农林牧渔,002891,2021-12-13,akshare:index_component_sw,2026-09-24T15:32:15.308145+00:00
801010,农林牧渔,002982,2021-12-13,akshare:index_component_sw,2026-09-24T15:32:15.308145+00:00
801010,农林牧渔,003030,2021-12-13,akshare:index_component_sw,2026-09-24T15:32:15.308145+00:00
801010,农林牧渔,300021,2021-12-13,akshare:index_component_sw,2026-09-24T15:32:15.308145+00:00
801010,农林牧渔,300087,2021-12-13,akshare:index_component_sw,2026-09-24T15:32:15.308145+00:00
801010,农林牧渔,300094,2021-12-13,akshare:index_component_sw,2026-09-24T15:32:15.308145+00:00
801010,农林牧渔,300119,2021-12-13,akshare:index_component_sw,2026-09-24T15:32:15.308145+00:00
801010,农林牧渔,300138,2021-12-13,akshare:index_component_sw,2026-09-24T15:32:15.308145+00:00
801010,农林牧渔,300175,2021-12-13,akshare:index_component_sw,2026-09-24T15:32:15.308145+00:00
801010,农林牧渔,300189,2021-12-13,akshare:index_component_sw,2026-09-24T15:32:15.308145+00:00
801010,农林牧渔,300268,2021-12-13,akshare:index_component_sw,2026-09-24T15:32:15.308145+00:00
801010,农林牧渔,300313,2021-12-13,akshare:index_component_sw,2026-09-24T15:32:15.308145+00:00
801010,农林牧渔,300498,2021-12-13,akshare:index_component_sw,2026-09-24T15:32:15.308145+00:00
801010,农林牧渔,300511,2021-12-13,akshare:index_component_sw,2026-09-24T15:32:15.308145+00:00
801010,农林牧渔,300673,2021-12-13,akshare:index_component_sw,2026-09-24T15:32:15.308145+00:00
801010,农林牧渔,300761,2021-12-13,akshare:index_component_sw,2026-09-24T15:32:15.308145+00:00
801010,农林牧渔,300871,2021-12-13,akshare:index_component_sw,2026-09-24T15:32:15.308145+00:00
801010,农林牧渔,300967,2021-12-13,akshare:index_component_sw,2026-09-24T15:32:15.308145+00:00
801010,农林牧渔,300970,2021-12-13,akshare:index_component_sw,2026-09-24T15:32:15.308145+00:00
801010,农林牧渔,300999,2021-12-13,akshare:index_component_sw,2026-09-24T15:32:15.308145+00:00
801010,农林牧渔,600097,2021-12-13,akshare:index_component_sw,2026-09-24T15:32:15.308145+00:00
801010,农林牧渔,600108,2021-12-13,akshare:index_component_sw,2026-09-24T15:32:15.308145+00:00
801010,农林牧渔,600127,2021-12-13,akshare:index_component_sw,2026-09-24T15:32:15.308145+00:00
801010,农林牧渔,600191,2021-12-13,akshare:index_component_sw,2026-09-24T15:32:15.308145+00:00
801010,农林牧渔,600195,2021-12-13,akshare:index_component_sw,2026-09-24T15:32:15.308145+00:00
801010,农林牧渔,600201,2021-12-13,akshare:index_component_sw,2026-09-24T15:32:15.308145+00:00
801010,农林牧渔,600251,2021-12-13,akshare:index_component_sw,2026-09-24T15:32:15.308145+00:00
801010,农林牧渔,600257,2021-12-13,akshare:index_component_sw,2026-09-24T15:32:15.308145+00:00
801010,农林牧渔,600265,2021-12-13,akshare:index_component_sw,2026-09-24T15:32:15.308145+00:00
801010,农林牧渔,600313,2021-12-13,akshare:index_component_sw,2026-09-24T15:32:15.308145+00:00
801010,农林牧渔,600354,2021-12-13,akshare:index_component_sw,2026-09-24T15:32:15.308145+00:00
801010,农林牧渔,600359,2021-12-13,akshare:index_component_sw,2026-09-24T15:32:15.308145+00:00
801010,农林牧渔,600371,2021-12-13,akshare:index_component_sw,2026-09-24T15:32:15.308145+00:00
801010,农林牧渔,600467,2021-12-13,akshare:index_component_sw,2026-09-24T15:32:15.308145+00:00
801010,农林牧渔,600540,2021-12-13,akshare:index_component_sw,2026-09-24T15:32:15.308145+00:00
801010,农林牧渔,600598,2021-12-13,akshare:index_component_sw,2026-09-24T15:32:15.308145+00:00
801010,农林牧渔,600737,2021-12-13,akshare:index_component_sw,2026-09-24T15:32:15.308145+00:00
801010,农林牧渔,600962,2021-12-13,akshare:index_component_sw,2026-09-24T15:32:15.308145+00:00
801010,农林牧渔,600965,2021-12-13,akshare:index_component_sw,2026-09-24T15:32:15.308145+00:00
801010,农林牧渔,600975,2021-12-13,akshare:index_component_sw,2026-09-24T15:32:15.308145+00:00
801010,农林牧渔,601118,2021-12-13,akshare:index_component_sw,2026-09-24T15:32:15.308145+00:00
801010,农林牧渔,601952,2021-12-13,akshare:index_component_sw,2026-09-24T15:32:15.308145+00:00
801010,农林牧渔,603336,2021-12-13,akshare:index_component_sw,2026-09-24T15:32:15.308145+00:00
801010,农林牧渔,603363,2021-12-13,akshare:index_component_sw,2026-09-24T15:32:15.308145+00:00
801010,农林牧渔,603566,2021-12-13,akshare:index_component_sw,2026-09-24T15:32:15.308145+00:00
801010,农林牧渔,603609,2021-12-13,akshare:index_component_sw,2026-09-24T15:32:15.308145+00:00
801010,农林牧渔,603668,2021-12-13,akshare:index_component_sw,2026-09-24T15:32:15.308145+00:00
801010,农林牧渔,605198,2021-12-13,akshare:index_component_sw,2026-09-24T15:32:15.308145+00:00
801010,农林牧渔,605296,2021-12-13,akshare:index_component_sw,2026-09-24T15:32:15.308145+00:00
801010,农林牧渔,688098,2021-12-13,akshare:index_component_sw,2026-09-24T15:32:15.308145+00:00
801010,农林牧渔,688526,2021-12-13,akshare:index_component_sw,2026-09-24T15:32:15.308145+00:00
801010,农林牧渔,301116,2022-01-18,akshare:index_component_sw,2026-09-24T15:32:15.308145+00:00
801010,农林牧渔,603477,2022-01-25,akshare:index_component_sw,2026-09-24T15:32:15.308145+00:00
801010,农林牧渔,001313,2022-02-16,akshare:index_component_sw,2026-09-24T15:32:15.308145+00:00
801010,农林牧渔,000663,2022-08-01,akshare:index_component_sw,2026-09-24T15:32:15.308145+00:00
801010,农林牧渔,002696,2022-08-01,akshare:index_component_sw,2026-09-24T15:32:15.308145+00:00
801010,农林牧渔,600883,2022-08-01,akshare:index_component_sw,2026-09-24T15:32:15.308145+00:00
801010,农林牧渔,603182,2022-09-09,akshare:index_component_sw,2026-09-24T15:32:15.308145+00:00
801010,农林牧渔,603151,2022-10-19,akshare:index_component_sw,2026-09-24T15:32:15.308145+00:00
801010,农林牧渔,001338,2022-11-16,akshare:index_component_sw,2026-09-24T15:32:15.308145+00:00
801010,农林牧渔,001366,2023-03-07,akshare:index_component_sw,2026-09-24T15:32:15.308145+00:00
801010,农林牧渔,301498,2023-08-16,akshare:index_component_sw,2026-09-24T15:32:15.308145+00:00
801010,农林牧渔,603231,2023-12-01,akshare:index_component_sw,2026-09-24T15:32:15.308145+00:00
801010,农林牧渔,002215,2025-05-13,akshare:index_component_sw,2026-09-24T15:32:15.308145+00:00
801010,农林牧渔,688156,2025-05-13,akshare:index_component_sw,2026-09-24T15:32:15.308145+00:00
801010,农林牧渔,000048,2025-08-13,akshare:index_component_sw,2026-09-24T15:32:15.308145+00:00
801010,农林牧渔,603717,2025-08-13,akshare:index_component_sw,2026-09-24T15:32:15.308145+00:00
801010,农林牧渔,000876,2026-07-02,akshare:index_component_sw,2026-09-24T15:32:15.308145+00:00
801010,农林牧渔,002086,2026-07-02,akshare:index_component_sw,2026-09-24T15:32:15.308145+00:00
801010,农林牧渔,000019,2021-12-13,akshare:index_component_sw,2026-09-24T15:32:15.308145+00:00
801030,基础化工,000510,2021-12-13,akshare:index_component_sw,2026-09-24T15:32:15.531328+00:00
801030,基础化工,000525,2021-12-13,akshare:index_component_sw,2026-09-24T15:32:15.531328+00:00
801030,基础化工,000545,2021-12-13,akshare:index_component_sw,2026-09-24T15:32:15.531328+00:00
801030,基础化工,000553,2021-12-13,akshare:index_component_sw,2026-09-24T15:32:15.531328+00:00
801030,基础化工,000565,2021-12-13,akshare:index_component_sw,2026-09-24T15:32:15.531328+00:00
801030,基础化工,000635,2021-12-13,akshare:index_component_sw,2026-09-24T15:32:15.531328+00:00
801030,基础化工,000677,2021-12-13,akshare:index_component_sw,2026-09-24T15:32:15.531328+00:00
801030,基础化工,000683,2021-12-13,akshare:index_component_sw,2026-09-24T15:32:15.531328+00:00
801030,基础化工,000707,2021-12-13,akshare:index_component_sw,2026-09-24T15:32:15.531328+00:00
801030,基础化工,000731,2021-12-13,akshare:index_component_sw,2026-09-24T15:32:15.531328+00:00
801030,基础化工,000782,2021-12-13,akshare:index_component_sw,2026-09-24T15:32:15.531328+00:00
801030,基础化工,000792,2021-12-13,akshare:index_component_sw,2026-09-24T15:32:15.531328+00:00
801030,基础化工,000818,2021-12-13,akshare:index_component_sw,2026-09-24T15:32:15.531328+00:00
801030,基础化工,000822,2021-12-13,akshare:index_component_sw,2026-09-24T15:32:15.531328+00:00
801030,基础化工,000830,2021-12-13,akshare:index_component_sw,2026-09-24T15:32:15.531328+00:00
801030,基础化工,000859,2021-12-13,akshare:index_component_sw,2026-09-24T15:32:15.531328+00:00
801030,基础化工,000881,2021-12-13,akshare:index_component_sw,2026-09-24T15:32:15.531328+00:00
801030,基础化工,000893,2021-12-13,akshare:index_component_sw,2026-09-24T15:32:15.531328+00:00
801030,基础化工,000902,2021-12-13,akshare:index_component_sw,2026-09-24T15:32:15.531328+00:00
801030,基础化工,000912,2021-12-13,akshare:index_component_sw,2026-09-24T15:32:15.531328+00:00
801030,基础化工,000936,2021-12-13,akshare:index_component_sw,2026-09-24T15:32:15.531328+00:00
801030,基础化工,000973,2021-12-13,akshare:index_component_sw,2026-09-24T15:32:15.531328+00:00
801030,基础化工,000990,2021-12-13,akshare:index_component_sw,2026-09-24T15:32:15.531328+00:00
801030,基础化工,001207,2021-12-13,akshare:index_component_sw,2026-09-24T15:32:15.531328+00:00
801030,基础化工,001217,2021-12-13,akshare:index_component_sw,2026-09-24T15:32:15.531328+00:00
801030,基础化工,001218,2021-12-13,akshare:index_component_sw,2026-09-24T15:32:15.531328+00:00
801030,基础化工,002037,2021-12-13,akshare:index_component_sw,2026-09-24T15:32:15.531328+00:00
801030,基础化工,002054,2021-12-13,akshare:index_component_sw,2026-09-24T15:32:15.531328+00:00
801030,基础化工,002064,2021-12-13,akshare:index_component_sw,2026-09-24T15:32:15.531328+00:00
801030,基础化工,002068,2021-12-13,akshare:index_component_sw,2026-09-24T15:32:15.531328+00:00
801030,基础化工,002092,2021-12-13,akshare:index_component_sw,2026-09-24T15:32:15.531328+00:00
801030,基础化工,002096,2021-12-13,akshare:index_component_sw,2026-09-24T15:32:15.531328+00:00
801030,基础化工,002108,2021-12-13,akshare:index_component_sw,2026-09-24T15:32:15.531328+00:00
801030,基础化工,002109,2021-12-13,akshare:index_component_sw,2026-09-24T15:32:15.531328+00:00
801030,基础化工,002136,2021-12-13,akshare:index_component_sw,2026-09-24T15:32:15.531328+00:00
801030,基础化工,002145,2021-12-13,akshare:index_component_sw,2026-09-24T15:32:15.531328+00:00
801030,基础化工,002165,2021-12-13,akshare:index_component_sw,2026-09-24T15:32:15.531328+00:00
801030,基础化工,002170,2021-12-13,akshare:index_component_sw,2026-09-24T15:32:15.531328+00:00
801030,基础化工,002206,2021-12-13,akshare:index_component_sw,2026-09-24T15:32:15.531328+00:00
801030,基础化工,002211,2021-12-13,akshare:index_component_sw,2026-09-24T15:32:15.531328+00:00
801030,基础化工,002224,2021-12-13,akshare:index_component_sw,2026-09-24T15:32:15.531328+00:00
801030,基础化工,002226,2021-12-13,akshare:index_component_sw,2026-09-24T15:32:15.531328+00:00
801030,基础化工,002246,2021-12-13,akshare:index_component_sw,2026-09-24T15:32:15.531328+00:00
801030,基础化工,002250,2021-12-13,akshare:index_component_sw,2026-09-24T15:32:15.531328+00:00
801030,基础化工,002258,2021-12-13,akshare:index_component_sw,2026-09-24T15:32:15.531328+00:00
801030,基础化工,002263,2021-12-13,akshare:index_component_sw,2026-09-24T15:32:15.531328+00:00
801030,基础化工,002312,2021-12-13,akshare:index_component_sw,2026-09-24T15:32:15.531328+00:00
801030,基础化工,002319,2021-12-13,akshare:index_component_sw,2026-09-24T15:32:15.531328+00:00
801030,基础化工,002324,2021-12-13,akshare:index_component_sw,2026-09-24T15:32:15.531328+00:00
801030,基础化工,002326,2021-12-13,akshare:index_component_sw,2026-09-24T15:32:15.531328+00:00
801030,基础化工,002360,2021-12-13,akshare:index_component_sw,2026-09-24T15:32:15.531328+00:00
801030,基础化工,002361,2021-12-13,akshare:index_component_sw,2026-09-24T15:32:15.531328+00:00
801030,基础化工,002381,2021-12-13,akshare:index_component_sw,2026-09-24T15:32:15.531328+00:00
801030,基础化工,002386,2021-12-13,akshare:index_component_sw,2026-09-24T15:32:15.531328+00:00
801030,基础化工,002391,2021-12-13,akshare:index_component_sw,2026-09-24T15:32:15.531328+00:00
801030,基础化工,002395,2021-12-13,akshare:index_component_sw,2026-09-24T15:32:15.531328+00:00
801030,基础化工,002407,2021-12-13,akshare:index_component_sw,2026-09-24T15:32:15.531328+00:00
801030,基础化工,002427,2021-12-13,akshare:index_component_sw,2026-09-24T15:32:15.531328+00:00
801030,基础化工,002440,2021-12-13,akshare:index_component_sw,2026-09-24T15:32:15.531328+00:00
801030,基础化工,002442,2021-12-13,akshare:index_component_sw,2026-09-24T15:32:15.531328+00:00
801030,基础化工,002453,2021-12-13,akshare:index_component_sw,2026-09-24T15:32:15.531328+00:00
801030,基础化工,002455,2021-12-13,akshare:index_component_sw,2026-09-24T15:32:15.531328+00:00
801030,基础化工,002470,2021-12-13,akshare:index_component_sw,2026-09-24T15:32:15.531328+00:00
801030,基础化工,002496,2021-12-13,akshare:index_component_sw,2026-09-24T15:32:15.531328+00:00
801030,基础化工,002513,2021-12-13,akshare:index_component_sw,2026-09-24T15:32:15.531328+00:00
801030,基础化工,002522,2021-12-13,akshare:index_component_sw,2026-09-24T15:32:15.531328+00:00
801030,基础化工,002538,2021-12-13,akshare:index_component_sw,2026-09-24T15:32:15.531328+00:00
801030,基础化工,002539,2021-12-13,akshare:index_component_sw,2026-09-24T15:32:15.531328+00:00
801030,基础化工,002549,2021-12-13,akshare:index_component_sw,2026-09-24T15:32:15.531328+00:00
801030,基础化工,002562,2021-12-13,akshare:index_component_sw,2026-09-24T15:32:15.531328+00:00
801030,基础化工,002585,2021-12-13,akshare:index_component_sw,2026-09-24T15:32:15.531328+00:00
801030,基础化工,002588,2021-12-13,akshare:index_component_sw,2026-09-24T15:32:15.531328+00:00
801030,基础化工,002597,2021-12-13,akshare:index_component_sw,2026-09-24T15:32:15.531328+00:00
801030,基础化工,002601,2021-12-13,akshare:index_component_sw,2026-09-24T15:32:15.531328+00:00
801030,基础化工,002632,2021-12-13,akshare:index_component_sw,2026-09-24T15:32:15.531328+00:00
801030,基础化工,002637,2021-12-13,akshare:index_component_sw,2026-09-24T15:32:15.531328+00:00
801030,基础化工,002666,2021-12-13,akshare:index_component_sw,2026-09-24T15:32:15.531328+00:00
801030,基础化工,002669,2021-12-13,akshare:index_component_sw,2026-09-24T15:32:15.531328+00:00
801030,基础化工,002683,2021-12-13,akshare:index_component_sw,2026-09-24T15:32:15.531328+00:00
801030,基础化工,002734,2021-12-13,akshare:index_component_sw,2026-09-24T15:32:15.531328+00:00
801030,基础化工,002748,2021-12-13,akshare:index_component_sw,2026-09-24T15:32:15.531328+00:00
801030,基础化工,002749,2021-12-13,akshare:index_component_sw,2026-09-24T15:32:15.531328+00:00
801030,基础化工,002753,2021-12-13,akshare:index_component_sw,2026-09-24T15:32:15.531328+00:00
801030,基础化工,002768,2021-12-13,akshare:index_component_sw,2026-09-24T15:32:15.531328+00:00
801030,基础化工,002783,2021-12-13,akshare:index_component_sw,2026-09-24T15:32:15.531328+00:00
801030,基础化工,002802,2021-12-13,akshare:index_component_sw,2026-09-24T15:32:15.531328+00:00
801030,基础化工,002809,2021-12-13,akshare:index_component_sw,2026-09-24T15:32:15.531328+00:00
801030,基础化工,002810,2021-12-13,akshare:index_component_sw,2026-09-24T15:32:15.531328+00:00
801030,基础化工,002825,2021-12-13,akshare:index_component_sw,2026-09-24T15:32:15.531328+00:00
801030,基础化工,002827,2021-12-13,akshare:index_component_sw,2026-09-24T15:32:15.531328+00:00
801030,基础化工,002838,2021-12-13,akshare:index_component_sw,2026-09-24T15:32:15.531328+00:00
801030,基础化工,002886,2021-12-13,akshare:index_component_sw,2026-09-24T15:32:15.531328+00:00
801030,基础化工,002895,2021-12-13,akshare:index_component_sw,2026-09-24T15:32:15.531328+00:00
801030,基础化工,002909,2021-12-13,akshare:index_component_sw,2026-09-24T15:32:15.531328+00:00
801030,基础化工,002915,2021-12-13,akshare:index_component_sw,2026-09-24T15:32:15.531328+00:00
801030,基础化工,002917,2021-12-13,akshare:index_component_sw,2026-09-24T15:32:15.531328+00:00
801030,基础化工,002942,2021-12-13,akshare:index_component_sw,2026-09-24T15:32:15.531328+00:00
801030,基础化工,002971,2021-12-13,akshare:index_component_sw,2026-09-24T15:32:15.531328+00:00
801030,基础化工,002998,2021-12-13,akshare:index_component_sw,2026-09-24T15:32:15.531328+00:00
801030,基础化工,002999,2021-12-13,akshare:index_component_sw,2026-09-24T15:32:15.531328+00:00
801030,基础化工,003002,2021-12-13,akshare:index_component_sw,2026-09-24T15:32:15.531328+00:00
801030,基础化工,003017,2021-12-13,akshare:index_component_sw,2026-09-24T15:32:15.531328+00:00
801030,基础化工,003042,2021-12-13,akshare:index_component_sw,2026-09-24T15:32:15.531328+00:00
801030,基础化工,300019,2021-12-13,akshare:index_component_sw,2026-09-24T15:32:15.531328+00:00
801030,基础化工,300041,2021-12-13,akshare:index_component_sw,2026-09-24T15:32:15.531328+00:00
801030,基础化工,300067,2021-12-13,akshare:index_component_sw,2026-09-24T15:32:15.531328+00:00
801030,基础化工,300082,2021-12-13,akshare:index_component_sw,2026-09-24T15:32:15.531328+00:00
801030,基础化工,300107,2021-12-13,akshare:index_component_sw,2026-09-24T15:32:15.531328+00:00
801030,基础化工,300109,2021-12-13,akshare:index_component_sw,2026-09-24T15:32:15.531328+00:00
801030,基础化工,300121,2021-12-13,akshare:index_component_sw,2026-09-24T15:32:15.531328+00:00
801030,基础化工,300163,2021-12-13,akshare:index_component_sw,2026-09-24T15:32:15.531328+00:00
801030,基础化工,300169,2021-12-13,akshare:index_component_sw,2026-09-24T15:32:15.531328+00:00
801030,基础化工,300174,2021-12-13,akshare:index_component_sw,2026-09-24T15:32:15.531328+00:00
801030,基础化工,300180,2021-12-13,akshare:index_component_sw,2026-09-24T15:32:15.531328+00:00
801030,基础化工,300200,2021-12-13,akshare:index_component_sw,2026-09-24T15:32:15.531328+00:00
801030,基础化工,300218,2021-12-13,akshare:index_component_sw,2026-09-24T15:32:15.531328+00:00
801030,基础化工,300221,2021-12-13,akshare:index_component_sw,2026-09-24T15:32:15.531328+00:00
801030,基础化工,300225,2021-12-13,akshare:index_component_sw,2026-09-24T15:32:15.531328+00:00
801030,基础化工,300230,2021-12-13,akshare:index_component_sw,2026-09-24T15:32:15.531328+00:00
801030,基础化工,300243,2021-12-13,akshare:index_component_sw,2026-09-24T15:32:15.531328+00:00
801030,基础化工,300261,2021-12-13,akshare:index_component_sw,2026-09-24T15:32:15.531328+00:00
801030,基础化工,300305,2021-12-13,akshare:index_component_sw,2026-09-24T15:32:15.531328+00:00
801030,基础化工,300320,2021-12-13,akshare:index_component_sw,2026-09-24T15:32:15.531328+00:00
801030,基础化工,300321,2021-12-13,akshare:index_component_sw,2026-09-24T15:32:15.531328+00:00
801030,基础化工,300387,2021-12-13,akshare:index_component_sw,2026-09-24T15:32:15.531328+00:00
801030,基础化工,300405,2021-12-13,akshare:index_component_sw,2026-09-24T15:32:15.531328+00:00
801030,基础化工,300478,2021-12-13,akshare:index_component_sw,2026-09-24T15:32:15.531328+00:00
801030,基础化工,300487,2021-12-13,akshare:index_component_sw,2026-09-24T15:32:15.531328+00:00
801030,基础化工,300505,2021-12-13,akshare:index_component_sw,2026-09-24T15:32:15.531328+00:00
801030,基础化工,300522,2021-12-13,akshare:index_component_sw,2026-09-24T15:32:15.531328+00:00
801030,基础化工,300535,2021-12-13,akshare:index_component_sw,2026-09-24T15:32:15.531328+00:00
801030,基础化工,300538,2021-12-13,akshare:index_component_sw,2026-09-24T15:32:15.531328+00:00
801030,基础化工,300539,2021-12-13,akshare:index_component_sw,2026-09-24T15:32:15.531328+00:00
801030,基础化工,300575,2021-12-13,akshare:index_component_sw,2026-09-24T15:32:15.531328+00:00
801030,基础化工,300586,2021-12-13,akshare:index_component_sw,2026-09-24T15:32:15.531328+00:00
801030,基础化工,300587,2021-12-13,akshare:index_component_sw,2026-09-24T15:32:15.531328+00:00
801030,基础化工,300641,2021-12-13,akshare:index_component_sw,2026-09-24T15:32:15.531328+00:00
801030,基础化工,300644,2021-12-13,akshare:index_component_sw,2026-09-24T15:32:15.531328+00:00
801030,基础化工,300665,2021-12-13,akshare:index_component_sw,2026-09-24T15:32:15.531328+00:00
801030,基础化工,300717,2021-12-13,akshare:index_component_sw,2026-09-24T15:32:15.531328+00:00
801030,基础化工,300721,2021-12-13,akshare:index_component_sw,2026-09-24T15:32:15.531328+00:00
801030,基础化工,300727,2021-12-13,akshare:index_component_sw,2026-09-24T15:32:15.531328+00:00
801030,基础化工,300731,2021-12-13,akshare:index_component_sw,2026-09-24T15:32:15.531328+00:00
801030,基础化工,300741,2021-12-13,akshare:index_component_sw,2026-09-24T15:32:15.531328+00:00
801030,基础化工,300758,2021-12-13,akshare:index_component_sw,2026-09-24T15:32:15.531328+00:00
801030,基础化工,300767,2021-12-13,akshare:index_component_sw,2026-09-24T15:32:15.531328+00:00
801030,基础化工,300796,2021-12-13,akshare:index_component_sw,2026-09-24T15:32:15.531328+00:00
801030,基础化工,300798,2021-12-13,akshare:index_component_sw,2026-09-24T15:32:15.531328+00:00
801030,基础化工,300801,2021-12-13,akshare:index_component_sw,2026-09-24T15:32:15.531328+00:00
801030,基础化工,300806,2021-12-13,akshare:index_component_sw,2026-09-24T15:32:15.531328+00:00
801030,基础化工,300821,2021-12-13,akshare:index_component_sw,2026-09-24T15:32:15.531328+00:00
801030,基础化工,300829,2021-12-13,akshare:index_component_sw,2026-09-24T15:32:15.531328+00:00
801030,基础化工,300848,2021-12-13,akshare:index_component_sw,2026-09-24T15:32:15.531328+00:00
801030,基础化工,300858,2021-12-13,akshare:index_component_sw,2026-09-24T15:32:15.531328+00:00
801030,基础化工,300876,2021-12-13,akshare:index_component_sw,2026-09-24T15:32:15.531328+00:00
801030,基础化工,300891,2021-12-13,akshare:index_component_sw,2026-09-24T15:32:15.531328+00:00
801030,基础化工,300910,2021-12-13,akshare:index_component_sw,2026-09-24T15:32:15.531328+00:00
801030,基础化工,300920,2021-12-13,akshare:index_component_sw,2026-09-24T15:32:15.531328+00:00
801030,基础化工,300927,2021-12-13,akshare:index_component_sw,2026-09-24T15:32:15.531328+00:00
801030,基础化工,300980,2021-12-13,akshare:index_component_sw,2026-09-24T15:32:15.531328+00:00
801030,基础化工,300995,2021-12-13,akshare:index_component_sw,2026-09-24T15:32:15.531328+00:00
801030,基础化工,301003,2021-12-13,akshare:index_component_sw,2026-09-24T15:32:15.531328+00:00
801030,基础化工,301019,2021-12-13,akshare:index_component_sw,2026-09-24T15:32:15.531328+00:00
801030,基础化工,301035,2021-12-13,akshare:index_component_sw,2026-09-24T15:32:15.531328+00:00
801030,基础化工,301036,2021-12-13,akshare:index_component_sw,2026-09-24T15:32:15.531328+00:00
801030,基础化工,301037,2021-12-13,akshare:index_component_sw,2026-09-24T15:32:15.531328+00:00
801030,基础化工,301057,2021-12-13,akshare:index_component_sw,2026-09-24T15:32:15.531328+00:00
801030,基础化工,301059,2021-12-13,akshare:index_component_sw,2026-09-24T15:32:15.531328+00:00
801030,基础化工,301069,2021-12-13,akshare:index_component_sw,2026-09-24T15:32:15.531328+00:00
801030,基础化工,301071,2021-12-13,akshare:index_component_sw,2026-09-24T15:32:15.531328+00:00
801030,基础化工,301076,2021-12-13,akshare:index_component_sw,2026-09-24T15:32:15.531328+00:00
801030,基础化工,301077,2021-12-13,akshare:index_component_sw,2026-09-24T15:32:15.531328+00:00
801030,基础化工,301092,2021-12-13,akshare:index_component_sw,2026-09-24T15:32:15.531328+00:00
801030,基础化工,301100,2021-12-13,akshare:index_component_sw,2026-09-24T15:32:15.531328+00:00
801030,基础化工,301118,2021-12-13,akshare:index_component_sw,2026-09-24T15:32:15.531328+00:00
801030,基础化工,301149,2021-12-13,akshare:index_component_sw,2026-09-24T15:32:15.531328+00:00
801030,基础化工,600063,2021-12-13,akshare:index_component_sw,2026-09-24T15:32:15.531328+00:00
801030,基础化工,600075,2021-12-13,akshare:index_component_sw,2026-09-24T15:32:15.531328+00:00
801030,基础化工,600078,2021-12-13,akshare:index_component_sw,2026-09-24T15:32:15.531328+00:00
801030,基础化工,600096,2021-12-13,akshare:index_component_sw,2026-09-24T15:32:15.531328+00:00
801030,基础化工,600135,2021-12-13,akshare:index_component_sw,2026-09-24T15:32:15.531328+00:00
801030,基础化工,600141,2021-12-13,akshare:index_component_sw,2026-09-24T15:32:15.531328+00:00
801030,基础化工,600143,2021-12-13,akshare:index_component_sw,2026-09-24T15:32:15.531328+00:00
801030,基础化工,600160,2021-12-13,akshare:index_component_sw,2026-09-24T15:32:15.531328+00:00
801030,基础化工,600165,2021-12-13,akshare:index_component_sw,2026-09-24T15:32:15.531328+00:00
801030,基础化工,600230,2021-12-13,akshare:index_component_sw,2026-09-24T15:32:15.531328+00:00
801030,基础化工,600273,2021-12-13,akshare:index_component_sw,2026-09-24T15:32:15.531328+00:00
801030,基础化工,600299,2021-12-13,akshare:index_component_sw,2026-09-24T15:32:15.531328+00:00
801030,基础化工,600309,2021-12-13,akshare:index_component_sw,2026-09-24T15:32:15.531328+00:00
801030,基础化工,600319,2021-12-13,akshare:index_component_sw,2026-09-24T15:32:15.531328+00:00
801030,基础化工,600328,2021-12-13,akshare:index_component_sw,2026-09-24T15:32:15.531328+00:00
801030,基础化工,600352,2021-12-13,akshare:index_component_sw,2026-09-24T15:32:15.531328+00:00
801030,基础化工,600367,2021-12-13,akshare:index_component_sw,2026-09-24T15:32:15.531328+00:00
801030,基础化工,600378,2021-12-13,akshare:index_component_sw,2026-09-24T15:32:15.531328+00:00
801030,基础化工,600389,2021-12-13,akshare:index_component_sw,2026-09-24T15:32:15.531328+00:00
801030,基础化工,600470,2021-12-13,akshare:index_component_sw,2026-09-24T15:32:15.531328+00:00
801030,基础化工,600486,2021-12-13,akshare:index_component_sw,2026-09-24T15:32:15.531328+00:00
801030,基础化工,600500,2021-12-13,akshare:index_component_sw,2026-09-24T15:32:15.531328+00:00
801030,基础化工,600610,2021-12-13,akshare:index_component_sw,2026-09-24T15:32:15.531328+00:00
801030,基础化工,600618,2021-12-13,akshare:index_component_sw,2026-09-24T15:32:15.531328+00:00
801030,基础化工,600623,2021-12-13,akshare:index_component_sw,2026-09-24T15:32:15.531328+00:00
801030,基础化工,600691,2021-12-13,akshare:index_component_sw,2026-09-24T15:32:15.531328+00:00
801030,基础化工,600714,2021-12-13,akshare:index_component_sw,2026-09-24T15:32:15.531328+00:00
801030,基础化工,600727,2021-12-13,akshare:index_component_sw,2026-09-24T15:32:15.531328+00:00
801030,基础化工,600731,2021-12-13,akshare:index_component_sw,2026-09-24T15:32:15.531328+00:00
801030,基础化工,600746,2021-12-13,akshare:index_component_sw,2026-09-24T15:32:15.531328+00:00
801030,基础化工,600810,2021-12-13,akshare:index_component_sw,2026-09-24T15:32:15.531328+00:00
801030,基础化工,600844,2021-12-13,akshare:index_component_sw,2026-09-24T15:32:15.531328+00:00
801030,基础化工,600866,2021-12-13,akshare:index_component_sw,2026-09-24T15:32:15.531328+00:00
801030,基础化工,600929,2021-12-13,akshare:index_component_sw,2026-09-24T15:32:15.531328+00:00
801030,基础化工,600935,2021-12-13,akshare:index_component_sw,2026-09-24T15:32:15.531328+00:00
801030,基础化工,600955,2021-12-13,akshare:index_component_sw,2026-09-24T15:32:15.531328+00:00
801030,基础化工,600989,2021-12-13,akshare:index_component_sw,2026-09-24T15:32:15.531328+00:00
801030,基础化工,601208,2021-12-13,akshare:index_component_sw,2026-09-24T15:32:15.531328+00:00
801030,基础化工,601216,2021-12-13,akshare:index_component_sw,2026-09-24T15:32:15.531328+00:00
801030,基础化工,601568,2021-12-13,akshare:index_component_sw,2026-09-24T15:32:15.531328+00:00
801030,基础化工,601678,2021-12-13,akshare:index_component_sw,2026-09-24T15:32:15.531328+00:00
801030,基础化工,603020,2021-12-13,akshare:index_component_sw,2026-09-24T15:32:15.531328+00:00
801030,基础化工,603033,2021-12-13,akshare:index_component_sw,2026-09-24T15:32:15.531328+00:00
801030,基础化工,603041,2021-12-13,akshare:index_component_sw,2026-09-24T15:32:15.531328+00:00
801030,基础化工,603067,2021-12-13,akshare:index_component_sw,2026-09-24T15:32:15.531328+00:00
801030,基础化工,603086,2021-12-13,akshare:index_component_sw,2026-09-24T15:32:15.531328+00:00
801030,基础化工,603110,2021-12-13,akshare:index_component_sw,2026-09-24T15:32:15.531328+00:00
801030,基础化工,603155,2021-12-13,akshare:index_component_sw,2026-09-24T15:32:15.531328+00:00
801030,基础化工,603188,2021-12-13,akshare:index_component_sw,2026-09-24T15:32:15.531328+00:00
801030,基础化工,603192,2021-12-13,akshare:index_component_sw,2026-09-24T15:32:15.531328+00:00
801030,基础化工,603213,2021-12-13,akshare:index_component_sw,2026-09-24T15:32:15.531328+00:00
801030,基础化工,603217,2021-12-13,akshare:index_component_sw,2026-09-24T15:32:15.531328+00:00
801030,基础化工,603225,2021-12-13,akshare:index_component_sw,2026-09-24T15:32:15.531328+00:00
801030,基础化工,603227,2021-12-13,akshare:index_component_sw,2026-09-24T15:32:15.531328+00:00
801030,基础化工,603299,2021-12-13,akshare:index_component_sw,2026-09-24T15:32:15.531328+00:00
801030,基础化工,603330,2021-12-13,akshare:index_component_sw,2026-09-24T15:32:15.531328+00:00
801030,基础化工,603332,2021-12-13,akshare:index_component_sw,2026-09-24T15:32:15.531328+00:00
801030,基础化工,603360,2021-12-13,akshare:index_component_sw,2026-09-24T15:32:15.531328+00:00
801030,基础化工,603379,2021-12-13,akshare:index_component_sw,2026-09-24T15:32:15.531328+00:00
801030,基础化工,603505,2021-12-13,akshare:index_component_sw,2026-09-24T15:32:15.531328+00:00
801030,基础化工,603580,2021-12-13,akshare:index_component_sw,2026-09-24T15:32:15.531328+00:00
801030,基础化工,603585,2021-12-13,akshare:index_component_sw,2026-09-24T15:32:15.531328+00:00
801030,基础化工,603599,2021-12-13,akshare:index_component_sw,2026-09-24T15:32:15.531328+00:00
801030,基础化工,603612,2021-12-13,akshare:index_component_sw,2026-09-24T15:32:15.531328+00:00
801030,基础化工,603639,2021-12-13,akshare:index_component_sw,2026-09-24T15:32:15.531328+00:00
801030,基础化工,603650,2021-12-13,akshare:index_component_sw,2026-09-24T15:32:15.531328+00:00
801030,基础化工,603663,2021-12-13,akshare:index_component_sw,2026-09-24T15:32:15.531328+00:00
801030,基础化工,603681,2021-12-13,akshare:index_component_sw,2026-09-24T15:32:15.531328+00:00
801030,基础化工,603683,2021-12-13,akshare:index_component_sw,2026-09-24T15:32:15.531328+00:00
801030,基础化工,603688,2021-12-13,akshare:index_component_sw,2026-09-24T15:32:15.531328+00:00
801030,基础化工,603790,2021-12-13,akshare:index_component_sw,2026-09-24T15:32:15.531328+00:00
801030,基础化工,603810,2021-12-13,akshare:index_component_sw,2026-09-24T15:32:15.531328+00:00
801030,基础化工,603822,2021-12-13,akshare:index_component_sw,2026-09-24T15:32:15.531328+00:00
801030,基础化工,603823,2021-12-13,akshare:index_component_sw,2026-09-24T15:32:15.531328+00:00
801030,基础化工,603826,2021-12-13,akshare:index_component_sw,2026-09-24T15:32:15.531328+00:00
801030,基础化工,603867,2021-12-13,akshare:index_component_sw,2026-09-24T15:32:15.531328+00:00
801030,基础化工,603879,2021-12-13,akshare:index_component_sw,2026-09-24T15:32:15.531328+00:00
801030,基础化工,603916,2021-12-13,akshare:index_component_sw,2026-09-24T15:32:15.531328+00:00
801030,基础化工,603928,2021-12-13,akshare:index_component_sw,2026-09-24T15:32:15.531328+00:00
801030,基础化工,603948,2021-12-13,akshare:index_component_sw,2026-09-24T15:32:15.531328+00:00
801030,基础化工,603968,2021-12-13,akshare:index_component_sw,2026-09-24T15:32:15.531328+00:00
801030,基础化工,603970,2021-12-13,akshare:index_component_sw,2026-09-24T15:32:15.531328+00:00
801030,基础化工,603977,2021-12-13,akshare:index_component_sw,2026-09-24T15:32:15.531328+00:00
801030,基础化工,603980,2021-12-13,akshare:index_component_sw,2026-09-24T15:32:15.531328+00:00
801030,基础化工,605008,2021-12-13,akshare:index_component_sw,2026-09-24T15:32:15.531328+00:00
801030,基础化工,605016,2021-12-13,akshare:index_component_sw,2026-09-24T15:32:15.531328+00:00
801030,基础化工,605020,2021-12-13,akshare:index_component_sw,2026-09-24T15:32:15.531328+00:00
801030,基础化工,605033,2021-12-13,akshare:index_component_sw,2026-09-24T15:32:15.531328+00:00
801030,基础化工,605077,2021-12-13,akshare:index_component_sw,2026-09-24T15:32:15.531328+00:00
801030,基础化工,605086,2021-12-13,akshare:index_component_sw,2026-09-24T15:32:15.531328+00:00
801030,基础化工,605166,2021-12-13,akshare:index_component_sw,2026-09-24T15:32:15.531328+00:00
801030,基础化工,605183,2021-12-13,akshare:index_component_sw,2026-09-24T15:32:15.531328+00:00
801030,基础化工,605366,2021-12-13,akshare:index_component_sw,2026-09-24T15:32:15.531328+00:00
801030,基础化工,605399,2021-12-13,akshare:index_component_sw,2026-09-24T15:32:15.531328+00:00
801030,基础化工,605566,2021-12-13,akshare:index_component_sw,2026-09-24T15:32:15.531328+00:00
801030,基础化工,605589,2021-12-13,akshare:index_component_sw,2026-09-24T15:32:15.531328+00:00
801030,基础化工,688065,2021-12-13,akshare:index_component_sw,2026-09-24T15:32:15.531328+00:00
801030,基础化工,688089,2021-12-13,akshare:index_component_sw,2026-09-24T15:32:15.531328+00:00
801030,基础化工,688129,2021-12-13,akshare:index_component_sw,2026-09-24T15:32:15.531328+00:00
801030,基础化工,688133,2021-12-13,akshare:index_component_sw,2026-09-24T15:32:15.531328+00:00
801030,基础化工,688157,2021-12-13,akshare:index_component_sw,2026-09-24T15:32:15.531328+00:00
801030,基础化工,688179,2021-12-13,akshare:index_component_sw,2026-09-24T15:32:15.531328+00:00
801030,基础化工,688196,2021-12-13,akshare:index_component_sw,2026-09-24T15:32:15.531328+00:00
801030,基础化工,688199,2021-12-13,akshare:index_component_sw,2026-09-24T15:32:15.531328+00:00
801030,基础化工,688219,2021-12-13,akshare:index_component_sw,2026-09-24T15:32:15.531328+00:00
801030,基础化工,688300,2021-12-13,akshare:index_component_sw,2026-09-24T15:32:15.531328+00:00
801030,基础化工,688323,2021-12-13,akshare:index_component_sw,2026-09-24T15:32:15.531328+00:00
801030,基础化工,688350,2021-12-13,akshare:index_component_sw,2026-09-24T15:32:15.531328+00:00
801030,基础化工,688386,2021-12-13,akshare:index_component_sw,2026-09-24T15:32:15.531328+00:00
801030,基础化工,688398,2021-12-13,akshare:index_component_sw,2026-09-24T15:32:15.531328+00:00
801030,基础化工,688571,2021-12-13,akshare:index_component_sw,2026-09-24T15:32:15.531328+00:00
801030,基础化工,688585,2021-12-13,akshare:index_component_sw,2026-09-24T15:32:15.531328+00:00
801030,基础化工,688625,2021-12-13,akshare:index_component_sw,2026-09-24T15:32:15.531328+00:00
801030,基础化工,688639,2021-12-13,akshare:index_component_sw,2026-09-24T15:32:15.531328+00:00
801030,基础化工,688659,2021-12-13,akshare:index_component_sw,2026-09-24T15:32:15.531328+00:00
801030,基础化工,688669,2021-12-13,akshare:index_component_sw,2026-09-24T15:32:15.531328+00:00
801030,基础化工,688718,2021-12-13,akshare:index_component_sw,2026-09-24T15:32:15.531328+00:00
801030,基础化工,688722,2021-12-13,akshare:index_component_sw,2026-09-24T15:32:15.531328+00:00
801030,基础化工,001296,2021-12-24,akshare:index_component_sw,2026-09-24T15:32:15.531328+00:00
801030,基础化工,301196,2022-01-11,akshare:index_component_sw,2026-09-24T15:32:15.531328+00:00
801030,基础化工,603150,2022-01-24,akshare:index_component_sw,2026-09-24T15:32:15.531328+00:00
801030,基础化工,301206,2022-02-10,akshare:index_component_sw,2026-09-24T15:32:15.531328+00:00
801030,基础化工,688267,2022-02-16,akshare:index_component_sw,2026-09-24T15:32:15.531328+00:00
801030,基础化工,301131,2022-03-14,akshare:index_component_sw,2026-09-24T15:32:15.531328+00:00
801030,基础化工,301256,2022-03-22,akshare:index_component_sw,2026-09-24T15:32:15.531328+00:00
801030,基础化工,301237,2022-03-23,akshare:index_component_sw,2026-09-24T15:32:15.531328+00:00
801030,基础化工,603051,2022-03-25,akshare:index_component_sw,2026-09-24T15:32:15.531328+00:00
801030,基础化工,688295,2022-04-06,akshare:index_component_sw,2026-09-24T15:32:15.531328+00:00
801030,基础化工,301212,2022-04-19,akshare:index_component_sw,2026-09-24T15:32:15.531328+00:00
801030,基础化工,301286,2022-06-14,akshare:index_component_sw,2026-09-24T15:32:15.531328+00:00
801030,基础化工,301156,2022-06-17,akshare:index_component_sw,2026-09-24T15:32:15.531328+00:00
801030,基础化工,301220,2022-06-22,akshare:index_component_sw,2026-09-24T15:32:15.531328+00:00
801030,基础化工,603235,2022-07-12,akshare:index_component_sw,2026-09-24T15:32:15.531328+00:00
801030,基础化工,000422,2022-08-01,akshare:index_component_sw,2026-09-24T15:32:15.531328+00:00
801030,基础化工,000691,2022-08-01,akshare:index_component_sw,2026-09-24T15:32:15.531328+00:00
801030,基础化工,000920,2022-08-01,akshare:index_component_sw,2026-09-24T15:32:15.531328+00:00
801030,基础化工,002166,2022-08-01,akshare:index_component_sw,2026-09-24T15:32:15.531328+00:00
801030,基础化工,002274,2022-08-01,akshare:index_component_sw,2026-09-24T15:32:15.531328+00:00
801030,基础化工,002545,2022-08-01,akshare:index_component_sw,2026-09-24T15:32:15.531328+00:00
801030,基础化工,002591,2022-08-01,akshare:index_component_sw,2026-09-24T15:32:15.531328+00:00
801030,基础化工,002648,2022-08-01,akshare:index_component_sw,2026-09-24T15:32:15.531328+00:00
801030,基础化工,300214,2022-08-01,akshare:index_component_sw,2026-09-24T15:32:15.531328+00:00
801030,基础化工,300596,2022-08-01,akshare:index_component_sw,2026-09-24T15:32:15.531328+00:00
801030,基础化工,300610,2022-08-01,akshare:index_component_sw,2026-09-24T15:32:15.531328+00:00
801030,基础化工,300637,2022-08-01,akshare:index_component_sw,2026-09-24T15:32:15.531328+00:00
801030,基础化工,300834,2022-08-01,akshare:index_component_sw,2026-09-24T15:32:15.531328+00:00
801030,基础化工,301090,2022-08-01,akshare:index_component_sw,2026-09-24T15:32:15.531328+00:00
801030,基础化工,301216,2022-08-01,akshare:index_component_sw,2026-09-24T15:32:15.531328+00:00
801030,基础化工,600227,2022-08-01,akshare:index_component_sw,2026-09-24T15:32:15.531328+00:00
801030,基础化工,600331,2022-08-01,akshare:index_component_sw,2026-09-24T15:32:15.531328+00:00
801030,基础化工,600370,2022-08-01,akshare:index_component_sw,2026-09-24T15:32:15.531328+00:00
801030,基础化工,600409,2022-08-01,akshare:index_component_sw,2026-09-24T15:32:15.531328+00:00
801030,基础化工,600426,2022-08-01,akshare:index_component_sw,2026-09-24T15:32:15.531328+00:00
801030,基础化工,600722,2022-08-01,akshare:index_component_sw,2026-09-24T15:32:15.531328+00:00
801030,基础化工,600873,2022-08-01,akshare:index_component_sw,2026-09-24T15:32:15.531328+00:00
801030,基础化工,603010,2022-08-01,akshare:index_component_sw,2026-09-24T15:32:15.531328+00:00
801030,基础化工,603077,2022-08-01,akshare:index_component_sw,2026-09-24T15:32:15.531328+00:00
801030,基础化工,603181,2022-08-01,akshare:index_component_sw,2026-09-24T15:32:15.531328+00:00
801030,基础化工,603260,2022-08-01,akshare:index_component_sw,2026-09-24T15:32:15.531328+00:00
801030,基础化工,603722,2022-08-01,akshare:index_component_sw,2026-09-24T15:32:15.531328+00:00
801030,基础化工,603739,2022-08-01,akshare:index_component_sw,2026-09-24T15:32:15.531328+00:00
801030,基础化工,603938,2022-08-01,akshare:index_component_sw,2026-09-24T15:32:15.531328+00:00
801030,基础化工,605488,2022-08-01,akshare:index_component_sw,2026-09-24T15:32:15.531328+00:00
801030,基础化工,688269,2022-08-01,akshare:index_component_sw,2026-09-24T15:32:15.531328+00:00
801030,基础化工,688357,2022-08-01,akshare:index_component_sw,2026-09-24T15:32:15.531328+00:00
801030,基础化工,688203,2022-08-16,akshare:index_component_sw,2026-09-24T15:32:15.531328+00:00
801030,基础化工,603255,2022-08-18,akshare:index_component_sw,2026-09-24T15:32:15.531328+00:00
801030,基础化工,001231,2022-08-19,akshare:index_component_sw,2026-09-24T15:32:15.531328+00:00
801030,基础化工,301300,2022-08-19,akshare:index_component_sw,2026-09-24T15:32:15.531328+00:00
801030,基础化工,301209,2022-08-25,akshare:index_component_sw,2026-09-24T15:32:15.531328+00:00
801030,基础化工,301283,2022-09-02,akshare:index_component_sw,2026-09-24T15:32:15.531328+00:00
801030,基础化工,001255,2022-09-30,akshare:index_component_sw,2026-09-24T15:32:15.531328+00:00
801030,基础化工,001333,2022-12-08,akshare:index_component_sw,2026-09-24T15:32:15.531328+00:00
801030,基础化工,603281,2023-01-31,akshare:index_component_sw,2026-09-24T15:32:15.531328+00:00
801030,基础化工,301373,2023-02-08,akshare:index_component_sw,2026-09-24T15:32:15.531328+00:00
801030,基础化工,603073,2023-03-15,akshare:index_component_sw,2026-09-24T15:32:15.531328+00:00
801030,基础化工,603065,2023-03-21,akshare:index_component_sw,2026-09-24T15:32:15.531328+00:00
801030,基础化工,601065,2023-04-10,akshare:index_component_sw,2026-09-24T15:32:15.531328+00:00
801030,基础化工,603125,2023-04-10,akshare:index_component_sw,2026-09-24T15:32:15.531328+00:00
801030,基础化工,603172,2023-05-10,akshare:index_component_sw,2026-09-24T15:32:15.531328+00:00
801030,基础化工,300804,2023-06-27,akshare:index_component_sw,2026-09-24T15:32:15.531328+00:00
801030,基础化工,301395,2023-07-03,akshare:index_component_sw,2026-09-24T15:32:15.531328+00:00
801030,基础化工,002254,2023-07-06,akshare:index_component_sw,2026-09-24T15:32:15.531328+00:00
801030,基础化工,300343,2023-07-06,akshare:index_component_sw,2026-09-24T15:32:15.531328+00:00
801030,基础化工,600596,2023-07-06,akshare:index_component_sw,2026-09-24T15:32:15.531328+00:00
801030,基础化工,301518,2023-08-03,akshare:index_component_sw,2026-09-24T15:32:15.531328+00:00
801030,基础化工,300072,2023-08-23,akshare:index_component_sw,2026-09-24T15:32:15.531328+00:00
801030,基础化工,688716,2023-09-20,akshare:index_component_sw,2026-09-24T15:32:15.531328+00:00
801030,基础化工,603276,2023-09-22,akshare:index_component_sw,2026-09-24T15:32:15.531328+00:00
801030,基础化工,001378,2023-10-30,akshare:index_component_sw,2026-09-24T15:32:15.531328+00:00
801030,基础化工,301555,2023-10-31,akshare:index_component_sw,2026-09-24T15:32:15.531328+00:00
801030,基础化工,603062,2023-11-07,akshare:index_component_sw,2026-09-24T15:32:15.531328+00:00
801030,基础化工,301459,2023-12-01,akshare:index_component_sw,2026-09-24T15:32:15.531328+00:00
801030,基础化工,001358,2023-12-21,akshare:index_component_sw,2026-09-24T15:32:15.531328+00:00
801030,基础化工,603004,2023-12-27,akshare:index_component_sw,2026-09-24T15:32:15.531328+00:00
801030,基础化工,301591,2024-02-28,akshare:index_component_sw,2026-09-24T15:32:15.531328+00:00
801030,基础化工,301538,2024-03-20,akshare:index_component_sw,2026-09-24T15:32:15.531328+00:00
801030,基础化工,001359,2024-03-28,akshare:index_component_sw,2026-09-24T15:32:15.531328+00:00
801030,基础化工,603113,2024-05-22,akshare:index_component_sw,2026-09-24T15:32:15.531328+00:00
801030,基础化工,301565,2024-06-20,akshare:index_component_sw,2026-09-24T15:32:15.531328+00:00
801030,基础化工,603285,2024-07-05,akshare:index_component_sw,2026-09-24T15:32:15.531328+00:00
801030,基础化工,000949,2024-07-31,akshare:index_component_sw,2026-09-24T15:32:15.531328+00:00
801030,基础化工,002430,2024-07-31,akshare:index_component_sw,2026-09-24T15:32:15.531328+00:00
801030,基础化工,002497,2024-07-31,akshare:index_component_sw,2026-09-24T15:32:15.531328+00:00
801030,基础化工,300905,2024-07-31,akshare:index_component_sw,2026-09-24T15:32:15.531328+00:00
801030,基础化工,301190,2024-07-31,akshare:index_component_sw,2026-09-24T15:32:15.531328+00:00
801030,基础化工,600423,2024-07-31,akshare:index_component_sw,2026-09-24T15:32:15.531328+00:00
801030,基础化工,603079,2024-07-31,akshare:index_component_sw,2026-09-24T15:32:15.531328+00:00
801030,基础化工,002001,2024-08-09,akshare:index_component_sw,2026-09-24T15:32:15.531328+00:00
801030,基础化工,603310,2024-08-14,akshare:index_component_sw,2026-09-24T15:32:15.531328+00:00
801030,基础化工,301618,2024-09-30,akshare:index_component_sw,2026-09-24T15:32:15.531328+00:00
801030,基础化工,603395,2024-11-26,akshare:index_component_sw,2026-09-24T15:32:15.531328+00:00
801030,基础化工,301617,2024-12-11,akshare:index_component_sw,2026-09-24T15:32:15.531328+00:00
801030,基础化工,301585,2024-12-20,akshare:index_component_sw,2026-09-24T15:32:15.531328+00:00
801030,基础化工,301665,2025-04-11,akshare:index_component_sw,2026-09-24T15:32:15.531328+00:00
801030,基础化工,001335,2025-04-15,akshare:index_component_sw,2026-09-24T15:32:15.531328+00:00
801030,基础化工,603120,2025-04-16,akshare:index_component_sw,2026-09-24T15:32:15.531328+00:00
801030,基础化工,688602,2025-04-28,akshare:index_component_sw,2026-09-24T15:32:15.531328+00:00
801030,基础化工,603382,2025-06-11,akshare:index_component_sw,2026-09-24T15:32:15.531328+00:00
801030,基础化工,603406,2025-08-08,akshare:index_component_sw,2026-09-24T15:32:15.531328+00:00
801030,基础化工,600784,2025-08-13,akshare:index_component_sw,2026-09-24T15:32:15.531328+00:00
801030,基础化工,601113,2025-08-13,akshare:index_component_sw,2026-09-24T15:32:15.531328+00:00
801030,基础化工,601026,2025-10-17,akshare:index_component_sw,2026-09-24T15:32:15.531328+00:00
801030,基础化工,603334,2025-11-05,akshare:index_component_sw,2026-09-24T15:32:15.531328+00:00
801030,基础化工,002758,2025-12-03,akshare:index_component_sw,2026-09-24T15:32:15.531328+00:00
801030,基础化工,001325,2025-12-18,akshare:index_component_sw,2026-09-24T15:32:15.531328+00:00
801030,基础化工,001369,2025-12-30,akshare:index_component_sw,2026-09-24T15:32:15.531328+00:00
801030,基础化工,301687,2025-12-31,akshare:index_component_sw,2026-09-24T15:32:15.531328+00:00
801030,基础化工,301683,2026-04-01,akshare:index_component_sw,2026-09-24T15:32:15.531328+00:00
801030,基础化工,603435,2026-05-22,akshare:index_component_sw,2026-09-24T15:32:15.531328+00:00
801030,基础化工,000408,2026-07-02,akshare:index_component_sw,2026-09-24T15:32:15.531328+00:00
801030,基础化工,300886,2026-07-02,akshare:index_component_sw,2026-09-24T15:32:15.531328+00:00
801030,基础化工,688598,2026-07-02,akshare:index_component_sw,2026-09-24T15:32:15.531328+00:00
801030,基础化工,301688,2026-09-02,akshare:index_component_sw,2026-09-24T15:32:15.531328+00:00
801030,基础化工,000420,2021-12-13,akshare:index_component_sw,2026-09-24T15:32:15.531328+00:00
801040,钢铁,000655,2021-12-13,akshare:index_component_sw,2026-09-24T15:32:15.614781+00:00
801040,钢铁,000708,2021-12-13,akshare:index_component_sw,2026-09-24T15:32:15.614781+00:00
801040,钢铁,000709,2021-12-13,akshare:index_component_sw,2026-09-24T15:32:15.614781+00:00
801040,钢铁,000717,2021-12-13,akshare:index_component_sw,2026-09-24T15:32:15.614781+00:00
801040,钢铁,000761,2021-12-13,akshare:index_component_sw,2026-09-24T15:32:15.614781+00:00
801040,钢铁,000778,2021-12-13,akshare:index_component_sw,2026-09-24T15:32:15.614781+00:00
801040,钢铁,000825,2021-12-13,akshare:index_component_sw,2026-09-24T15:32:15.614781+00:00
801040,钢铁,000898,2021-12-13,akshare:index_component_sw,2026-09-24T15:32:15.614781+00:00
801040,钢铁,000923,2021-12-13,akshare:index_component_sw,2026-09-24T15:32:15.614781+00:00
801040,钢铁,000932,2021-12-13,akshare:index_component_sw,2026-09-24T15:32:15.614781+00:00
801040,钢铁,000959,2021-12-13,akshare:index_component_sw,2026-09-24T15:32:15.614781+00:00
801040,钢铁,001203,2021-12-13,akshare:index_component_sw,2026-09-24T15:32:15.614781+00:00
801040,钢铁,002075,2021-12-13,akshare:index_component_sw,2026-09-24T15:32:15.614781+00:00
801040,钢铁,002110,2021-12-13,akshare:index_component_sw,2026-09-24T15:32:15.614781+00:00
801040,钢铁,002318,2021-12-13,akshare:index_component_sw,2026-09-24T15:32:15.614781+00:00
801040,钢铁,002443,2021-12-13,akshare:index_component_sw,2026-09-24T15:32:15.614781+00:00
801040,钢铁,002478,2021-12-13,akshare:index_component_sw,2026-09-24T15:32:15.614781+00:00
801040,钢铁,300881,2021-12-13,akshare:index_component_sw,2026-09-24T15:32:15.614781+00:00
801040,钢铁,600010,2021-12-13,akshare:index_component_sw,2026-09-24T15:32:15.614781+00:00
801040,钢铁,600019,2021-12-13,akshare:index_component_sw,2026-09-24T15:32:15.614781+00:00
801040,钢铁,600022,2021-12-13,akshare:index_component_sw,2026-09-24T15:32:15.614781+00:00
801040,钢铁,600117,2021-12-13,akshare:index_component_sw,2026-09-24T15:32:15.614781+00:00
801040,钢铁,600126,2021-12-13,akshare:index_component_sw,2026-09-24T15:32:15.614781+00:00
801040,钢铁,600231,2021-12-13,akshare:index_component_sw,2026-09-24T15:32:15.614781+00:00
801040,钢铁,600295,2021-12-13,akshare:index_component_sw,2026-09-24T15:32:15.614781+00:00
801040,钢铁,600307,2021-12-13,akshare:index_component_sw,2026-09-24T15:32:15.614781+00:00
801040,钢铁,600399,2021-12-13,akshare:index_component_sw,2026-09-24T15:32:15.614781+00:00
801040,钢铁,600507,2021-12-13,akshare:index_component_sw,2026-09-24T15:32:15.614781+00:00
801040,钢铁,600516,2021-12-13,akshare:index_component_sw,2026-09-24T15:32:15.614781+00:00
801040,钢铁,600569,2021-12-13,akshare:index_component_sw,2026-09-24T15:32:15.614781+00:00
801040,钢铁,600581,2021-12-13,akshare:index_component_sw,2026-09-24T15:32:15.614781+00:00
801040,钢铁,600782,2021-12-13,akshare:index_component_sw,2026-09-24T15:32:15.614781+00:00
801040,钢铁,600808,2021-12-13,akshare:index_component_sw,2026-09-24T15:32:15.614781+00:00
801040,钢铁,601003,2021-12-13,akshare:index_component_sw,2026-09-24T15:32:15.614781+00:00
801040,钢铁,601005,2021-12-13,akshare:index_component_sw,2026-09-24T15:32:15.614781+00:00
801040,钢铁,601686,2021-12-13,akshare:index_component_sw,2026-09-24T15:32:15.614781+00:00
801040,钢铁,601969,2021-12-13,akshare:index_component_sw,2026-09-24T15:32:15.614781+00:00
801040,钢铁,603878,2021-12-13,akshare:index_component_sw,2026-09-24T15:32:15.614781+00:00
801040,钢铁,603995,2021-12-13,akshare:index_component_sw,2026-09-24T15:32:15.614781+00:00
801040,钢铁,600382,2022-08-01,akshare:index_component_sw,2026-09-24T15:32:15.614781+00:00
801040,钢铁,601121,2023-03-10,akshare:index_component_sw,2026-09-24T15:32:15.614781+00:00
801040,钢铁,600282,2026-07-02,akshare:index_component_sw,2026-09-24T15:32:15.614781+00:00
801040,钢铁,601123,2026-09-01,akshare:index_component_sw,2026-09-24T15:32:15.614781+00:00
801040,钢铁,000629,2021-12-13,akshare:index_component_sw,2026-09-24T15:32:15.614781+00:00
801050,有色金属,000426,2021-12-13,akshare:index_component_sw,2026-09-24T15:32:15.855498+00:00
801050,有色金属,000603,2021-12-13,akshare:index_component_sw,2026-09-24T15:32:15.855498+00:00
801050,有色金属,000612,2021-12-13,akshare:index_component_sw,2026-09-24T15:32:15.855498+00:00
801050,有色金属,000630,2021-12-13,akshare:index_component_sw,2026-09-24T15:32:15.855498+00:00
801050,有色金属,000633,2021-12-13,akshare:index_component_sw,2026-09-24T15:32:15.855498+00:00
801050,有色金属,000657,2021-12-13,akshare:index_component_sw,2026-09-24T15:32:15.855498+00:00
801050,有色金属,000751,2021-12-13,akshare:index_component_sw,2026-09-24T15:32:15.855498+00:00
801050,有色金属,000758,2021-12-13,akshare:index_component_sw,2026-09-24T15:32:15.855498+00:00
801050,有色金属,000762,2021-12-13,akshare:index_component_sw,2026-09-24T15:32:15.855498+00:00
801050,有色金属,000795,2021-12-13,akshare:index_component_sw,2026-09-24T15:32:15.855498+00:00
801050,有色金属,000807,2021-12-13,akshare:index_component_sw,2026-09-24T15:32:15.855498+00:00
801050,有色金属,000831,2021-12-13,akshare:index_component_sw,2026-09-24T15:32:15.855498+00:00
801050,有色金属,000878,2021-12-13,akshare:index_component_sw,2026-09-24T15:32:15.855498+00:00
801050,有色金属,000933,2021-12-13,akshare:index_component_sw,2026-09-24T15:32:15.855498+00:00
801050,有色金属,000960,2021-12-13,akshare:index_component_sw,2026-09-24T15:32:15.855498+00:00
801050,有色金属,000962,2021-12-13,akshare:index_component_sw,2026-09-24T15:32:15.855498+00:00
801050,有色金属,000969,2021-12-13,akshare:index_component_sw,2026-09-24T15:32:15.855498+00:00
801050,有色金属,000970,2021-12-13,akshare:index_component_sw,2026-09-24T15:32:15.855498+00:00
801050,有色金属,000975,2021-12-13,akshare:index_component_sw,2026-09-24T15:32:15.855498+00:00
801050,有色金属,002114,2021-12-13,akshare:index_component_sw,2026-09-24T15:32:15.855498+00:00
801050,有色金属,002149,2021-12-13,akshare:index_component_sw,2026-09-24T15:32:15.855498+00:00
801050,有色金属,002155,2021-12-13,akshare:index_component_sw,2026-09-24T15:32:15.855498+00:00
801050,有色金属,002160,2021-12-13,akshare:index_component_sw,2026-09-24T15:32:15.855498+00:00
801050,有色金属,002167,2021-12-13,akshare:index_component_sw,2026-09-24T15:32:15.855498+00:00
801050,有色金属,002171,2021-12-13,akshare:index_component_sw,2026-09-24T15:32:15.855498+00:00
801050,有色金属,002182,2021-12-13,akshare:index_component_sw,2026-09-24T15:32:15.855498+00:00
801050,有色金属,002203,2021-12-13,akshare:index_component_sw,2026-09-24T15:32:15.855498+00:00
801050,有色金属,002237,2021-12-13,akshare:index_component_sw,2026-09-24T15:32:15.855498+00:00
801050,有色金属,002240,2021-12-13,akshare:index_component_sw,2026-09-24T15:32:15.855498+00:00
801050,有色金属,002295,2021-12-13,akshare:index_component_sw,2026-09-24T15:32:15.855498+00:00
801050,有色金属,002378,2021-12-13,akshare:index_component_sw,2026-09-24T15:32:15.855498+00:00
801050,有色金属,002379,2021-12-13,akshare:index_component_sw,2026-09-24T15:32:15.855498+00:00
801050,有色金属,002428,2021-12-13,akshare:index_component_sw,2026-09-24T15:32:15.855498+00:00
801050,有色金属,002460,2021-12-13,akshare:index_component_sw,2026-09-24T15:32:15.855498+00:00
801050,有色金属,002466,2021-12-13,akshare:index_component_sw,2026-09-24T15:32:15.855498+00:00
801050,有色金属,002501,2021-12-13,akshare:index_component_sw,2026-09-24T15:32:15.855498+00:00
801050,有色金属,002532,2021-12-13,akshare:index_component_sw,2026-09-24T15:32:15.855498+00:00
801050,有色金属,002540,2021-12-13,akshare:index_component_sw,2026-09-24T15:32:15.855498+00:00
801050,有色金属,002578,2021-12-13,akshare:index_component_sw,2026-09-24T15:32:15.855498+00:00
801050,有色金属,002716,2021-12-13,akshare:index_component_sw,2026-09-24T15:32:15.855498+00:00
801050,有色金属,002738,2021-12-13,akshare:index_component_sw,2026-09-24T15:32:15.855498+00:00
801050,有色金属,002824,2021-12-13,akshare:index_component_sw,2026-09-24T15:32:15.855498+00:00
801050,有色金属,002842,2021-12-13,akshare:index_component_sw,2026-09-24T15:32:15.855498+00:00
801050,有色金属,002978,2021-12-13,akshare:index_component_sw,2026-09-24T15:32:15.855498+00:00
801050,有色金属,002988,2021-12-13,akshare:index_component_sw,2026-09-24T15:32:15.855498+00:00
801050,有色金属,002996,2021-12-13,akshare:index_component_sw,2026-09-24T15:32:15.855498+00:00
801050,有色金属,003038,2021-12-13,akshare:index_component_sw,2026-09-24T15:32:15.855498+00:00
801050,有色金属,300057,2021-12-13,akshare:index_component_sw,2026-09-24T15:32:15.855498+00:00
801050,有色金属,300127,2021-12-13,akshare:index_component_sw,2026-09-24T15:32:15.855498+00:00
801050,有色金属,300224,2021-12-13,akshare:index_component_sw,2026-09-24T15:32:15.855498+00:00
801050,有色金属,300337,2021-12-13,akshare:index_component_sw,2026-09-24T15:32:15.855498+00:00
801050,有色金属,300618,2021-12-13,akshare:index_component_sw,2026-09-24T15:32:15.855498+00:00
801050,有色金属,300697,2021-12-13,akshare:index_component_sw,2026-09-24T15:32:15.855498+00:00
801050,有色金属,300748,2021-12-13,akshare:index_component_sw,2026-09-24T15:32:15.855498+00:00
801050,有色金属,300811,2021-12-13,akshare:index_component_sw,2026-09-24T15:32:15.855498+00:00
801050,有色金属,300835,2021-12-13,akshare:index_component_sw,2026-09-24T15:32:15.855498+00:00
801050,有色金属,300855,2021-12-13,akshare:index_component_sw,2026-09-24T15:32:15.855498+00:00
801050,有色金属,300930,2021-12-13,akshare:index_component_sw,2026-09-24T15:32:15.855498+00:00
801050,有色金属,300963,2021-12-13,akshare:index_component_sw,2026-09-24T15:32:15.855498+00:00
801050,有色金属,301026,2021-12-13,akshare:index_component_sw,2026-09-24T15:32:15.855498+00:00
801050,有色金属,600111,2021-12-13,akshare:index_component_sw,2026-09-24T15:32:15.855498+00:00
801050,有色金属,600219,2021-12-13,akshare:index_component_sw,2026-09-24T15:32:15.855498+00:00
801050,有色金属,600255,2021-12-13,akshare:index_component_sw,2026-09-24T15:32:15.855498+00:00
801050,有色金属,600259,2021-12-13,akshare:index_component_sw,2026-09-24T15:32:15.855498+00:00
801050,有色金属,600281,2021-12-13,akshare:index_component_sw,2026-09-24T15:32:15.855498+00:00
801050,有色金属,600338,2021-12-13,akshare:index_component_sw,2026-09-24T15:32:15.855498+00:00
801050,有色金属,600362,2021-12-13,akshare:index_component_sw,2026-09-24T15:32:15.855498+00:00
801050,有色金属,600366,2021-12-13,akshare:index_component_sw,2026-09-24T15:32:15.855498+00:00
801050,有色金属,600392,2021-12-13,akshare:index_component_sw,2026-09-24T15:32:15.855498+00:00
801050,有色金属,600456,2021-12-13,akshare:index_component_sw,2026-09-24T15:32:15.855498+00:00
801050,有色金属,600459,2021-12-13,akshare:index_component_sw,2026-09-24T15:32:15.855498+00:00
801050,有色金属,600489,2021-12-13,akshare:index_component_sw,2026-09-24T15:32:15.855498+00:00
801050,有色金属,600490,2021-12-13,akshare:index_component_sw,2026-09-24T15:32:15.855498+00:00
801050,有色金属,600497,2021-12-13,akshare:index_component_sw,2026-09-24T15:32:15.855498+00:00
801050,有色金属,600531,2021-12-13,akshare:index_component_sw,2026-09-24T15:32:15.855498+00:00
801050,有色金属,600547,2021-12-13,akshare:index_component_sw,2026-09-24T15:32:15.855498+00:00
801050,有色金属,600549,2021-12-13,akshare:index_component_sw,2026-09-24T15:32:15.855498+00:00
801050,有色金属,600595,2021-12-13,akshare:index_component_sw,2026-09-24T15:32:15.855498+00:00
801050,有色金属,600768,2021-12-13,akshare:index_component_sw,2026-09-24T15:32:15.855498+00:00
801050,有色金属,600888,2021-12-13,akshare:index_component_sw,2026-09-24T15:32:15.855498+00:00
801050,有色金属,600961,2021-12-13,akshare:index_component_sw,2026-09-24T15:32:15.855498+00:00
801050,有色金属,600988,2021-12-13,akshare:index_component_sw,2026-09-24T15:32:15.855498+00:00
801050,有色金属,601069,2021-12-13,akshare:index_component_sw,2026-09-24T15:32:15.855498+00:00
801050,有色金属,601137,2021-12-13,akshare:index_component_sw,2026-09-24T15:32:15.855498+00:00
801050,有色金属,601168,2021-12-13,akshare:index_component_sw,2026-09-24T15:32:15.855498+00:00
801050,有色金属,601388,2021-12-13,akshare:index_component_sw,2026-09-24T15:32:15.855498+00:00
801050,有色金属,601600,2021-12-13,akshare:index_component_sw,2026-09-24T15:32:15.855498+00:00
801050,有色金属,601609,2021-12-13,akshare:index_component_sw,2026-09-24T15:32:15.855498+00:00
801050,有色金属,601677,2021-12-13,akshare:index_component_sw,2026-09-24T15:32:15.855498+00:00
801050,有色金属,601702,2021-12-13,akshare:index_component_sw,2026-09-24T15:32:15.855498+00:00
801050,有色金属,601899,2021-12-13,akshare:index_component_sw,2026-09-24T15:32:15.855498+00:00
801050,有色金属,601958,2021-12-13,akshare:index_component_sw,2026-09-24T15:32:15.855498+00:00
801050,有色金属,603045,2021-12-13,akshare:index_component_sw,2026-09-24T15:32:15.855498+00:00
801050,有色金属,603527,2021-12-13,akshare:index_component_sw,2026-09-24T15:32:15.855498+00:00
801050,有色金属,603799,2021-12-13,akshare:index_component_sw,2026-09-24T15:32:15.855498+00:00
801050,有色金属,603876,2021-12-13,akshare:index_component_sw,2026-09-24T15:32:15.855498+00:00
801050,有色金属,603937,2021-12-13,akshare:index_component_sw,2026-09-24T15:32:15.855498+00:00
801050,有色金属,603978,2021-12-13,akshare:index_component_sw,2026-09-24T15:32:15.855498+00:00
801050,有色金属,605208,2021-12-13,akshare:index_component_sw,2026-09-24T15:32:15.855498+00:00
801050,有色金属,688077,2021-12-13,akshare:index_component_sw,2026-09-24T15:32:15.855498+00:00
801050,有色金属,688190,2021-12-13,akshare:index_component_sw,2026-09-24T15:32:15.855498+00:00
801050,有色金属,603132,2022-02-22,akshare:index_component_sw,2026-09-24T15:32:15.855498+00:00
801050,有色金属,301219,2022-03-17,akshare:index_component_sw,2026-09-24T15:32:15.855498+00:00
801050,有色金属,002192,2022-04-07,akshare:index_component_sw,2026-09-24T15:32:15.855498+00:00
801050,有色金属,688231,2022-07-22,akshare:index_component_sw,2026-09-24T15:32:15.855498+00:00
801050,有色金属,000506,2022-08-01,akshare:index_component_sw,2026-09-24T15:32:15.855498+00:00
801050,有色金属,000737,2022-08-01,akshare:index_component_sw,2026-09-24T15:32:15.855498+00:00
801050,有色金属,002756,2022-08-01,akshare:index_component_sw,2026-09-24T15:32:15.855498+00:00
801050,有色金属,300139,2022-08-01,akshare:index_component_sw,2026-09-24T15:32:15.855498+00:00
801050,有色金属,300328,2022-08-01,akshare:index_component_sw,2026-09-24T15:32:15.855498+00:00
801050,有色金属,600615,2022-08-01,akshare:index_component_sw,2026-09-24T15:32:15.855498+00:00
801050,有色金属,601020,2022-08-01,akshare:index_component_sw,2026-09-24T15:32:15.855498+00:00
801050,有色金属,688102,2022-08-01,akshare:index_component_sw,2026-09-24T15:32:15.855498+00:00
801050,有色金属,688786,2022-08-01,akshare:index_component_sw,2026-09-24T15:32:15.855498+00:00
801050,有色金属,001337,2023-03-03,akshare:index_component_sw,2026-09-24T15:32:15.855498+00:00
801050,有色金属,301141,2023-04-03,akshare:index_component_sw,2026-09-24T15:32:15.855498+00:00
801050,有色金属,301323,2023-06-06,akshare:index_component_sw,2026-09-24T15:32:15.855498+00:00
801050,有色金属,600361,2023-07-06,akshare:index_component_sw,2026-09-24T15:32:15.855498+00:00
801050,有色金属,601212,2023-07-06,akshare:index_component_sw,2026-09-24T15:32:15.855498+00:00
801050,有色金属,603399,2023-07-06,akshare:index_component_sw,2026-09-24T15:32:15.855498+00:00
801050,有色金属,605158,2023-07-06,akshare:index_component_sw,2026-09-24T15:32:15.855498+00:00
801050,有色金属,605376,2023-07-06,akshare:index_component_sw,2026-09-24T15:32:15.855498+00:00
801050,有色金属,688456,2023-07-06,akshare:index_component_sw,2026-09-24T15:32:15.855498+00:00
801050,有色金属,603979,2023-10-18,akshare:index_component_sw,2026-09-24T15:32:15.855498+00:00
801050,有色金属,600301,2024-07-31,akshare:index_component_sw,2026-09-24T15:32:15.855498+00:00
801050,有色金属,301522,2024-10-16,akshare:index_component_sw,2026-09-24T15:32:15.855498+00:00
801050,有色金属,603993,2024-11-19,akshare:index_component_sw,2026-09-24T15:32:15.855498+00:00
801050,有色金属,688750,2024-11-20,akshare:index_component_sw,2026-09-24T15:32:15.855498+00:00
801050,有色金属,301622,2024-12-04,akshare:index_component_sw,2026-09-24T15:32:15.855498+00:00
801050,有色金属,603072,2025-01-03,akshare:index_component_sw,2026-09-24T15:32:15.855498+00:00
801050,有色金属,603271,2025-03-11,akshare:index_component_sw,2026-09-24T15:32:15.855498+00:00
801050,有色金属,603124,2025-03-20,akshare:index_component_sw,2026-09-24T15:32:15.855498+00:00
801050,有色金属,001280,2025-12-03,akshare:index_component_sw,2026-09-24T15:32:15.855498+00:00
801050,有色金属,001257,2026-03-31,akshare:index_component_sw,2026-09-24T15:32:15.855498+00:00
801050,有色金属,688811,2026-04-10,akshare:index_component_sw,2026-09-24T15:32:15.855498+00:00
801050,有色金属,301531,2026-05-11,akshare:index_component_sw,2026-09-24T15:32:15.855498+00:00
801050,有色金属,603407,2026-05-11,akshare:index_component_sw,2026-09-24T15:32:15.855498+00:00
801050,有色金属,000688,2026-07-02,akshare:index_component_sw,2026-09-24T15:32:15.855498+00:00
801050,有色金属,600711,2026-07-02,akshare:index_component_sw,2026-09-24T15:32:15.855498+00:00
801050,有色金属,000060,2021-12-13,akshare:index_component_sw,2026-09-24T15:32:15.855498+00:00
801080,电子,000021,2021-12-13,akshare:index_component_sw,2026-09-24T15:32:15.962360+00:00
801080,电子,000045,2021-12-13,akshare:index_component_sw,2026-09-24T15:32:15.962360+00:00
801080,电子,000050,2021-12-13,akshare:index_component_sw,2026-09-24T15:32:15.962360+00:00
801080,电子,000062,2021-12-13,akshare:index_component_sw,2026-09-24T15:32:15.962360+00:00
801080,电子,000100,2021-12-13,akshare:index_component_sw,2026-09-24T15:32:15.962360+00:00
801080,电子,000536,2021-12-13,akshare:index_component_sw,2026-09-24T15:32:15.962360+00:00
801080,电子,000636,2021-12-13,akshare:index_component_sw,2026-09-24T15:32:15.962360+00:00
801080,电子,000725,2021-12-13,akshare:index_component_sw,2026-09-24T15:32:15.962360+00:00
801080,电子,000727,2021-12-13,akshare:index_component_sw,2026-09-24T15:32:15.962360+00:00
801080,电子,000823,2021-12-13,akshare:index_component_sw,2026-09-24T15:32:15.962360+00:00
801080,电子,002036,2021-12-13,akshare:index_component_sw,2026-09-24T15:32:15.962360+00:00
801080,电子,002045,2021-12-13,akshare:index_component_sw,2026-09-24T15:32:15.962360+00:00
801080,电子,002049,2021-12-13,akshare:index_component_sw,2026-09-24T15:32:15.962360+00:00
801080,电子,002055,2021-12-13,akshare:index_component_sw,2026-09-24T15:32:15.962360+00:00
801080,电子,002077,2021-12-13,akshare:index_component_sw,2026-09-24T15:32:15.962360+00:00
801080,电子,002106,2021-12-13,akshare:index_component_sw,2026-09-24T15:32:15.962360+00:00
801080,电子,002119,2021-12-13,akshare:index_component_sw,2026-09-24T15:32:15.962360+00:00
801080,电子,002130,2021-12-13,akshare:index_component_sw,2026-09-24T15:32:15.962360+00:00
801080,电子,002134,2021-12-13,akshare:index_component_sw,2026-09-24T15:32:15.962360+00:00
801080,电子,002138,2021-12-13,akshare:index_component_sw,2026-09-24T15:32:15.962360+00:00
801080,电子,002139,2021-12-13,akshare:index_component_sw,2026-09-24T15:32:15.962360+00:00
801080,电子,002156,2021-12-13,akshare:index_component_sw,2026-09-24T15:32:15.962360+00:00
801080,电子,002161,2021-12-13,akshare:index_component_sw,2026-09-24T15:32:15.962360+00:00
801080,电子,002185,2021-12-13,akshare:index_component_sw,2026-09-24T15:32:15.962360+00:00
801080,电子,002199,2021-12-13,akshare:index_component_sw,2026-09-24T15:32:15.962360+00:00
801080,电子,002217,2021-12-13,akshare:index_component_sw,2026-09-24T15:32:15.962360+00:00
801080,电子,002222,2021-12-13,akshare:index_component_sw,2026-09-24T15:32:15.962360+00:00
801080,电子,002241,2021-12-13,akshare:index_component_sw,2026-09-24T15:32:15.962360+00:00
801080,电子,002273,2021-12-13,akshare:index_component_sw,2026-09-24T15:32:15.962360+00:00
801080,电子,002289,2021-12-13,akshare:index_component_sw,2026-09-24T15:32:15.962360+00:00
801080,电子,002351,2021-12-13,akshare:index_component_sw,2026-09-24T15:32:15.962360+00:00
801080,电子,002369,2021-12-13,akshare:index_component_sw,2026-09-24T15:32:15.962360+00:00
801080,电子,002371,2021-12-13,akshare:index_component_sw,2026-09-24T15:32:15.962360+00:00
801080,电子,002384,2021-12-13,akshare:index_component_sw,2026-09-24T15:32:15.962360+00:00
801080,电子,002387,2021-12-13,akshare:index_component_sw,2026-09-24T15:32:15.962360+00:00
801080,电子,002388,2021-12-13,akshare:index_component_sw,2026-09-24T15:32:15.962360+00:00
801080,电子,002409,2021-12-13,akshare:index_component_sw,2026-09-24T15:32:15.962360+00:00
801080,电子,002436,2021-12-13,akshare:index_component_sw,2026-09-24T15:32:15.962360+00:00
801080,电子,002449,2021-12-13,akshare:index_component_sw,2026-09-24T15:32:15.962360+00:00
801080,电子,002456,2021-12-13,akshare:index_component_sw,2026-09-24T15:32:15.962360+00:00
801080,电子,002463,2021-12-13,akshare:index_component_sw,2026-09-24T15:32:15.962360+00:00
801080,电子,002475,2021-12-13,akshare:index_component_sw,2026-09-24T15:32:15.962360+00:00
801080,电子,002484,2021-12-13,akshare:index_component_sw,2026-09-24T15:32:15.962360+00:00
801080,电子,002579,2021-12-13,akshare:index_component_sw,2026-09-24T15:32:15.962360+00:00
801080,电子,002584,2021-12-13,akshare:index_component_sw,2026-09-24T15:32:15.962360+00:00
801080,电子,002587,2021-12-13,akshare:index_component_sw,2026-09-24T15:32:15.962360+00:00
801080,电子,002600,2021-12-13,akshare:index_component_sw,2026-09-24T15:32:15.962360+00:00
801080,电子,002635,2021-12-13,akshare:index_component_sw,2026-09-24T15:32:15.962360+00:00
801080,电子,002636,2021-12-13,akshare:index_component_sw,2026-09-24T15:32:15.962360+00:00
801080,电子,002643,2021-12-13,akshare:index_component_sw,2026-09-24T15:32:15.962360+00:00
801080,电子,002654,2021-12-13,akshare:index_component_sw,2026-09-24T15:32:15.962360+00:00
801080,电子,002655,2021-12-13,akshare:index_component_sw,2026-09-24T15:32:15.962360+00:00
801080,电子,002660,2021-12-13,akshare:index_component_sw,2026-09-24T15:32:15.962360+00:00
801080,电子,002681,2021-12-13,akshare:index_component_sw,2026-09-24T15:32:15.962360+00:00
801080,电子,002729,2021-12-13,akshare:index_component_sw,2026-09-24T15:32:15.962360+00:00
801080,电子,002741,2021-12-13,akshare:index_component_sw,2026-09-24T15:32:15.962360+00:00
801080,电子,002745,2021-12-13,akshare:index_component_sw,2026-09-24T15:32:15.962360+00:00
801080,电子,002815,2021-12-13,akshare:index_component_sw,2026-09-24T15:32:15.962360+00:00
801080,电子,002845,2021-12-13,akshare:index_component_sw,2026-09-24T15:32:15.962360+00:00
801080,电子,002855,2021-12-13,akshare:index_component_sw,2026-09-24T15:32:15.962360+00:00
801080,电子,002859,2021-12-13,akshare:index_component_sw,2026-09-24T15:32:15.962360+00:00
801080,电子,002861,2021-12-13,akshare:index_component_sw,2026-09-24T15:32:15.962360+00:00
801080,电子,002866,2021-12-13,akshare:index_component_sw,2026-09-24T15:32:15.962360+00:00
801080,电子,002876,2021-12-13,akshare:index_component_sw,2026-09-24T15:32:15.962360+00:00
801080,电子,002888,2021-12-13,akshare:index_component_sw,2026-09-24T15:32:15.962360+00:00
801080,电子,002913,2021-12-13,akshare:index_component_sw,2026-09-24T15:32:15.962360+00:00
801080,电子,002916,2021-12-13,akshare:index_component_sw,2026-09-24T15:32:15.962360+00:00
801080,电子,002922,2021-12-13,akshare:index_component_sw,2026-09-24T15:32:15.962360+00:00
801080,电子,002925,2021-12-13,akshare:index_component_sw,2026-09-24T15:32:15.962360+00:00
801080,电子,002938,2021-12-13,akshare:index_component_sw,2026-09-24T15:32:15.962360+00:00
801080,电子,002947,2021-12-13,akshare:index_component_sw,2026-09-24T15:32:15.962360+00:00
801080,电子,002952,2021-12-13,akshare:index_component_sw,2026-09-24T15:32:15.962360+00:00
801080,电子,002955,2021-12-13,akshare:index_component_sw,2026-09-24T15:32:15.962360+00:00
801080,电子,002962,2021-12-13,akshare:index_component_sw,2026-09-24T15:32:15.962360+00:00
801080,电子,002981,2021-12-13,akshare:index_component_sw,2026-09-24T15:32:15.962360+00:00
801080,电子,002983,2021-12-13,akshare:index_component_sw,2026-09-24T15:32:15.962360+00:00
801080,电子,002993,2021-12-13,akshare:index_component_sw,2026-09-24T15:32:15.962360+00:00
801080,电子,003015,2021-12-13,akshare:index_component_sw,2026-09-24T15:32:15.962360+00:00
801080,电子,003019,2021-12-13,akshare:index_component_sw,2026-09-24T15:32:15.962360+00:00
801080,电子,003026,2021-12-13,akshare:index_component_sw,2026-09-24T15:32:15.962360+00:00
801080,电子,003043,2021-12-13,akshare:index_component_sw,2026-09-24T15:32:15.962360+00:00
801080,电子,300032,2021-12-13,akshare:index_component_sw,2026-09-24T15:32:15.962360+00:00
801080,电子,300046,2021-12-13,akshare:index_component_sw,2026-09-24T15:32:15.962360+00:00
801080,电子,300054,2021-12-13,akshare:index_component_sw,2026-09-24T15:32:15.962360+00:00
801080,电子,300076,2021-12-13,akshare:index_component_sw,2026-09-24T15:32:15.962360+00:00
801080,电子,300077,2021-12-13,akshare:index_component_sw,2026-09-24T15:32:15.962360+00:00
801080,电子,300088,2021-12-13,akshare:index_component_sw,2026-09-24T15:32:15.962360+00:00
801080,电子,300102,2021-12-13,akshare:index_component_sw,2026-09-24T15:32:15.962360+00:00
801080,电子,300115,2021-12-13,akshare:index_component_sw,2026-09-24T15:32:15.962360+00:00
801080,电子,300120,2021-12-13,akshare:index_component_sw,2026-09-24T15:32:15.962360+00:00
801080,电子,300136,2021-12-13,akshare:index_component_sw,2026-09-24T15:32:15.962360+00:00
801080,电子,300162,2021-12-13,akshare:index_component_sw,2026-09-24T15:32:15.962360+00:00
801080,电子,300184,2021-12-13,akshare:index_component_sw,2026-09-24T15:32:15.962360+00:00
801080,电子,300219,2021-12-13,akshare:index_component_sw,2026-09-24T15:32:15.962360+00:00
801080,电子,300223,2021-12-13,akshare:index_component_sw,2026-09-24T15:32:15.962360+00:00
801080,电子,300232,2021-12-13,akshare:index_component_sw,2026-09-24T15:32:15.962360+00:00
801080,电子,300236,2021-12-13,akshare:index_component_sw,2026-09-24T15:32:15.962360+00:00
801080,电子,300241,2021-12-13,akshare:index_component_sw,2026-09-24T15:32:15.962360+00:00
801080,电子,300256,2021-12-13,akshare:index_component_sw,2026-09-24T15:32:15.962360+00:00
801080,电子,300296,2021-12-13,akshare:index_component_sw,2026-09-24T15:32:15.962360+00:00
801080,电子,300301,2021-12-13,akshare:index_component_sw,2026-09-24T15:32:15.962360+00:00
801080,电子,300303,2021-12-13,akshare:index_component_sw,2026-09-24T15:32:15.962360+00:00
801080,电子,300319,2021-12-13,akshare:index_component_sw,2026-09-24T15:32:15.962360+00:00
801080,电子,300322,2021-12-13,akshare:index_component_sw,2026-09-24T15:32:15.962360+00:00
801080,电子,300323,2021-12-13,akshare:index_component_sw,2026-09-24T15:32:15.962360+00:00
801080,电子,300327,2021-12-13,akshare:index_component_sw,2026-09-24T15:32:15.962360+00:00
801080,电子,300346,2021-12-13,akshare:index_component_sw,2026-09-24T15:32:15.962360+00:00
801080,电子,300373,2021-12-13,akshare:index_component_sw,2026-09-24T15:32:15.962360+00:00
801080,电子,300389,2021-12-13,akshare:index_component_sw,2026-09-24T15:32:15.962360+00:00
801080,电子,300398,2021-12-13,akshare:index_component_sw,2026-09-24T15:32:15.962360+00:00
801080,电子,300408,2021-12-13,akshare:index_component_sw,2026-09-24T15:32:15.962360+00:00
801080,电子,300429,2021-12-13,akshare:index_component_sw,2026-09-24T15:32:15.962360+00:00
801080,电子,300433,2021-12-13,akshare:index_component_sw,2026-09-24T15:32:15.962360+00:00
801080,电子,300456,2021-12-13,akshare:index_component_sw,2026-09-24T15:32:15.962360+00:00
801080,电子,300458,2021-12-13,akshare:index_component_sw,2026-09-24T15:32:15.962360+00:00
801080,电子,300460,2021-12-13,akshare:index_component_sw,2026-09-24T15:32:15.962360+00:00
801080,电子,300476,2021-12-13,akshare:index_component_sw,2026-09-24T15:32:15.962360+00:00
801080,电子,300481,2021-12-13,akshare:index_component_sw,2026-09-24T15:32:15.962360+00:00
801080,电子,300493,2021-12-13,akshare:index_component_sw,2026-09-24T15:32:15.962360+00:00
801080,电子,300516,2021-12-13,akshare:index_component_sw,2026-09-24T15:32:15.962360+00:00
801080,电子,300537,2021-12-13,akshare:index_component_sw,2026-09-24T15:32:15.962360+00:00
801080,电子,300545,2021-12-13,akshare:index_component_sw,2026-09-24T15:32:15.962360+00:00
801080,电子,300566,2021-12-13,akshare:index_component_sw,2026-09-24T15:32:15.962360+00:00
801080,电子,300576,2021-12-13,akshare:index_component_sw,2026-09-24T15:32:15.962360+00:00
801080,电子,300582,2021-12-13,akshare:index_component_sw,2026-09-24T15:32:15.962360+00:00
801080,电子,300602,2021-12-13,akshare:index_component_sw,2026-09-24T15:32:15.962360+00:00
801080,电子,300604,2021-12-13,akshare:index_component_sw,2026-09-24T15:32:15.962360+00:00
801080,电子,300613,2021-12-13,akshare:index_component_sw,2026-09-24T15:32:15.962360+00:00
801080,电子,300623,2021-12-13,akshare:index_component_sw,2026-09-24T15:32:15.962360+00:00
801080,电子,300632,2021-12-13,akshare:index_component_sw,2026-09-24T15:32:15.962360+00:00
801080,电子,300647,2021-12-13,akshare:index_component_sw,2026-09-24T15:32:15.962360+00:00
801080,电子,300655,2021-12-13,akshare:index_component_sw,2026-09-24T15:32:15.962360+00:00
801080,电子,300656,2021-12-13,akshare:index_component_sw,2026-09-24T15:32:15.962360+00:00
801080,电子,300657,2021-12-13,akshare:index_component_sw,2026-09-24T15:32:15.962360+00:00
801080,电子,300661,2021-12-13,akshare:index_component_sw,2026-09-24T15:32:15.962360+00:00
801080,电子,300666,2021-12-13,akshare:index_component_sw,2026-09-24T15:32:15.962360+00:00
801080,电子,300671,2021-12-13,akshare:index_component_sw,2026-09-24T15:32:15.962360+00:00
801080,电子,300672,2021-12-13,akshare:index_component_sw,2026-09-24T15:32:15.962360+00:00
801080,电子,300679,2021-12-13,akshare:index_component_sw,2026-09-24T15:32:15.962360+00:00
801080,电子,300686,2021-12-13,akshare:index_component_sw,2026-09-24T15:32:15.962360+00:00
801080,电子,300701,2021-12-13,akshare:index_component_sw,2026-09-24T15:32:15.962360+00:00
801080,电子,300706,2021-12-13,akshare:index_component_sw,2026-09-24T15:32:15.962360+00:00
801080,电子,300708,2021-12-13,akshare:index_component_sw,2026-09-24T15:32:15.962360+00:00
801080,电子,300709,2021-12-13,akshare:index_component_sw,2026-09-24T15:32:15.962360+00:00
801080,电子,300735,2021-12-13,akshare:index_component_sw,2026-09-24T15:32:15.962360+00:00
801080,电子,300736,2021-12-13,akshare:index_component_sw,2026-09-24T15:32:15.962360+00:00
801080,电子,300739,2021-12-13,akshare:index_component_sw,2026-09-24T15:32:15.962360+00:00
801080,电子,300752,2021-12-13,akshare:index_component_sw,2026-09-24T15:32:15.962360+00:00
801080,电子,300782,2021-12-13,akshare:index_component_sw,2026-09-24T15:32:15.962360+00:00
801080,电子,300787,2021-12-13,akshare:index_component_sw,2026-09-24T15:32:15.962360+00:00
801080,电子,300793,2021-12-13,akshare:index_component_sw,2026-09-24T15:32:15.962360+00:00
801080,电子,300808,2021-12-13,akshare:index_component_sw,2026-09-24T15:32:15.962360+00:00
801080,电子,300814,2021-12-13,akshare:index_component_sw,2026-09-24T15:32:15.962360+00:00
801080,电子,300822,2021-12-13,akshare:index_component_sw,2026-09-24T15:32:15.962360+00:00
801080,电子,300831,2021-12-13,akshare:index_component_sw,2026-09-24T15:32:15.962360+00:00
801080,电子,300843,2021-12-13,akshare:index_component_sw,2026-09-24T15:32:15.962360+00:00
801080,电子,300852,2021-12-13,akshare:index_component_sw,2026-09-24T15:32:15.962360+00:00
801080,电子,300857,2021-12-13,akshare:index_component_sw,2026-09-24T15:32:15.962360+00:00
801080,电子,300866,2021-12-13,akshare:index_component_sw,2026-09-24T15:32:15.962360+00:00
801080,电子,300889,2021-12-13,akshare:index_component_sw,2026-09-24T15:32:15.962360+00:00
801080,电子,300903,2021-12-13,akshare:index_component_sw,2026-09-24T15:32:15.962360+00:00
801080,电子,300909,2021-12-13,akshare:index_component_sw,2026-09-24T15:32:15.962360+00:00
801080,电子,300916,2021-12-13,akshare:index_component_sw,2026-09-24T15:32:15.962360+00:00
801080,电子,300936,2021-12-13,akshare:index_component_sw,2026-09-24T15:32:15.962360+00:00
801080,电子,300939,2021-12-13,akshare:index_component_sw,2026-09-24T15:32:15.962360+00:00
801080,电子,300940,2021-12-13,akshare:index_component_sw,2026-09-24T15:32:15.962360+00:00
801080,电子,300951,2021-12-13,akshare:index_component_sw,2026-09-24T15:32:15.962360+00:00
801080,电子,300956,2021-12-13,akshare:index_component_sw,2026-09-24T15:32:15.962360+00:00
801080,电子,300964,2021-12-13,akshare:index_component_sw,2026-09-24T15:32:15.962360+00:00
801080,电子,300968,2021-12-13,akshare:index_component_sw,2026-09-24T15:32:15.962360+00:00
801080,电子,300976,2021-12-13,akshare:index_component_sw,2026-09-24T15:32:15.962360+00:00
801080,电子,300991,2021-12-13,akshare:index_component_sw,2026-09-24T15:32:15.962360+00:00
801080,电子,301031,2021-12-13,akshare:index_component_sw,2026-09-24T15:32:15.962360+00:00
801080,电子,301041,2021-12-13,akshare:index_component_sw,2026-09-24T15:32:15.962360+00:00
801080,电子,301051,2021-12-13,akshare:index_component_sw,2026-09-24T15:32:15.962360+00:00
801080,电子,301067,2021-12-13,akshare:index_component_sw,2026-09-24T15:32:15.962360+00:00
801080,电子,301086,2021-12-13,akshare:index_component_sw,2026-09-24T15:32:15.962360+00:00
801080,电子,301180,2021-12-13,akshare:index_component_sw,2026-09-24T15:32:15.962360+00:00
801080,电子,600071,2021-12-13,akshare:index_component_sw,2026-09-24T15:32:15.962360+00:00
801080,电子,600130,2021-12-13,akshare:index_component_sw,2026-09-24T15:32:15.962360+00:00
801080,电子,600171,2021-12-13,akshare:index_component_sw,2026-09-24T15:32:15.962360+00:00
801080,电子,600183,2021-12-13,akshare:index_component_sw,2026-09-24T15:32:15.962360+00:00
801080,电子,600203,2021-12-13,akshare:index_component_sw,2026-09-24T15:32:15.962360+00:00
801080,电子,600206,2021-12-13,akshare:index_component_sw,2026-09-24T15:32:15.962360+00:00
801080,电子,600237,2021-12-13,akshare:index_component_sw,2026-09-24T15:32:15.962360+00:00
801080,电子,600353,2021-12-13,akshare:index_component_sw,2026-09-24T15:32:15.962360+00:00
801080,电子,600360,2021-12-13,akshare:index_component_sw,2026-09-24T15:32:15.962360+00:00
801080,电子,600460,2021-12-13,akshare:index_component_sw,2026-09-24T15:32:15.962360+00:00
801080,电子,600552,2021-12-13,akshare:index_component_sw,2026-09-24T15:32:15.962360+00:00
801080,电子,600563,2021-12-13,akshare:index_component_sw,2026-09-24T15:32:15.962360+00:00
801080,电子,600584,2021-12-13,akshare:index_component_sw,2026-09-24T15:32:15.962360+00:00
801080,电子,600601,2021-12-13,akshare:index_component_sw,2026-09-24T15:32:15.962360+00:00
801080,电子,600703,2021-12-13,akshare:index_component_sw,2026-09-24T15:32:15.962360+00:00
801080,电子,600707,2021-12-13,akshare:index_component_sw,2026-09-24T15:32:15.962360+00:00
801080,电子,601138,2021-12-13,akshare:index_component_sw,2026-09-24T15:32:15.962360+00:00
801080,电子,601231,2021-12-13,akshare:index_component_sw,2026-09-24T15:32:15.962360+00:00
801080,电子,603002,2021-12-13,akshare:index_component_sw,2026-09-24T15:32:15.962360+00:00
801080,电子,603005,2021-12-13,akshare:index_component_sw,2026-09-24T15:32:15.962360+00:00
801080,电子,603068,2021-12-13,akshare:index_component_sw,2026-09-24T15:32:15.962360+00:00
801080,电子,603078,2021-12-13,akshare:index_component_sw,2026-09-24T15:32:15.962360+00:00
801080,电子,603160,2021-12-13,akshare:index_component_sw,2026-09-24T15:32:15.962360+00:00
801080,电子,603186,2021-12-13,akshare:index_component_sw,2026-09-24T15:32:15.962360+00:00
801080,电子,603228,2021-12-13,akshare:index_component_sw,2026-09-24T15:32:15.962360+00:00
801080,电子,603290,2021-12-13,akshare:index_component_sw,2026-09-24T15:32:15.962360+00:00
801080,电子,603297,2021-12-13,akshare:index_component_sw,2026-09-24T15:32:15.962360+00:00
801080,电子,603327,2021-12-13,akshare:index_component_sw,2026-09-24T15:32:15.962360+00:00
801080,电子,603328,2021-12-13,akshare:index_component_sw,2026-09-24T15:32:15.962360+00:00
801080,电子,603380,2021-12-13,akshare:index_component_sw,2026-09-24T15:32:15.962360+00:00
801080,电子,603386,2021-12-13,akshare:index_component_sw,2026-09-24T15:32:15.962360+00:00
801080,电子,603501,2021-12-13,akshare:index_component_sw,2026-09-24T15:32:15.962360+00:00
801080,电子,603595,2021-12-13,akshare:index_component_sw,2026-09-24T15:32:15.962360+00:00
801080,电子,603626,2021-12-13,akshare:index_component_sw,2026-09-24T15:32:15.962360+00:00
801080,电子,603629,2021-12-13,akshare:index_component_sw,2026-09-24T15:32:15.962360+00:00
801080,电子,603633,2021-12-13,akshare:index_component_sw,2026-09-24T15:32:15.962360+00:00
801080,电子,603679,2021-12-13,akshare:index_component_sw,2026-09-24T15:32:15.962360+00:00
801080,电子,603685,2021-12-13,akshare:index_component_sw,2026-09-24T15:32:15.962360+00:00
801080,电子,603690,2021-12-13,akshare:index_component_sw,2026-09-24T15:32:15.962360+00:00
801080,电子,603703,2021-12-13,akshare:index_component_sw,2026-09-24T15:32:15.962360+00:00
801080,电子,603738,2021-12-13,akshare:index_component_sw,2026-09-24T15:32:15.962360+00:00
801080,电子,603773,2021-12-13,akshare:index_component_sw,2026-09-24T15:32:15.962360+00:00
801080,电子,603890,2021-12-13,akshare:index_component_sw,2026-09-24T15:32:15.962360+00:00
801080,电子,603893,2021-12-13,akshare:index_component_sw,2026-09-24T15:32:15.962360+00:00
801080,电子,603920,2021-12-13,akshare:index_component_sw,2026-09-24T15:32:15.962360+00:00
801080,电子,603931,2021-12-13,akshare:index_component_sw,2026-09-24T15:32:15.962360+00:00
801080,电子,603933,2021-12-13,akshare:index_component_sw,2026-09-24T15:32:15.962360+00:00
801080,电子,603936,2021-12-13,akshare:index_component_sw,2026-09-24T15:32:15.962360+00:00
801080,电子,603986,2021-12-13,akshare:index_component_sw,2026-09-24T15:32:15.962360+00:00
801080,电子,603989,2021-12-13,akshare:index_component_sw,2026-09-24T15:32:15.962360+00:00
801080,电子,605058,2021-12-13,akshare:index_component_sw,2026-09-24T15:32:15.962360+00:00
801080,电子,605111,2021-12-13,akshare:index_component_sw,2026-09-24T15:32:15.962360+00:00
801080,电子,605218,2021-12-13,akshare:index_component_sw,2026-09-24T15:32:15.962360+00:00
801080,电子,605258,2021-12-13,akshare:index_component_sw,2026-09-24T15:32:15.962360+00:00
801080,电子,605277,2021-12-13,akshare:index_component_sw,2026-09-24T15:32:15.962360+00:00
801080,电子,605358,2021-12-13,akshare:index_component_sw,2026-09-24T15:32:15.962360+00:00
801080,电子,605588,2021-12-13,akshare:index_component_sw,2026-09-24T15:32:15.962360+00:00
801080,电子,688007,2021-12-13,akshare:index_component_sw,2026-09-24T15:32:15.962360+00:00
801080,电子,688008,2021-12-13,akshare:index_component_sw,2026-09-24T15:32:15.962360+00:00
801080,电子,688010,2021-12-13,akshare:index_component_sw,2026-09-24T15:32:15.962360+00:00
801080,电子,688012,2021-12-13,akshare:index_component_sw,2026-09-24T15:32:15.962360+00:00
801080,电子,688018,2021-12-13,akshare:index_component_sw,2026-09-24T15:32:15.962360+00:00
801080,电子,688019,2021-12-13,akshare:index_component_sw,2026-09-24T15:32:15.962360+00:00
801080,电子,688020,2021-12-13,akshare:index_component_sw,2026-09-24T15:32:15.962360+00:00
801080,电子,688036,2021-12-13,akshare:index_component_sw,2026-09-24T15:32:15.962360+00:00
801080,电子,688037,2021-12-13,akshare:index_component_sw,2026-09-24T15:32:15.962360+00:00
801080,电子,688049,2021-12-13,akshare:index_component_sw,2026-09-24T15:32:15.962360+00:00
801080,电子,688055,2021-12-13,akshare:index_component_sw,2026-09-24T15:32:15.962360+00:00
801080,电子,688079,2021-12-13,akshare:index_component_sw,2026-09-24T15:32:15.962360+00:00
801080,电子,688082,2021-12-13,akshare:index_component_sw,2026-09-24T15:32:15.962360+00:00
801080,电子,688093,2021-12-13,akshare:index_component_sw,2026-09-24T15:32:15.962360+00:00
801080,电子,688099,2021-12-13,akshare:index_component_sw,2026-09-24T15:32:15.962360+00:00
801080,电子,688103,2021-12-13,akshare:index_component_sw,2026-09-24T15:32:15.962360+00:00
801080,电子,688106,2021-12-13,akshare:index_component_sw,2026-09-24T15:32:15.962360+00:00
801080,电子,688107,2021-12-13,akshare:index_component_sw,2026-09-24T15:32:15.962360+00:00
801080,电子,688110,2021-12-13,akshare:index_component_sw,2026-09-24T15:32:15.962360+00:00
801080,电子,688123,2021-12-13,akshare:index_component_sw,2026-09-24T15:32:15.962360+00:00
801080,电子,688126,2021-12-13,akshare:index_component_sw,2026-09-24T15:32:15.962360+00:00
801080,电子,688127,2021-12-13,akshare:index_component_sw,2026-09-24T15:32:15.962360+00:00
801080,电子,688135,2021-12-13,akshare:index_component_sw,2026-09-24T15:32:15.962360+00:00
801080,电子,688138,2021-12-13,akshare:index_component_sw,2026-09-24T15:32:15.962360+00:00
801080,电子,688181,2021-12-13,akshare:index_component_sw,2026-09-24T15:32:15.962360+00:00
801080,电子,688183,2021-12-13,akshare:index_component_sw,2026-09-24T15:32:15.962360+00:00
801080,电子,688195,2021-12-13,akshare:index_component_sw,2026-09-24T15:32:15.962360+00:00
801080,电子,688200,2021-12-13,akshare:index_component_sw,2026-09-24T15:32:15.962360+00:00
801080,电子,688216,2021-12-13,akshare:index_component_sw,2026-09-24T15:32:15.962360+00:00
801080,电子,688230,2021-12-13,akshare:index_component_sw,2026-09-24T15:32:15.962360+00:00
801080,电子,688233,2021-12-13,akshare:index_component_sw,2026-09-24T15:32:15.962360+00:00
801080,电子,688256,2021-12-13,akshare:index_component_sw,2026-09-24T15:32:15.962360+00:00
801080,电子,688260,2021-12-13,akshare:index_component_sw,2026-09-24T15:32:15.962360+00:00
801080,电子,688268,2021-12-13,akshare:index_component_sw,2026-09-24T15:32:15.962360+00:00
801080,电子,688286,2021-12-13,akshare:index_component_sw,2026-09-24T15:32:15.962360+00:00
801080,电子,688299,2021-12-13,akshare:index_component_sw,2026-09-24T15:32:15.962360+00:00
801080,电子,688359,2021-12-13,akshare:index_component_sw,2026-09-24T15:32:15.962360+00:00
801080,电子,688368,2021-12-13,akshare:index_component_sw,2026-09-24T15:32:15.962360+00:00
801080,电子,688385,2021-12-13,akshare:index_component_sw,2026-09-24T15:32:15.962360+00:00
801080,电子,688396,2021-12-13,akshare:index_component_sw,2026-09-24T15:32:15.962360+00:00
801080,电子,688508,2021-12-13,akshare:index_component_sw,2026-09-24T15:32:15.962360+00:00
801080,电子,688519,2021-12-13,akshare:index_component_sw,2026-09-24T15:32:15.962360+00:00
801080,电子,688521,2021-12-13,akshare:index_component_sw,2026-09-24T15:32:15.962360+00:00
801080,电子,688536,2021-12-13,akshare:index_component_sw,2026-09-24T15:32:15.962360+00:00
801080,电子,688538,2021-12-13,akshare:index_component_sw,2026-09-24T15:32:15.962360+00:00
801080,电子,688550,2021-12-13,akshare:index_component_sw,2026-09-24T15:32:15.962360+00:00
801080,电子,688589,2021-12-13,akshare:index_component_sw,2026-09-24T15:32:15.962360+00:00
801080,电子,688601,2021-12-13,akshare:index_component_sw,2026-09-24T15:32:15.962360+00:00
801080,电子,688608,2021-12-13,akshare:index_component_sw,2026-09-24T15:32:15.962360+00:00
801080,电子,688655,2021-12-13,akshare:index_component_sw,2026-09-24T15:32:15.962360+00:00
801080,电子,688662,2021-12-13,akshare:index_component_sw,2026-09-24T15:32:15.962360+00:00
801080,电子,688678,2021-12-13,akshare:index_component_sw,2026-09-24T15:32:15.962360+00:00
801080,电子,688689,2021-12-13,akshare:index_component_sw,2026-09-24T15:32:15.962360+00:00
801080,电子,688699,2021-12-13,akshare:index_component_sw,2026-09-24T15:32:15.962360+00:00
801080,电子,688711,2021-12-13,akshare:index_component_sw,2026-09-24T15:32:15.962360+00:00
801080,电子,688728,2021-12-13,akshare:index_component_sw,2026-09-24T15:32:15.962360+00:00
801080,电子,688766,2021-12-13,akshare:index_component_sw,2026-09-24T15:32:15.962360+00:00
801080,电子,688798,2021-12-13,akshare:index_component_sw,2026-09-24T15:32:15.962360+00:00
801080,电子,688800,2021-12-13,akshare:index_component_sw,2026-09-24T15:32:15.962360+00:00
801080,电子,688981,2021-12-13,akshare:index_component_sw,2026-09-24T15:32:15.962360+00:00
801080,电子,688210,2021-12-27,akshare:index_component_sw,2026-09-24T15:32:15.962360+00:00
801080,电子,301189,2021-12-28,akshare:index_component_sw,2026-09-24T15:32:15.962360+00:00
801080,电子,688262,2022-01-06,akshare:index_component_sw,2026-09-24T15:32:15.962360+00:00
801080,电子,688234,2022-01-12,akshare:index_component_sw,2026-09-24T15:32:15.962360+00:00
801080,电子,688259,2022-01-12,akshare:index_component_sw,2026-09-24T15:32:15.962360+00:00
801080,电子,688220,2022-01-14,akshare:index_component_sw,2026-09-24T15:32:15.962360+00:00
801080,电子,688173,2022-01-21,akshare:index_component_sw,2026-09-24T15:32:15.962360+00:00
801080,电子,301123,2022-01-25,akshare:index_component_sw,2026-09-24T15:32:15.962360+00:00
801080,电子,688270,2022-01-27,akshare:index_component_sw,2026-09-24T15:32:15.962360+00:00
801080,电子,301106,2022-01-28,akshare:index_component_sw,2026-09-24T15:32:15.962360+00:00
801080,电子,688261,2022-02-10,akshare:index_component_sw,2026-09-24T15:32:15.962360+00:00
801080,电子,001308,2022-03-18,akshare:index_component_sw,2026-09-24T15:32:15.962360+00:00
801080,电子,688150,2022-03-18,akshare:index_component_sw,2026-09-24T15:32:15.962360+00:00
801080,电子,688048,2022-04-01,akshare:index_component_sw,2026-09-24T15:32:15.962360+00:00
801080,电子,688153,2022-04-12,akshare:index_component_sw,2026-09-24T15:32:15.962360+00:00
801080,电子,688209,2022-04-19,akshare:index_component_sw,2026-09-24T15:32:15.962360+00:00
801080,电子,688072,2022-04-20,akshare:index_component_sw,2026-09-24T15:32:15.962360+00:00
801080,电子,688279,2022-04-20,akshare:index_component_sw,2026-09-24T15:32:15.962360+00:00
801080,电子,688052,2022-04-22,akshare:index_component_sw,2026-09-24T15:32:15.962360+00:00
801080,电子,688325,2022-04-22,akshare:index_component_sw,2026-09-24T15:32:15.962360+00:00
801080,电子,688167,2022-05-17,akshare:index_component_sw,2026-09-24T15:32:15.962360+00:00
801080,电子,688213,2022-05-20,akshare:index_component_sw,2026-09-24T15:32:15.962360+00:00
801080,电子,300475,2022-05-24,akshare:index_component_sw,2026-09-24T15:32:15.962360+00:00
801080,电子,301183,2022-05-24,akshare:index_component_sw,2026-09-24T15:32:15.962360+00:00
801080,电子,688045,2022-05-26,akshare:index_component_sw,2026-09-24T15:32:15.962360+00:00
801080,电子,688120,2022-06-08,akshare:index_component_sw,2026-09-24T15:32:15.962360+00:00
801080,电子,688047,2022-06-24,akshare:index_component_sw,2026-09-24T15:32:15.962360+00:00
801080,电子,688322,2022-07-12,akshare:index_component_sw,2026-09-24T15:32:15.962360+00:00
801080,电子,688332,2022-07-15,akshare:index_component_sw,2026-09-24T15:32:15.962360+00:00
801080,电子,688130,2022-07-29,akshare:index_component_sw,2026-09-24T15:32:15.962360+00:00
801080,电子,000509,2022-08-01,akshare:index_component_sw,2026-09-24T15:32:15.962360+00:00
801080,电子,000670,2022-08-01,akshare:index_component_sw,2026-09-24T15:32:15.962360+00:00
801080,电子,002137,2022-08-01,akshare:index_component_sw,2026-09-24T15:32:15.962360+00:00
801080,电子,002426,2022-08-01,akshare:index_component_sw,2026-09-24T15:32:15.962360+00:00
801080,电子,002782,2022-08-01,akshare:index_component_sw,2026-09-24T15:32:15.962360+00:00
801080,电子,002841,2022-08-01,akshare:index_component_sw,2026-09-24T15:32:15.962360+00:00
801080,电子,002885,2022-08-01,akshare:index_component_sw,2026-09-24T15:32:15.962360+00:00
801080,电子,002992,2022-08-01,akshare:index_component_sw,2026-09-24T15:32:15.962360+00:00
801080,电子,300131,2022-08-01,akshare:index_component_sw,2026-09-24T15:32:15.962360+00:00
801080,电子,300269,2022-08-01,akshare:index_component_sw,2026-09-24T15:32:15.962360+00:00
801080,电子,300285,2022-08-01,akshare:index_component_sw,2026-09-24T15:32:15.962360+00:00
801080,电子,300331,2022-08-01,akshare:index_component_sw,2026-09-24T15:32:15.962360+00:00
801080,电子,300650,2022-08-01,akshare:index_component_sw,2026-09-24T15:32:15.962360+00:00
801080,电子,300684,2022-08-01,akshare:index_component_sw,2026-09-24T15:32:15.962360+00:00
801080,电子,300812,2022-08-01,akshare:index_component_sw,2026-09-24T15:32:15.962360+00:00
801080,电子,300975,2022-08-01,akshare:index_component_sw,2026-09-24T15:32:15.962360+00:00
801080,电子,301045,2022-08-01,akshare:index_component_sw,2026-09-24T15:32:15.962360+00:00
801080,电子,301099,2022-08-01,akshare:index_component_sw,2026-09-24T15:32:15.962360+00:00
801080,电子,600363,2022-08-01,akshare:index_component_sw,2026-09-24T15:32:15.962360+00:00
801080,电子,600745,2022-08-01,akshare:index_component_sw,2026-09-24T15:32:15.962360+00:00
801080,电子,600877,2022-08-01,akshare:index_component_sw,2026-09-24T15:32:15.962360+00:00
801080,电子,688595,2022-08-01,akshare:index_component_sw,2026-09-24T15:32:15.962360+00:00
801080,电子,688371,2022-08-02,akshare:index_component_sw,2026-09-24T15:32:15.962360+00:00
801080,电子,301308,2022-08-05,akshare:index_component_sw,2026-09-24T15:32:15.962360+00:00
801080,电子,688380,2022-08-05,akshare:index_component_sw,2026-09-24T15:32:15.962360+00:00
801080,电子,688661,2022-08-05,akshare:index_component_sw,2026-09-24T15:32:15.962360+00:00
801080,电子,301132,2022-08-10,akshare:index_component_sw,2026-09-24T15:32:15.962360+00:00
801080,电子,688041,2022-08-12,akshare:index_component_sw,2026-09-24T15:32:15.962360+00:00
801080,电子,688401,2022-08-17,akshare:index_component_sw,2026-09-24T15:32:15.962360+00:00
801080,电子,301321,2022-08-18,akshare:index_component_sw,2026-09-24T15:32:15.962360+00:00
801080,电子,688403,2022-08-18,akshare:index_component_sw,2026-09-24T15:32:15.962360+00:00
801080,电子,688381,2022-08-23,akshare:index_component_sw,2026-09-24T15:32:15.962360+00:00
801080,电子,301282,2022-08-26,akshare:index_component_sw,2026-09-24T15:32:15.962360+00:00
801080,电子,688416,2022-08-29,akshare:index_component_sw,2026-09-24T15:32:15.962360+00:00
801080,电子,301328,2022-09-08,akshare:index_component_sw,2026-09-24T15:32:15.962360+00:00
801080,电子,688391,2022-09-13,akshare:index_component_sw,2026-09-24T15:32:15.962360+00:00
801080,电子,688035,2022-09-19,akshare:index_component_sw,2026-09-24T15:32:15.962360+00:00
801080,电子,301326,2022-09-21,akshare:index_component_sw,2026-09-24T15:32:15.962360+00:00
801080,电子,301369,2022-09-22,akshare:index_component_sw,2026-09-24T15:32:15.962360+00:00
801080,电子,301366,2022-09-26,akshare:index_component_sw,2026-09-24T15:32:15.962360+00:00
801080,电子,688252,2022-09-27,akshare:index_component_sw,2026-09-24T15:32:15.962360+00:00
801080,电子,301176,2022-09-28,akshare:index_component_sw,2026-09-24T15:32:15.962360+00:00
801080,电子,301285,2022-09-28,akshare:index_component_sw,2026-09-24T15:32:15.962360+00:00
801080,电子,301319,2022-09-29,akshare:index_component_sw,2026-09-24T15:32:15.962360+00:00
801080,电子,688409,2022-10-10,akshare:index_component_sw,2026-09-24T15:32:15.962360+00:00
801080,电子,603052,2022-10-11,akshare:index_component_sw,2026-09-24T15:32:15.962360+00:00
801080,电子,688061,2022-10-18,akshare:index_component_sw,2026-09-24T15:32:15.962360+00:00
801080,电子,688372,2022-10-26,akshare:index_component_sw,2026-09-24T15:32:15.962360+00:00
801080,电子,001298,2022-10-31,akshare:index_component_sw,2026-09-24T15:32:15.962360+00:00
801080,电子,301389,2022-10-31,akshare:index_component_sw,2026-09-24T15:32:15.962360+00:00
801080,电子,301379,2022-11-01,akshare:index_component_sw,2026-09-24T15:32:15.962360+00:00
801080,电子,688419,2022-11-07,akshare:index_component_sw,2026-09-24T15:32:15.962360+00:00
801080,电子,301359,2022-11-09,akshare:index_component_sw,2026-09-24T15:32:15.962360+00:00
801080,电子,688432,2022-11-10,akshare:index_component_sw,2026-09-24T15:32:15.962360+00:00
801080,电子,688362,2022-11-16,akshare:index_component_sw,2026-09-24T15:32:15.962360+00:00
801080,电子,688172,2022-12-16,akshare:index_component_sw,2026-09-24T15:32:15.962360+00:00
801080,电子,688498,2022-12-21,akshare:index_component_sw,2026-09-24T15:32:15.962360+00:00
801080,电子,688141,2022-12-23,akshare:index_component_sw,2026-09-24T15:32:15.962360+00:00
801080,电子,301297,2022-12-30,akshare:index_component_sw,2026-09-24T15:32:15.962360+00:00
801080,电子,688525,2022-12-30,akshare:index_component_sw,2026-09-24T15:32:15.962360+00:00
801080,电子,688515,2023-02-10,akshare:index_component_sw,2026-09-24T15:32:15.962360+00:00
801080,电子,001314,2023-02-14,akshare:index_component_sw,2026-09-24T15:32:15.962360+00:00
801080,电子,688486,2023-02-21,akshare:index_component_sw,2026-09-24T15:32:15.962360+00:00
801080,电子,603061,2023-03-03,akshare:index_component_sw,2026-09-24T15:32:15.962360+00:00
801080,电子,688502,2023-03-09,akshare:index_component_sw,2026-09-24T15:32:15.962360+00:00
801080,电子,688535,2023-04-04,akshare:index_component_sw,2026-09-24T15:32:15.962360+00:00
801080,电子,688484,2023-04-07,akshare:index_component_sw,2026-09-24T15:32:15.962360+00:00
801080,电子,001287,2023-04-10,akshare:index_component_sw,2026-09-24T15:32:15.962360+00:00
801080,电子,301387,2023-04-18,akshare:index_component_sw,2026-09-24T15:32:15.962360+00:00
801080,电子,688539,2023-04-18,akshare:index_component_sw,2026-09-24T15:32:15.962360+00:00
801080,电子,688352,2023-04-20,akshare:index_component_sw,2026-09-24T15:32:15.962360+00:00
801080,电子,688146,2023-04-21,akshare:index_component_sw,2026-09-24T15:32:15.962360+00:00
801080,电子,688478,2023-04-24,akshare:index_component_sw,2026-09-24T15:32:15.962360+00:00
801080,电子,688249,2023-05-05,akshare:index_component_sw,2026-09-24T15:32:15.962360+00:00
801080,电子,688469,2023-05-10,akshare:index_component_sw,2026-09-24T15:32:15.962360+00:00
801080,电子,688512,2023-05-16,akshare:index_component_sw,2026-09-24T15:32:15.962360+00:00
801080,电子,688361,2023-05-19,akshare:index_component_sw,2026-09-24T15:32:15.962360+00:00
801080,电子,688458,2023-05-22,akshare:index_component_sw,2026-09-24T15:32:15.962360+00:00
801080,电子,001373,2023-06-01,akshare:index_component_sw,2026-09-24T15:32:15.962360+00:00
801080,电子,688593,2023-06-01,akshare:index_component_sw,2026-09-24T15:32:15.962360+00:00
801080,电子,301383,2023-06-09,akshare:index_component_sw,2026-09-24T15:32:15.962360+00:00
801080,电子,688620,2023-06-27,akshare:index_component_sw,2026-09-24T15:32:15.962360+00:00
801080,电子,688582,2023-06-30,akshare:index_component_sw,2026-09-24T15:32:15.962360+00:00
801080,电子,002213,2023-07-06,akshare:index_component_sw,2026-09-24T15:32:15.962360+00:00
801080,电子,301486,2023-07-07,akshare:index_component_sw,2026-09-24T15:32:15.962360+00:00
801080,电子,688603,2023-07-10,akshare:index_component_sw,2026-09-24T15:32:15.962360+00:00
801080,电子,301329,2023-07-17,akshare:index_component_sw,2026-09-24T15:32:15.962360+00:00
801080,电子,688347,2023-08-07,akshare:index_component_sw,2026-09-24T15:32:15.962360+00:00
801080,电子,603296,2023-08-08,akshare:index_component_sw,2026-09-24T15:32:15.962360+00:00
801080,电子,301348,2023-08-10,akshare:index_component_sw,2026-09-24T15:32:15.962360+00:00
801080,电子,688548,2023-08-15,akshare:index_component_sw,2026-09-24T15:32:15.962360+00:00
801080,电子,688693,2023-08-18,akshare:index_component_sw,2026-09-24T15:32:15.962360+00:00
801080,电子,301421,2023-08-23,akshare:index_component_sw,2026-09-24T15:32:15.962360+00:00
801080,电子,688591,2023-08-25,akshare:index_component_sw,2026-09-24T15:32:15.962360+00:00
801080,电子,301251,2023-09-06,akshare:index_component_sw,2026-09-24T15:32:15.962360+00:00
801080,电子,688549,2023-09-08,akshare:index_component_sw,2026-09-24T15:32:15.962360+00:00
801080,电子,688702,2023-09-14,akshare:index_component_sw,2026-09-24T15:32:15.962360+00:00
801080,电子,301489,2023-10-24,akshare:index_component_sw,2026-09-24T15:32:15.962360+00:00
801080,电子,688653,2023-11-21,akshare:index_component_sw,2026-09-24T15:32:15.962360+00:00
801080,电子,688652,2023-11-29,akshare:index_component_sw,2026-09-24T15:32:15.962360+00:00
801080,电子,688720,2023-12-06,akshare:index_component_sw,2026-09-24T15:32:15.962360+00:00
801080,电子,301566,2023-12-29,akshare:index_component_sw,2026-09-24T15:32:15.962360+00:00
801080,电子,301567,2024-01-16,akshare:index_component_sw,2026-09-24T15:32:15.962360+00:00
801080,电子,603375,2024-01-24,akshare:index_component_sw,2026-09-24T15:32:15.962360+00:00
801080,电子,688709,2024-02-07,akshare:index_component_sw,2026-09-24T15:32:15.962360+00:00
801080,电子,688584,2024-02-08,akshare:index_component_sw,2026-09-24T15:32:15.962360+00:00
801080,电子,603341,2024-03-01,akshare:index_component_sw,2026-09-24T15:32:15.962360+00:00
801080,电子,301536,2024-03-28,akshare:index_component_sw,2026-09-24T15:32:15.962360+00:00
801080,电子,001389,2024-04-02,akshare:index_component_sw,2026-09-24T15:32:15.962360+00:00
801080,电子,688691,2024-04-11,akshare:index_component_sw,2026-09-24T15:32:15.962360+00:00
801080,电子,688530,2024-05-10,akshare:index_component_sw,2026-09-24T15:32:15.962360+00:00
801080,电子,300489,2024-06-04,akshare:index_component_sw,2026-09-24T15:32:15.962360+00:00
801080,电子,300784,2024-06-07,akshare:index_component_sw,2026-09-24T15:32:15.962360+00:00
801080,电子,301606,2024-07-26,akshare:index_component_sw,2026-09-24T15:32:15.962360+00:00
801080,电子,001309,2024-07-31,akshare:index_component_sw,2026-09-24T15:32:15.962360+00:00
801080,电子,300053,2024-07-31,akshare:index_component_sw,2026-09-24T15:32:15.962360+00:00
801080,电子,300868,2024-07-31,akshare:index_component_sw,2026-09-24T15:32:15.962360+00:00
801080,电子,600330,2024-07-31,akshare:index_component_sw,2026-09-24T15:32:15.962360+00:00
801080,电子,688378,2024-07-31,akshare:index_component_sw,2026-09-24T15:32:15.962360+00:00
801080,电子,688496,2024-07-31,akshare:index_component_sw,2026-09-24T15:32:15.962360+00:00
801080,电子,688683,2024-07-31,akshare:index_component_sw,2026-09-24T15:32:15.962360+00:00
801080,电子,688721,2024-08-06,akshare:index_component_sw,2026-09-24T15:32:15.962360+00:00
801080,电子,301611,2024-08-16,akshare:index_component_sw,2026-09-24T15:32:15.962360+00:00
801080,电子,301626,2024-10-24,akshare:index_component_sw,2026-09-24T15:32:15.962360+00:00
801080,电子,301628,2024-10-31,akshare:index_component_sw,2026-09-24T15:32:15.962360+00:00
801080,电子,688449,2024-11-29,akshare:index_component_sw,2026-09-24T15:32:15.962360+00:00
801080,电子,688605,2024-12-12,akshare:index_component_sw,2026-09-24T15:32:15.962360+00:00
801080,电子,301458,2025-01-10,akshare:index_component_sw,2026-09-24T15:32:15.962360+00:00
801080,电子,688545,2025-01-22,akshare:index_component_sw,2026-09-24T15:32:15.962360+00:00
801080,电子,301275,2025-03-11,akshare:index_component_sw,2026-09-24T15:32:15.962360+00:00
801080,电子,301479,2025-03-18,akshare:index_component_sw,2026-09-24T15:32:15.962360+00:00
801080,电子,301629,2025-03-24,akshare:index_component_sw,2026-09-24T15:32:15.962360+00:00
801080,电子,688775,2025-06-11,akshare:index_component_sw,2026-09-24T15:32:15.962360+00:00
801080,电子,301678,2025-06-20,akshare:index_component_sw,2026-09-24T15:32:15.962360+00:00
801080,电子,688729,2025-07-08,akshare:index_component_sw,2026-09-24T15:32:15.962360+00:00
801080,电子,301630,2025-07-10,akshare:index_component_sw,2026-09-24T15:32:15.962360+00:00
801080,电子,301491,2025-08-06,akshare:index_component_sw,2026-09-24T15:32:15.962360+00:00
801080,电子,002402,2025-08-13,akshare:index_component_sw,2026-09-24T15:32:15.962360+00:00
801080,电子,603991,2025-08-13,akshare:index_component_sw,2026-09-24T15:32:15.962360+00:00
801080,电子,301563,2025-09-30,akshare:index_component_sw,2026-09-24T15:32:15.962360+00:00
801080,电子,603175,2025-10-24,akshare:index_component_sw,2026-09-24T15:32:15.962360+00:00
801080,电子,688783,2025-10-28,akshare:index_component_sw,2026-09-24T15:32:15.962360+00:00
801080,电子,688727,2025-11-18,akshare:index_component_sw,2026-09-24T15:32:15.962360+00:00
801080,电子,688795,2025-12-05,akshare:index_component_sw,2026-09-24T15:32:15.962360+00:00
801080,电子,688790,2025-12-16,akshare:index_component_sw,2026-09-24T15:32:15.962360+00:00
801080,电子,688802,2025-12-17,akshare:index_component_sw,2026-09-24T15:32:15.962360+00:00
801080,电子,688807,2025-12-19,akshare:index_component_sw,2026-09-24T15:32:15.962360+00:00
801080,电子,688809,2025-12-30,akshare:index_component_sw,2026-09-24T15:32:15.962360+00:00
801080,电子,688785,2026-01-28,akshare:index_component_sw,2026-09-24T15:32:15.962360+00:00
801080,电子,688781,2026-03-25,akshare:index_component_sw,2026-09-24T15:32:15.962360+00:00
801080,电子,603459,2026-04-08,akshare:index_component_sw,2026-09-24T15:32:15.962360+00:00
801080,电子,301666,2026-04-16,akshare:index_component_sw,2026-09-24T15:32:15.962360+00:00
801080,电子,688820,2026-04-21,akshare:index_component_sw,2026-09-24T15:32:15.962360+00:00
801080,电子,688797,2026-06-24,akshare:index_component_sw,2026-09-24T15:32:15.962360+00:00
801080,电子,001399,2026-06-26,akshare:index_component_sw,2026-09-24T15:32:15.962360+00:00
801080,电子,002141,2026-07-02,akshare:index_component_sw,2026-09-24T15:32:15.962360+00:00
801080,电子,002552,2026-07-02,akshare:index_component_sw,2026-09-24T15:32:15.962360+00:00
801080,电子,300128,2026-07-02,akshare:index_component_sw,2026-09-24T15:32:15.962360+00:00
801080,电子,600641,2026-07-02,akshare:index_component_sw,2026-09-24T15:32:15.962360+00:00
801080,电子,603115,2026-07-02,akshare:index_component_sw,2026-09-24T15:32:15.962360+00:00
801080,电子,603316,2026-07-02,akshare:index_component_sw,2026-09-24T15:32:15.962360+00:00
801080,电子,688307,2026-07-02,akshare:index_component_sw,2026-09-24T15:32:15.962360+00:00
801080,电子,301583,2026-07-10,akshare:index_component_sw,2026-09-24T15:32:15.962360+00:00
801080,电子,688825,2026-07-27,akshare:index_component_sw,2026-09-24T15:32:15.962360+00:00
801080,电子,001232,2026-08-04,akshare:index_component_sw,2026-09-24T15:32:15.962360+00:00
801080,电子,301717,2026-08-11,akshare:index_component_sw,2026-09-24T15:32:15.962360+00:00
801080,电子,688002,2026-08-25,akshare:index_component_sw,2026-09-24T15:32:15.962360+00:00
801080,电子,688801,2026-09-11,akshare:index_component_sw,2026-09-24T15:32:15.962360+00:00
801080,电子,000020,2021-12-13,akshare:index_component_sw,2026-09-24T15:32:15.962360+00:00
801880,汽车,000338,2021-12-13,akshare:index_component_sw,2026-09-24T15:32:16.040661+00:00
801880,汽车,000550,2021-12-13,akshare:index_component_sw,2026-09-24T15:32:16.040661+00:00
801880,汽车,000559,2021-12-13,akshare:index_component_sw,2026-09-24T15:32:16.040661+00:00
801880,汽车,000570,2021-12-13,akshare:index_component_sw,2026-09-24T15:32:16.040661+00:00
801880,汽车,000572,2021-12-13,akshare:index_component_sw,2026-09-24T15:32:16.040661+00:00
801880,汽车,000581,2021-12-13,akshare:index_component_sw,2026-09-24T15:32:16.040661+00:00
801880,汽车,000589,2021-12-13,akshare:index_component_sw,2026-09-24T15:32:16.040661+00:00
801880,汽车,000599,2021-12-13,akshare:index_component_sw,2026-09-24T15:32:16.040661+00:00
801880,汽车,000625,2021-12-13,akshare:index_component_sw,2026-09-24T15:32:16.040661+00:00
801880,汽车,000678,2021-12-13,akshare:index_component_sw,2026-09-24T15:32:16.040661+00:00
801880,汽车,000700,2021-12-13,akshare:index_component_sw,2026-09-24T15:32:16.040661+00:00
801880,汽车,000757,2021-12-13,akshare:index_component_sw,2026-09-24T15:32:16.040661+00:00
801880,汽车,000800,2021-12-13,akshare:index_component_sw,2026-09-24T15:32:16.040661+00:00
801880,汽车,000816,2021-12-13,akshare:index_component_sw,2026-09-24T15:32:16.040661+00:00
801880,汽车,000868,2021-12-13,akshare:index_component_sw,2026-09-24T15:32:16.040661+00:00
801880,汽车,000887,2021-12-13,akshare:index_component_sw,2026-09-24T15:32:16.040661+00:00
801880,汽车,000903,2021-12-13,akshare:index_component_sw,2026-09-24T15:32:16.040661+00:00
801880,汽车,000913,2021-12-13,akshare:index_component_sw,2026-09-24T15:32:16.040661+00:00
801880,汽车,000951,2021-12-13,akshare:index_component_sw,2026-09-24T15:32:16.040661+00:00
801880,汽车,000957,2021-12-13,akshare:index_component_sw,2026-09-24T15:32:16.040661+00:00
801880,汽车,000980,2021-12-13,akshare:index_component_sw,2026-09-24T15:32:16.040661+00:00
801880,汽车,002048,2021-12-13,akshare:index_component_sw,2026-09-24T15:32:16.040661+00:00
801880,汽车,002085,2021-12-13,akshare:index_component_sw,2026-09-24T15:32:16.040661+00:00
801880,汽车,002101,2021-12-13,akshare:index_component_sw,2026-09-24T15:32:16.040661+00:00
801880,汽车,002105,2021-12-13,akshare:index_component_sw,2026-09-24T15:32:16.040661+00:00
801880,汽车,002126,2021-12-13,akshare:index_component_sw,2026-09-24T15:32:16.040661+00:00
801880,汽车,002239,2021-12-13,akshare:index_component_sw,2026-09-24T15:32:16.040661+00:00
801880,汽车,002265,2021-12-13,akshare:index_component_sw,2026-09-24T15:32:16.040661+00:00
801880,汽车,002283,2021-12-13,akshare:index_component_sw,2026-09-24T15:32:16.040661+00:00
801880,汽车,002284,2021-12-13,akshare:index_component_sw,2026-09-24T15:32:16.040661+00:00
801880,汽车,002328,2021-12-13,akshare:index_component_sw,2026-09-24T15:32:16.040661+00:00
801880,汽车,002355,2021-12-13,akshare:index_component_sw,2026-09-24T15:32:16.040661+00:00
801880,汽车,002363,2021-12-13,akshare:index_component_sw,2026-09-24T15:32:16.040661+00:00
801880,汽车,002406,2021-12-13,akshare:index_component_sw,2026-09-24T15:32:16.040661+00:00
801880,汽车,002434,2021-12-13,akshare:index_component_sw,2026-09-24T15:32:16.040661+00:00
801880,汽车,002448,2021-12-13,akshare:index_component_sw,2026-09-24T15:32:16.040661+00:00
801880,汽车,002454,2021-12-13,akshare:index_component_sw,2026-09-24T15:32:16.040661+00:00
801880,汽车,002472,2021-12-13,akshare:index_component_sw,2026-09-24T15:32:16.040661+00:00
801880,汽车,002488,2021-12-13,akshare:index_component_sw,2026-09-24T15:32:16.040661+00:00
801880,汽车,002510,2021-12-13,akshare:index_component_sw,2026-09-24T15:32:16.040661+00:00
801880,汽车,002516,2021-12-13,akshare:index_component_sw,2026-09-24T15:32:16.040661+00:00
801880,汽车,002536,2021-12-13,akshare:index_component_sw,2026-09-24T15:32:16.040661+00:00
801880,汽车,002537,2021-12-13,akshare:index_component_sw,2026-09-24T15:32:16.040661+00:00
801880,汽车,002553,2021-12-13,akshare:index_component_sw,2026-09-24T15:32:16.040661+00:00
801880,汽车,002590,2021-12-13,akshare:index_component_sw,2026-09-24T15:32:16.040661+00:00
801880,汽车,002592,2021-12-13,akshare:index_component_sw,2026-09-24T15:32:16.040661+00:00
801880,汽车,002594,2021-12-13,akshare:index_component_sw,2026-09-24T15:32:16.040661+00:00
801880,汽车,002662,2021-12-13,akshare:index_component_sw,2026-09-24T15:32:16.040661+00:00
801880,汽车,002664,2021-12-13,akshare:index_component_sw,2026-09-24T15:32:16.040661+00:00
801880,汽车,002703,2021-12-13,akshare:index_component_sw,2026-09-24T15:32:16.040661+00:00
801880,汽车,002708,2021-12-13,akshare:index_component_sw,2026-09-24T15:32:16.040661+00:00
801880,汽车,002715,2021-12-13,akshare:index_component_sw,2026-09-24T15:32:16.040661+00:00
801880,汽车,002725,2021-12-13,akshare:index_component_sw,2026-09-24T15:32:16.040661+00:00
801880,汽车,002766,2021-12-13,akshare:index_component_sw,2026-09-24T15:32:16.040661+00:00
801880,汽车,002813,2021-12-13,akshare:index_component_sw,2026-09-24T15:32:16.040661+00:00
801880,汽车,002863,2021-12-13,akshare:index_component_sw,2026-09-24T15:32:16.040661+00:00
801880,汽车,002906,2021-12-13,akshare:index_component_sw,2026-09-24T15:32:16.040661+00:00
801880,汽车,002921,2021-12-13,akshare:index_component_sw,2026-09-24T15:32:16.040661+00:00
801880,汽车,002984,2021-12-13,akshare:index_component_sw,2026-09-24T15:32:16.040661+00:00
801880,汽车,002997,2021-12-13,akshare:index_component_sw,2026-09-24T15:32:16.040661+00:00
801880,汽车,003033,2021-12-13,akshare:index_component_sw,2026-09-24T15:32:16.040661+00:00
801880,汽车,300100,2021-12-13,akshare:index_component_sw,2026-09-24T15:32:16.040661+00:00
801880,汽车,300176,2021-12-13,akshare:index_component_sw,2026-09-24T15:32:16.040661+00:00
801880,汽车,300258,2021-12-13,akshare:index_component_sw,2026-09-24T15:32:16.040661+00:00
801880,汽车,300304,2021-12-13,akshare:index_component_sw,2026-09-24T15:32:16.040661+00:00
801880,汽车,300375,2021-12-13,akshare:index_component_sw,2026-09-24T15:32:16.040661+00:00
801880,汽车,300428,2021-12-13,akshare:index_component_sw,2026-09-24T15:32:16.040661+00:00
801880,汽车,300473,2021-12-13,akshare:index_component_sw,2026-09-24T15:32:16.040661+00:00
801880,汽车,300507,2021-12-13,akshare:index_component_sw,2026-09-24T15:32:16.040661+00:00
801880,汽车,300547,2021-12-13,akshare:index_component_sw,2026-09-24T15:32:16.040661+00:00
801880,汽车,300580,2021-12-13,akshare:index_component_sw,2026-09-24T15:32:16.040661+00:00
801880,汽车,300585,2021-12-13,akshare:index_component_sw,2026-09-24T15:32:16.040661+00:00
801880,汽车,300611,2021-12-13,akshare:index_component_sw,2026-09-24T15:32:16.040661+00:00
801880,汽车,300643,2021-12-13,akshare:index_component_sw,2026-09-24T15:32:16.040661+00:00
801880,汽车,300652,2021-12-13,akshare:index_component_sw,2026-09-24T15:32:16.040661+00:00
801880,汽车,300680,2021-12-13,akshare:index_component_sw,2026-09-24T15:32:16.040661+00:00
801880,汽车,300681,2021-12-13,akshare:index_component_sw,2026-09-24T15:32:16.040661+00:00
801880,汽车,300694,2021-12-13,akshare:index_component_sw,2026-09-24T15:32:16.040661+00:00
801880,汽车,300695,2021-12-13,akshare:index_component_sw,2026-09-24T15:32:16.040661+00:00
801880,汽车,300707,2021-12-13,akshare:index_component_sw,2026-09-24T15:32:16.040661+00:00
801880,汽车,300733,2021-12-13,akshare:index_component_sw,2026-09-24T15:32:16.040661+00:00
801880,汽车,300816,2021-12-13,akshare:index_component_sw,2026-09-24T15:32:16.040661+00:00
801880,汽车,300825,2021-12-13,akshare:index_component_sw,2026-09-24T15:32:16.040661+00:00
801880,汽车,300863,2021-12-13,akshare:index_component_sw,2026-09-24T15:32:16.040661+00:00
801880,汽车,300912,2021-12-13,akshare:index_component_sw,2026-09-24T15:32:16.040661+00:00
801880,汽车,300926,2021-12-13,akshare:index_component_sw,2026-09-24T15:32:16.040661+00:00
801880,汽车,300928,2021-12-13,akshare:index_component_sw,2026-09-24T15:32:16.040661+00:00
801880,汽车,300978,2021-12-13,akshare:index_component_sw,2026-09-24T15:32:16.040661+00:00
801880,汽车,300994,2021-12-13,akshare:index_component_sw,2026-09-24T15:32:16.040661+00:00
801880,汽车,300998,2021-12-13,akshare:index_component_sw,2026-09-24T15:32:16.040661+00:00
801880,汽车,301000,2021-12-13,akshare:index_component_sw,2026-09-24T15:32:16.040661+00:00
801880,汽车,301005,2021-12-13,akshare:index_component_sw,2026-09-24T15:32:16.040661+00:00
801880,汽车,301007,2021-12-13,akshare:index_component_sw,2026-09-24T15:32:16.040661+00:00
801880,汽车,301020,2021-12-13,akshare:index_component_sw,2026-09-24T15:32:16.040661+00:00
801880,汽车,301022,2021-12-13,akshare:index_component_sw,2026-09-24T15:32:16.040661+00:00
801880,汽车,301039,2021-12-13,akshare:index_component_sw,2026-09-24T15:32:16.040661+00:00
801880,汽车,301072,2021-12-13,akshare:index_component_sw,2026-09-24T15:32:16.040661+00:00
801880,汽车,301119,2021-12-13,akshare:index_component_sw,2026-09-24T15:32:16.040661+00:00
801880,汽车,301133,2021-12-13,akshare:index_component_sw,2026-09-24T15:32:16.040661+00:00
801880,汽车,301221,2021-12-13,akshare:index_component_sw,2026-09-24T15:32:16.040661+00:00
801880,汽车,600006,2021-12-13,akshare:index_component_sw,2026-09-24T15:32:16.040661+00:00
801880,汽车,600066,2021-12-13,akshare:index_component_sw,2026-09-24T15:32:16.040661+00:00
801880,汽车,600081,2021-12-13,akshare:index_component_sw,2026-09-24T15:32:16.040661+00:00
801880,汽车,600099,2021-12-13,akshare:index_component_sw,2026-09-24T15:32:16.040661+00:00
801880,汽车,600104,2021-12-13,akshare:index_component_sw,2026-09-24T15:32:16.040661+00:00
801880,汽车,600148,2021-12-13,akshare:index_component_sw,2026-09-24T15:32:16.040661+00:00
801880,汽车,600166,2021-12-13,akshare:index_component_sw,2026-09-24T15:32:16.040661+00:00
801880,汽车,600178,2021-12-13,akshare:index_component_sw,2026-09-24T15:32:16.040661+00:00
801880,汽车,600182,2021-12-13,akshare:index_component_sw,2026-09-24T15:32:16.040661+00:00
801880,汽车,600218,2021-12-13,akshare:index_component_sw,2026-09-24T15:32:16.040661+00:00
801880,汽车,600303,2021-12-13,akshare:index_component_sw,2026-09-24T15:32:16.040661+00:00
801880,汽车,600335,2021-12-13,akshare:index_component_sw,2026-09-24T15:32:16.040661+00:00
801880,汽车,600386,2021-12-13,akshare:index_component_sw,2026-09-24T15:32:16.040661+00:00
801880,汽车,600418,2021-12-13,akshare:index_component_sw,2026-09-24T15:32:16.040661+00:00
801880,汽车,600469,2021-12-13,akshare:index_component_sw,2026-09-24T15:32:16.040661+00:00
801880,汽车,600480,2021-12-13,akshare:index_component_sw,2026-09-24T15:32:16.040661+00:00
801880,汽车,600523,2021-12-13,akshare:index_component_sw,2026-09-24T15:32:16.040661+00:00
801880,汽车,600609,2021-12-13,akshare:index_component_sw,2026-09-24T15:32:16.040661+00:00
801880,汽车,600626,2021-12-13,akshare:index_component_sw,2026-09-24T15:32:16.040661+00:00
801880,汽车,600653,2021-12-13,akshare:index_component_sw,2026-09-24T15:32:16.040661+00:00
801880,汽车,600660,2021-12-13,akshare:index_component_sw,2026-09-24T15:32:16.040661+00:00
801880,汽车,600679,2021-12-13,akshare:index_component_sw,2026-09-24T15:32:16.040661+00:00
801880,汽车,600686,2021-12-13,akshare:index_component_sw,2026-09-24T15:32:16.040661+00:00
801880,汽车,600698,2021-12-13,akshare:index_component_sw,2026-09-24T15:32:16.040661+00:00
801880,汽车,600699,2021-12-13,akshare:index_component_sw,2026-09-24T15:32:16.040661+00:00
801880,汽车,600741,2021-12-13,akshare:index_component_sw,2026-09-24T15:32:16.040661+00:00
801880,汽车,600742,2021-12-13,akshare:index_component_sw,2026-09-24T15:32:16.040661+00:00
801880,汽车,600822,2021-12-13,akshare:index_component_sw,2026-09-24T15:32:16.040661+00:00
801880,汽车,600933,2021-12-13,akshare:index_component_sw,2026-09-24T15:32:16.040661+00:00
801880,汽车,600960,2021-12-13,akshare:index_component_sw,2026-09-24T15:32:16.040661+00:00
801880,汽车,601058,2021-12-13,akshare:index_component_sw,2026-09-24T15:32:16.040661+00:00
801880,汽车,601163,2021-12-13,akshare:index_component_sw,2026-09-24T15:32:16.040661+00:00
801880,汽车,601238,2021-12-13,akshare:index_component_sw,2026-09-24T15:32:16.040661+00:00
801880,汽车,601279,2021-12-13,akshare:index_component_sw,2026-09-24T15:32:16.040661+00:00
801880,汽车,601500,2021-12-13,akshare:index_component_sw,2026-09-24T15:32:16.040661+00:00
801880,汽车,601633,2021-12-13,akshare:index_component_sw,2026-09-24T15:32:16.040661+00:00
801880,汽车,601689,2021-12-13,akshare:index_component_sw,2026-09-24T15:32:16.040661+00:00
801880,汽车,601777,2021-12-13,akshare:index_component_sw,2026-09-24T15:32:16.040661+00:00
801880,汽车,601965,2021-12-13,akshare:index_component_sw,2026-09-24T15:32:16.040661+00:00
801880,汽车,601966,2021-12-13,akshare:index_component_sw,2026-09-24T15:32:16.040661+00:00
801880,汽车,603006,2021-12-13,akshare:index_component_sw,2026-09-24T15:32:16.040661+00:00
801880,汽车,603009,2021-12-13,akshare:index_component_sw,2026-09-24T15:32:16.040661+00:00
801880,汽车,603013,2021-12-13,akshare:index_component_sw,2026-09-24T15:32:16.040661+00:00
801880,汽车,603023,2021-12-13,akshare:index_component_sw,2026-09-24T15:32:16.040661+00:00
801880,汽车,603035,2021-12-13,akshare:index_component_sw,2026-09-24T15:32:16.040661+00:00
801880,汽车,603037,2021-12-13,akshare:index_component_sw,2026-09-24T15:32:16.040661+00:00
801880,汽车,603040,2021-12-13,akshare:index_component_sw,2026-09-24T15:32:16.040661+00:00
801880,汽车,603048,2021-12-13,akshare:index_component_sw,2026-09-24T15:32:16.040661+00:00
801880,汽车,603085,2021-12-13,akshare:index_component_sw,2026-09-24T15:32:16.040661+00:00
801880,汽车,603089,2021-12-13,akshare:index_component_sw,2026-09-24T15:32:16.040661+00:00
801880,汽车,603109,2021-12-13,akshare:index_component_sw,2026-09-24T15:32:16.040661+00:00
801880,汽车,603121,2021-12-13,akshare:index_component_sw,2026-09-24T15:32:16.040661+00:00
801880,汽车,603129,2021-12-13,akshare:index_component_sw,2026-09-24T15:32:16.040661+00:00
801880,汽车,603158,2021-12-13,akshare:index_component_sw,2026-09-24T15:32:16.040661+00:00
801880,汽车,603161,2021-12-13,akshare:index_component_sw,2026-09-24T15:32:16.040661+00:00
801880,汽车,603166,2021-12-13,akshare:index_component_sw,2026-09-24T15:32:16.040661+00:00
801880,汽车,603178,2021-12-13,akshare:index_component_sw,2026-09-24T15:32:16.040661+00:00
801880,汽车,603179,2021-12-13,akshare:index_component_sw,2026-09-24T15:32:16.040661+00:00
801880,汽车,603197,2021-12-13,akshare:index_component_sw,2026-09-24T15:32:16.040661+00:00
801880,汽车,603239,2021-12-13,akshare:index_component_sw,2026-09-24T15:32:16.040661+00:00
801880,汽车,603286,2021-12-13,akshare:index_component_sw,2026-09-24T15:32:16.040661+00:00
801880,汽车,603305,2021-12-13,akshare:index_component_sw,2026-09-24T15:32:16.040661+00:00
801880,汽车,603306,2021-12-13,akshare:index_component_sw,2026-09-24T15:32:16.040661+00:00
801880,汽车,603319,2021-12-13,akshare:index_component_sw,2026-09-24T15:32:16.040661+00:00
801880,汽车,603335,2021-12-13,akshare:index_component_sw,2026-09-24T15:32:16.040661+00:00
801880,汽车,603348,2021-12-13,akshare:index_component_sw,2026-09-24T15:32:16.040661+00:00
801880,汽车,603358,2021-12-13,akshare:index_component_sw,2026-09-24T15:32:16.040661+00:00
801880,汽车,603390,2021-12-13,akshare:index_component_sw,2026-09-24T15:32:16.040661+00:00
801880,汽车,603529,2021-12-13,akshare:index_component_sw,2026-09-24T15:32:16.040661+00:00
801880,汽车,603586,2021-12-13,akshare:index_component_sw,2026-09-24T15:32:16.040661+00:00
801880,汽车,603596,2021-12-13,akshare:index_component_sw,2026-09-24T15:32:16.040661+00:00
801880,汽车,603655,2021-12-13,akshare:index_component_sw,2026-09-24T15:32:16.040661+00:00
801880,汽车,603701,2021-12-13,akshare:index_component_sw,2026-09-24T15:32:16.040661+00:00
801880,汽车,603730,2021-12-13,akshare:index_component_sw,2026-09-24T15:32:16.040661+00:00
801880,汽车,603758,2021-12-13,akshare:index_component_sw,2026-09-24T15:32:16.040661+00:00
801880,汽车,603766,2021-12-13,akshare:index_component_sw,2026-09-24T15:32:16.040661+00:00
801880,汽车,603767,2021-12-13,akshare:index_component_sw,2026-09-24T15:32:16.040661+00:00
801880,汽车,603768,2021-12-13,akshare:index_component_sw,2026-09-24T15:32:16.040661+00:00
801880,汽车,603776,2021-12-13,akshare:index_component_sw,2026-09-24T15:32:16.040661+00:00
801880,汽车,603786,2021-12-13,akshare:index_component_sw,2026-09-24T15:32:16.040661+00:00
801880,汽车,603787,2021-12-13,akshare:index_component_sw,2026-09-24T15:32:16.040661+00:00
801880,汽车,603788,2021-12-13,akshare:index_component_sw,2026-09-24T15:32:16.040661+00:00
801880,汽车,603809,2021-12-13,akshare:index_component_sw,2026-09-24T15:32:16.040661+00:00
801880,汽车,603917,2021-12-13,akshare:index_component_sw,2026-09-24T15:32:16.040661+00:00
801880,汽车,603922,2021-12-13,akshare:index_component_sw,2026-09-24T15:32:16.040661+00:00
801880,汽车,603926,2021-12-13,akshare:index_component_sw,2026-09-24T15:32:16.040661+00:00
801880,汽车,603949,2021-12-13,akshare:index_component_sw,2026-09-24T15:32:16.040661+00:00
801880,汽车,603950,2021-12-13,akshare:index_component_sw,2026-09-24T15:32:16.040661+00:00
801880,汽车,603982,2021-12-13,akshare:index_component_sw,2026-09-24T15:32:16.040661+00:00
801880,汽车,603997,2021-12-13,akshare:index_component_sw,2026-09-24T15:32:16.040661+00:00
801880,汽车,605005,2021-12-13,akshare:index_component_sw,2026-09-24T15:32:16.040661+00:00
801880,汽车,605018,2021-12-13,akshare:index_component_sw,2026-09-24T15:32:16.040661+00:00
801880,汽车,605068,2021-12-13,akshare:index_component_sw,2026-09-24T15:32:16.040661+00:00
801880,汽车,605088,2021-12-13,akshare:index_component_sw,2026-09-24T15:32:16.040661+00:00
801880,汽车,605128,2021-12-13,akshare:index_component_sw,2026-09-24T15:32:16.040661+00:00
801880,汽车,605133,2021-12-13,akshare:index_component_sw,2026-09-24T15:32:16.040661+00:00
801880,汽车,605228,2021-12-13,akshare:index_component_sw,2026-09-24T15:32:16.040661+00:00
801880,汽车,605255,2021-12-13,akshare:index_component_sw,2026-09-24T15:32:16.040661+00:00
801880,汽车,605319,2021-12-13,akshare:index_component_sw,2026-09-24T15:32:16.040661+00:00
801880,汽车,605333,2021-12-13,akshare:index_component_sw,2026-09-24T15:32:16.040661+00:00
801880,汽车,688021,2021-12-13,akshare:index_component_sw,2026-09-24T15:32:16.040661+00:00
801880,汽车,688280,2021-12-13,akshare:index_component_sw,2026-09-24T15:32:16.040661+00:00
801880,汽车,688533,2021-12-13,akshare:index_component_sw,2026-09-24T15:32:16.040661+00:00
801880,汽车,688667,2021-12-13,akshare:index_component_sw,2026-09-24T15:32:16.040661+00:00
801880,汽车,688737,2021-12-13,akshare:index_component_sw,2026-09-24T15:32:16.040661+00:00
801880,汽车,301186,2021-12-23,akshare:index_component_sw,2026-09-24T15:32:16.040661+00:00
801880,汽车,301181,2022-02-21,akshare:index_component_sw,2026-09-24T15:32:16.040661+00:00
801880,汽车,603266,2022-02-23,akshare:index_component_sw,2026-09-24T15:32:16.040661+00:00
801880,汽车,301215,2022-03-08,akshare:index_component_sw,2026-09-24T15:32:16.040661+00:00
801880,汽车,301298,2022-06-06,akshare:index_component_sw,2026-09-24T15:32:16.040661+00:00
801880,汽车,301233,2022-07-06,akshare:index_component_sw,2026-09-24T15:32:16.040661+00:00
801880,汽车,603211,2022-07-25,akshare:index_component_sw,2026-09-24T15:32:16.040661+00:00
801880,汽车,000901,2022-08-01,akshare:index_component_sw,2026-09-24T15:32:16.040661+00:00
801880,汽车,000981,2022-08-01,akshare:index_component_sw,2026-09-24T15:32:16.040661+00:00
801880,汽车,002190,2022-08-01,akshare:index_component_sw,2026-09-24T15:32:16.040661+00:00
801880,汽车,002547,2022-08-01,akshare:index_component_sw,2026-09-24T15:32:16.040661+00:00
801880,汽车,002870,2022-08-01,akshare:index_component_sw,2026-09-24T15:32:16.040661+00:00
801880,汽车,002965,2022-08-01,akshare:index_component_sw,2026-09-24T15:32:16.040661+00:00
801880,汽车,002976,2022-08-01,akshare:index_component_sw,2026-09-24T15:32:16.040661+00:00
801880,汽车,300237,2022-08-01,akshare:index_component_sw,2026-09-24T15:32:16.040661+00:00
801880,汽车,300745,2022-08-01,akshare:index_component_sw,2026-09-24T15:32:16.040661+00:00
801880,汽车,300893,2022-08-01,akshare:index_component_sw,2026-09-24T15:32:16.040661+00:00
801880,汽车,300969,2022-08-01,akshare:index_component_sw,2026-09-24T15:32:16.040661+00:00
801880,汽车,600733,2022-08-01,akshare:index_component_sw,2026-09-24T15:32:16.040661+00:00
801880,汽车,600818,2022-08-01,akshare:index_component_sw,2026-09-24T15:32:16.040661+00:00
801880,汽车,601799,2022-08-01,akshare:index_component_sw,2026-09-24T15:32:16.040661+00:00
801880,汽车,605151,2022-08-01,akshare:index_component_sw,2026-09-24T15:32:16.040661+00:00
801880,汽车,301192,2022-08-11,akshare:index_component_sw,2026-09-24T15:32:16.040661+00:00
801880,汽车,001319,2022-12-07,akshare:index_component_sw,2026-09-24T15:32:16.040661+00:00
801880,汽车,301398,2022-12-15,akshare:index_component_sw,2026-09-24T15:32:16.040661+00:00
801880,汽车,001260,2023-02-16,akshare:index_component_sw,2026-09-24T15:32:16.040661+00:00
801880,汽车,603190,2023-02-17,akshare:index_component_sw,2026-09-24T15:32:16.040661+00:00
801880,汽车,001311,2023-02-27,akshare:index_component_sw,2026-09-24T15:32:16.040661+00:00
801880,汽车,301322,2023-03-06,akshare:index_component_sw,2026-09-24T15:32:16.040661+00:00
801880,汽车,001278,2023-03-08,akshare:index_component_sw,2026-09-24T15:32:16.040661+00:00
801880,汽车,301345,2023-03-20,akshare:index_component_sw,2026-09-24T15:32:16.040661+00:00
801880,汽车,001380,2023-05-16,akshare:index_component_sw,2026-09-24T15:32:16.040661+00:00
801880,汽车,001282,2023-05-24,akshare:index_component_sw,2026-09-24T15:32:16.040661+00:00
801880,汽车,301310,2023-06-02,akshare:index_component_sw,2026-09-24T15:32:16.040661+00:00
801880,汽车,301225,2023-06-16,akshare:index_component_sw,2026-09-24T15:32:16.040661+00:00
801880,汽车,301170,2023-06-27,akshare:index_component_sw,2026-09-24T15:32:16.040661+00:00
801880,汽车,301397,2023-06-28,akshare:index_component_sw,2026-09-24T15:32:16.040661+00:00
801880,汽车,301488,2023-07-04,akshare:index_component_sw,2026-09-24T15:32:16.040661+00:00
801880,汽车,002806,2023-07-06,akshare:index_component_sw,2026-09-24T15:32:16.040661+00:00
801880,汽车,600375,2023-07-06,akshare:index_component_sw,2026-09-24T15:32:16.040661+00:00
801880,汽车,600841,2023-07-06,akshare:index_component_sw,2026-09-24T15:32:16.040661+00:00
801880,汽车,301499,2023-07-21,akshare:index_component_sw,2026-09-24T15:32:16.040661+00:00
801880,汽车,688612,2023-07-26,akshare:index_component_sw,2026-09-24T15:32:16.040661+00:00
801880,汽车,603119,2023-08-01,akshare:index_component_sw,2026-09-24T15:32:16.040661+00:00
801880,汽车,301529,2023-09-11,akshare:index_component_sw,2026-09-24T15:32:16.040661+00:00
801880,汽车,603107,2023-11-01,akshare:index_component_sw,2026-09-24T15:32:16.040661+00:00
801880,汽车,301539,2024-04-15,akshare:index_component_sw,2026-09-24T15:32:16.040661+00:00
801880,汽车,301552,2024-07-22,akshare:index_component_sw,2026-09-24T15:32:16.040661+00:00
801880,汽车,002937,2024-07-31,akshare:index_component_sw,2026-09-24T15:32:16.040661+00:00
801880,汽车,300446,2024-07-31,akshare:index_component_sw,2026-09-24T15:32:16.040661+00:00
801880,汽车,301550,2024-07-31,akshare:index_component_sw,2026-09-24T15:32:16.040661+00:00
801880,汽车,600651,2024-07-31,akshare:index_component_sw,2026-09-24T15:32:16.040661+00:00
801880,汽车,600676,2024-07-31,akshare:index_component_sw,2026-09-24T15:32:16.040661+00:00
801880,汽车,601127,2024-07-31,akshare:index_component_sw,2026-09-24T15:32:16.040661+00:00
801880,汽车,603201,2024-07-31,akshare:index_component_sw,2026-09-24T15:32:16.040661+00:00
801880,汽车,301607,2024-09-04,akshare:index_component_sw,2026-09-24T15:32:16.040661+00:00
801880,汽车,301613,2024-10-25,akshare:index_component_sw,2026-09-24T15:32:16.040661+00:00
801880,汽车,301229,2024-11-19,akshare:index_component_sw,2026-09-24T15:32:16.040661+00:00
801880,汽车,301631,2024-11-22,akshare:index_component_sw,2026-09-24T15:32:16.040661+00:00
801880,汽车,301581,2025-01-03,akshare:index_component_sw,2026-09-24T15:32:16.040661+00:00
801880,汽车,301173,2025-03-03,akshare:index_component_sw,2026-09-24T15:32:16.040661+00:00
801880,汽车,603409,2025-03-04,akshare:index_component_sw,2026-09-24T15:32:16.040661+00:00
801880,汽车,301535,2025-03-27,akshare:index_component_sw,2026-09-24T15:32:16.040661+00:00
801880,汽车,603210,2025-04-09,akshare:index_component_sw,2026-09-24T15:32:16.040661+00:00
801880,汽车,603202,2025-04-24,akshare:index_component_sw,2026-09-24T15:32:16.040661+00:00
801880,汽车,301560,2025-04-25,akshare:index_component_sw,2026-09-24T15:32:16.040661+00:00
801880,汽车,603049,2025-06-05,akshare:index_component_sw,2026-09-24T15:32:16.040661+00:00
801880,汽车,002765,2025-08-13,akshare:index_component_sw,2026-09-24T15:32:16.040661+00:00
801880,汽车,603418,2025-09-23,akshare:index_component_sw,2026-09-24T15:32:16.040661+00:00
801880,汽车,301656,2025-09-25,akshare:index_component_sw,2026-09-24T15:32:16.040661+00:00
801880,汽车,001285,2025-09-30,akshare:index_component_sw,2026-09-24T15:32:16.040661+00:00
801880,汽车,603376,2025-11-07,akshare:index_component_sw,2026-09-24T15:32:16.040661+00:00
801880,汽车,001233,2025-11-25,akshare:index_component_sw,2026-09-24T15:32:16.040661+00:00
801880,汽车,301667,2025-12-23,akshare:index_component_sw,2026-09-24T15:32:16.040661+00:00
801880,汽车,603352,2026-01-15,akshare:index_component_sw,2026-09-24T15:32:16.040661+00:00
801880,汽车,301680,2026-03-06,akshare:index_component_sw,2026-09-24T15:32:16.040661+00:00
801880,汽车,603293,2026-04-16,akshare:index_component_sw,2026-09-24T15:32:16.040661+00:00
801880,汽车,001365,2026-05-18,akshare:index_component_sw,2026-09-24T15:32:16.040661+00:00
801880,汽车,600151,2026-07-02,akshare:index_component_sw,2026-09-24T15:32:16.040661+00:00
801880,汽车,603007,2026-07-02,akshare:index_component_sw,2026-09-24T15:32:16.040661+00:00
801880,汽车,603960,2026-07-02,akshare:index_component_sw,2026-09-24T15:32:16.040661+00:00
801880,汽车,603468,2026-08-06,akshare:index_component_sw,2026-09-24T15:32:16.040661+00:00
801880,汽车,301655,2026-08-20,akshare:index_component_sw,2026-09-24T15:32:16.040661+00:00
801880,汽车,603448,2026-09-07,akshare:index_component_sw,2026-09-24T15:32:16.040661+00:00
801880,汽车,000030,2021-12-13,akshare:index_component_sw,2026-09-24T15:32:16.040661+00:00
801110,家用电器,000404,2021-12-13,akshare:index_component_sw,2026-09-24T15:32:16.149199+00:00
801110,家用电器,000521,2021-12-13,akshare:index_component_sw,2026-09-24T15:32:16.149199+00:00
801110,家用电器,000541,2021-12-13,akshare:index_component_sw,2026-09-24T15:32:16.149199+00:00
801110,家用电器,000651,2021-12-13,akshare:index_component_sw,2026-09-24T15:32:16.149199+00:00
801110,家用电器,000801,2021-12-13,akshare:index_component_sw,2026-09-24T15:32:16.149199+00:00
801110,家用电器,000810,2021-12-13,akshare:index_component_sw,2026-09-24T15:32:16.149199+00:00
801110,家用电器,000921,2021-12-13,akshare:index_component_sw,2026-09-24T15:32:16.149199+00:00
801110,家用电器,002005,2021-12-13,akshare:index_component_sw,2026-09-24T15:32:16.149199+00:00
801110,家用电器,002011,2021-12-13,akshare:index_component_sw,2026-09-24T15:32:16.149199+00:00
801110,家用电器,002032,2021-12-13,akshare:index_component_sw,2026-09-24T15:32:16.149199+00:00
801110,家用电器,002035,2021-12-13,akshare:index_component_sw,2026-09-24T15:32:16.149199+00:00
801110,家用电器,002050,2021-12-13,akshare:index_component_sw,2026-09-24T15:32:16.149199+00:00
801110,家用电器,002076,2021-12-13,akshare:index_component_sw,2026-09-24T15:32:16.149199+00:00
801110,家用电器,002242,2021-12-13,akshare:index_component_sw,2026-09-24T15:32:16.149199+00:00
801110,家用电器,002290,2021-12-13,akshare:index_component_sw,2026-09-24T15:32:16.149199+00:00
801110,家用电器,002403,2021-12-13,akshare:index_component_sw,2026-09-24T15:32:16.149199+00:00
801110,家用电器,002418,2021-12-13,akshare:index_component_sw,2026-09-24T15:32:16.149199+00:00
801110,家用电器,002429,2021-12-13,akshare:index_component_sw,2026-09-24T15:32:16.149199+00:00
801110,家用电器,002508,2021-12-13,akshare:index_component_sw,2026-09-24T15:32:16.149199+00:00
801110,家用电器,002543,2021-12-13,akshare:index_component_sw,2026-09-24T15:32:16.149199+00:00
801110,家用电器,002614,2021-12-13,akshare:index_component_sw,2026-09-24T15:32:16.149199+00:00
801110,家用电器,002668,2021-12-13,akshare:index_component_sw,2026-09-24T15:32:16.149199+00:00
801110,家用电器,002676,2021-12-13,akshare:index_component_sw,2026-09-24T15:32:16.149199+00:00
801110,家用电器,002677,2021-12-13,akshare:index_component_sw,2026-09-24T15:32:16.149199+00:00
801110,家用电器,002705,2021-12-13,akshare:index_component_sw,2026-09-24T15:32:16.149199+00:00
801110,家用电器,002723,2021-12-13,akshare:index_component_sw,2026-09-24T15:32:16.149199+00:00
801110,家用电器,002860,2021-12-13,akshare:index_component_sw,2026-09-24T15:32:16.149199+00:00
801110,家用电器,002959,2021-12-13,akshare:index_component_sw,2026-09-24T15:32:16.149199+00:00
801110,家用电器,300160,2021-12-13,akshare:index_component_sw,2026-09-24T15:32:16.149199+00:00
801110,家用电器,300217,2021-12-13,akshare:index_component_sw,2026-09-24T15:32:16.149199+00:00
801110,家用电器,300247,2021-12-13,akshare:index_component_sw,2026-09-24T15:32:16.149199+00:00
801110,家用电器,300342,2021-12-13,akshare:index_component_sw,2026-09-24T15:32:16.149199+00:00
801110,家用电器,300403,2021-12-13,akshare:index_component_sw,2026-09-24T15:32:16.149199+00:00
801110,家用电器,300625,2021-12-13,akshare:index_component_sw,2026-09-24T15:32:16.149199+00:00
801110,家用电器,300824,2021-12-13,akshare:index_component_sw,2026-09-24T15:32:16.149199+00:00
801110,家用电器,300894,2021-12-13,akshare:index_component_sw,2026-09-24T15:32:16.149199+00:00
801110,家用电器,300911,2021-12-13,akshare:index_component_sw,2026-09-24T15:32:16.149199+00:00
801110,家用电器,301008,2021-12-13,akshare:index_component_sw,2026-09-24T15:32:16.149199+00:00
801110,家用电器,600060,2021-12-13,akshare:index_component_sw,2026-09-24T15:32:16.149199+00:00
801110,家用电器,600261,2021-12-13,akshare:index_component_sw,2026-09-24T15:32:16.149199+00:00
801110,家用电器,600336,2021-12-13,akshare:index_component_sw,2026-09-24T15:32:16.149199+00:00
801110,家用电器,600619,2021-12-13,akshare:index_component_sw,2026-09-24T15:32:16.149199+00:00
801110,家用电器,600690,2021-12-13,akshare:index_component_sw,2026-09-24T15:32:16.149199+00:00
801110,家用电器,600839,2021-12-13,akshare:index_component_sw,2026-09-24T15:32:16.149199+00:00
801110,家用电器,600983,2021-12-13,akshare:index_component_sw,2026-09-24T15:32:16.149199+00:00
801110,家用电器,601956,2021-12-13,akshare:index_component_sw,2026-09-24T15:32:16.149199+00:00
801110,家用电器,603112,2021-12-13,akshare:index_component_sw,2026-09-24T15:32:16.149199+00:00
801110,家用电器,603219,2021-12-13,akshare:index_component_sw,2026-09-24T15:32:16.149199+00:00
801110,家用电器,603303,2021-12-13,akshare:index_component_sw,2026-09-24T15:32:16.149199+00:00
801110,家用电器,603311,2021-12-13,akshare:index_component_sw,2026-09-24T15:32:16.149199+00:00
801110,家用电器,603355,2021-12-13,akshare:index_component_sw,2026-09-24T15:32:16.149199+00:00
801110,家用电器,603366,2021-12-13,akshare:index_component_sw,2026-09-24T15:32:16.149199+00:00
801110,家用电器,603486,2021-12-13,akshare:index_component_sw,2026-09-24T15:32:16.149199+00:00
801110,家用电器,603515,2021-12-13,akshare:index_component_sw,2026-09-24T15:32:16.149199+00:00
801110,家用电器,603519,2021-12-13,akshare:index_component_sw,2026-09-24T15:32:16.149199+00:00
801110,家用电器,603551,2021-12-13,akshare:index_component_sw,2026-09-24T15:32:16.149199+00:00
801110,家用电器,603578,2021-12-13,akshare:index_component_sw,2026-09-24T15:32:16.149199+00:00
801110,家用电器,603579,2021-12-13,akshare:index_component_sw,2026-09-24T15:32:16.149199+00:00
801110,家用电器,603657,2021-12-13,akshare:index_component_sw,2026-09-24T15:32:16.149199+00:00
801110,家用电器,603677,2021-12-13,akshare:index_component_sw,2026-09-24T15:32:16.149199+00:00
801110,家用电器,603726,2021-12-13,akshare:index_component_sw,2026-09-24T15:32:16.149199+00:00
801110,家用电器,603868,2021-12-13,akshare:index_component_sw,2026-09-24T15:32:16.149199+00:00
801110,家用电器,605336,2021-12-13,akshare:index_component_sw,2026-09-24T15:32:16.149199+00:00
801110,家用电器,605365,2021-12-13,akshare:index_component_sw,2026-09-24T15:32:16.149199+00:00
801110,家用电器,605555,2021-12-13,akshare:index_component_sw,2026-09-24T15:32:16.149199+00:00
801110,家用电器,688169,2021-12-13,akshare:index_component_sw,2026-09-24T15:32:16.149199+00:00
801110,家用电器,688609,2021-12-13,akshare:index_component_sw,2026-09-24T15:32:16.149199+00:00
801110,家用电器,688793,2021-12-13,akshare:index_component_sw,2026-09-24T15:32:16.149199+00:00
801110,家用电器,603215,2022-02-18,akshare:index_component_sw,2026-09-24T15:32:16.149199+00:00
801110,家用电器,301187,2022-04-22,akshare:index_component_sw,2026-09-24T15:32:16.149199+00:00
801110,家用电器,001268,2022-06-30,akshare:index_component_sw,2026-09-24T15:32:16.149199+00:00
801110,家用电器,001259,2022-08-31,akshare:index_component_sw,2026-09-24T15:32:16.149199+00:00
801110,家用电器,301332,2023-05-18,akshare:index_component_sw,2026-09-24T15:32:16.149199+00:00
801110,家用电器,301252,2023-05-25,akshare:index_component_sw,2026-09-24T15:32:16.149199+00:00
801110,家用电器,301362,2023-08-04,akshare:index_component_sw,2026-09-24T15:32:16.149199+00:00
801110,家用电器,603075,2023-09-11,akshare:index_component_sw,2026-09-24T15:32:16.149199+00:00
801110,家用电器,001326,2023-11-09,akshare:index_component_sw,2026-09-24T15:32:16.149199+00:00
801110,家用电器,301578,2023-12-28,akshare:index_component_sw,2026-09-24T15:32:16.149199+00:00
801110,家用电器,001387,2024-01-11,akshare:index_component_sw,2026-09-24T15:32:16.149199+00:00
801110,家用电器,300272,2024-05-22,akshare:index_component_sw,2026-09-24T15:32:16.149199+00:00
801110,家用电器,000016,2024-07-31,akshare:index_component_sw,2026-09-24T15:32:16.149199+00:00
801110,家用电器,002638,2024-07-31,akshare:index_component_sw,2026-09-24T15:32:16.149199+00:00
801110,家用电器,002724,2024-07-31,akshare:index_component_sw,2026-09-24T15:32:16.149199+00:00
801110,家用电器,002848,2024-07-31,akshare:index_component_sw,2026-09-24T15:32:16.149199+00:00
801110,家用电器,003023,2024-07-31,akshare:index_component_sw,2026-09-24T15:32:16.149199+00:00
801110,家用电器,003028,2024-07-31,akshare:index_component_sw,2026-09-24T15:32:16.149199+00:00
801110,家用电器,300279,2024-07-31,akshare:index_component_sw,2026-09-24T15:32:16.149199+00:00
801110,家用电器,300543,2024-07-31,akshare:index_component_sw,2026-09-24T15:32:16.149199+00:00
801110,家用电器,301135,2024-07-31,akshare:index_component_sw,2026-09-24T15:32:16.149199+00:00
801110,家用电器,301280,2024-07-31,akshare:index_component_sw,2026-09-24T15:32:16.149199+00:00
801110,家用电器,688696,2024-07-31,akshare:index_component_sw,2026-09-24T15:32:16.149199+00:00
801110,家用电器,600854,2026-07-02,akshare:index_component_sw,2026-09-24T15:32:16.149199+00:00
801110,家用电器,000333,2021-12-13,akshare:index_component_sw,2026-09-24T15:32:16.149199+00:00
801120,食品饮料,000596,2021-12-13,akshare:index_component_sw,2026-09-24T15:32:16.251366+00:00
801120,食品饮料,000729,2021-12-13,akshare:index_component_sw,2026-09-24T15:32:16.251366+00:00
801120,食品饮料,000752,2021-12-13,akshare:index_component_sw,2026-09-24T15:32:16.251366+00:00
801120,食品饮料,000799,2021-12-13,akshare:index_component_sw,2026-09-24T15:32:16.251366+00:00
801120,食品饮料,000848,2021-12-13,akshare:index_component_sw,2026-09-24T15:32:16.251366+00:00
801120,食品饮料,000858,2021-12-13,akshare:index_component_sw,2026-09-24T15:32:16.251366+00:00
801120,食品饮料,000860,2021-12-13,akshare:index_component_sw,2026-09-24T15:32:16.251366+00:00
801120,食品饮料,000869,2021-12-13,akshare:index_component_sw,2026-09-24T15:32:16.251366+00:00
801120,食品饮料,000895,2021-12-13,akshare:index_component_sw,2026-09-24T15:32:16.251366+00:00
801120,食品饮料,000929,2021-12-13,akshare:index_component_sw,2026-09-24T15:32:16.251366+00:00
801120,食品饮料,000995,2021-12-13,akshare:index_component_sw,2026-09-24T15:32:16.251366+00:00
801120,食品饮料,001215,2021-12-13,akshare:index_component_sw,2026-09-24T15:32:16.251366+00:00
801120,食品饮料,001219,2021-12-13,akshare:index_component_sw,2026-09-24T15:32:16.251366+00:00
801120,食品饮料,002216,2021-12-13,akshare:index_component_sw,2026-09-24T15:32:16.251366+00:00
801120,食品饮料,002304,2021-12-13,akshare:index_component_sw,2026-09-24T15:32:16.251366+00:00
801120,食品饮料,002329,2021-12-13,akshare:index_component_sw,2026-09-24T15:32:16.251366+00:00
801120,食品饮料,002330,2021-12-13,akshare:index_component_sw,2026-09-24T15:32:16.251366+00:00
801120,食品饮料,002461,2021-12-13,akshare:index_component_sw,2026-09-24T15:32:16.251366+00:00
801120,食品饮料,002495,2021-12-13,akshare:index_component_sw,2026-09-24T15:32:16.251366+00:00
801120,食品饮料,002507,2021-12-13,akshare:index_component_sw,2026-09-24T15:32:16.251366+00:00
801120,食品饮料,002515,2021-12-13,akshare:index_component_sw,2026-09-24T15:32:16.251366+00:00
801120,食品饮料,002557,2021-12-13,akshare:index_component_sw,2026-09-24T15:32:16.251366+00:00
801120,食品饮料,002568,2021-12-13,akshare:index_component_sw,2026-09-24T15:32:16.251366+00:00
801120,食品饮料,002570,2021-12-13,akshare:index_component_sw,2026-09-24T15:32:16.251366+00:00
801120,食品饮料,002582,2021-12-13,akshare:index_component_sw,2026-09-24T15:32:16.251366+00:00
801120,食品饮料,002626,2021-12-13,akshare:index_component_sw,2026-09-24T15:32:16.251366+00:00
801120,食品饮料,002646,2021-12-13,akshare:index_component_sw,2026-09-24T15:32:16.251366+00:00
801120,食品饮料,002650,2021-12-13,akshare:index_component_sw,2026-09-24T15:32:16.251366+00:00
801120,食品饮料,002695,2021-12-13,akshare:index_component_sw,2026-09-24T15:32:16.251366+00:00
801120,食品饮料,002702,2021-12-13,akshare:index_component_sw,2026-09-24T15:32:16.251366+00:00
801120,食品饮料,002726,2021-12-13,akshare:index_component_sw,2026-09-24T15:32:16.251366+00:00
801120,食品饮料,002732,2021-12-13,akshare:index_component_sw,2026-09-24T15:32:16.251366+00:00
801120,食品饮料,002820,2021-12-13,akshare:index_component_sw,2026-09-24T15:32:16.251366+00:00
801120,食品饮料,002840,2021-12-13,akshare:index_component_sw,2026-09-24T15:32:16.251366+00:00
801120,食品饮料,002847,2021-12-13,akshare:index_component_sw,2026-09-24T15:32:16.251366+00:00
801120,食品饮料,002910,2021-12-13,akshare:index_component_sw,2026-09-24T15:32:16.251366+00:00
801120,食品饮料,002946,2021-12-13,akshare:index_component_sw,2026-09-24T15:32:16.251366+00:00
801120,食品饮料,002956,2021-12-13,akshare:index_component_sw,2026-09-24T15:32:16.251366+00:00
801120,食品饮料,002991,2021-12-13,akshare:index_component_sw,2026-09-24T15:32:16.251366+00:00
801120,食品饮料,003000,2021-12-13,akshare:index_component_sw,2026-09-24T15:32:16.251366+00:00
801120,食品饮料,300106,2021-12-13,akshare:index_component_sw,2026-09-24T15:32:16.251366+00:00
801120,食品饮料,300146,2021-12-13,akshare:index_component_sw,2026-09-24T15:32:16.251366+00:00
801120,食品饮料,300783,2021-12-13,akshare:index_component_sw,2026-09-24T15:32:16.251366+00:00
801120,食品饮料,300791,2021-12-13,akshare:index_component_sw,2026-09-24T15:32:16.251366+00:00
801120,食品饮料,300898,2021-12-13,akshare:index_component_sw,2026-09-24T15:32:16.251366+00:00
801120,食品饮料,300908,2021-12-13,akshare:index_component_sw,2026-09-24T15:32:16.251366+00:00
801120,食品饮料,300915,2021-12-13,akshare:index_component_sw,2026-09-24T15:32:16.251366+00:00
801120,食品饮料,300973,2021-12-13,akshare:index_component_sw,2026-09-24T15:32:16.251366+00:00
801120,食品饮料,300997,2021-12-13,akshare:index_component_sw,2026-09-24T15:32:16.251366+00:00
801120,食品饮料,600059,2021-12-13,akshare:index_component_sw,2026-09-24T15:32:16.251366+00:00
801120,食品饮料,600073,2021-12-13,akshare:index_component_sw,2026-09-24T15:32:16.251366+00:00
801120,食品饮料,600084,2021-12-13,akshare:index_component_sw,2026-09-24T15:32:16.251366+00:00
801120,食品饮料,600132,2021-12-13,akshare:index_component_sw,2026-09-24T15:32:16.251366+00:00
801120,食品饮料,600186,2021-12-13,akshare:index_component_sw,2026-09-24T15:32:16.251366+00:00
801120,食品饮料,600189,2021-12-13,akshare:index_component_sw,2026-09-24T15:32:16.251366+00:00
801120,食品饮料,600197,2021-12-13,akshare:index_component_sw,2026-09-24T15:32:16.251366+00:00
801120,食品饮料,600199,2021-12-13,akshare:index_component_sw,2026-09-24T15:32:16.251366+00:00
801120,食品饮料,600238,2021-12-13,akshare:index_component_sw,2026-09-24T15:32:16.251366+00:00
801120,食品饮料,600298,2021-12-13,akshare:index_component_sw,2026-09-24T15:32:16.251366+00:00
801120,食品饮料,600300,2021-12-13,akshare:index_component_sw,2026-09-24T15:32:16.251366+00:00
801120,食品饮料,600305,2021-12-13,akshare:index_component_sw,2026-09-24T15:32:16.251366+00:00
801120,食品饮料,600381,2021-12-13,akshare:index_component_sw,2026-09-24T15:32:16.251366+00:00
801120,食品饮料,600419,2021-12-13,akshare:index_component_sw,2026-09-24T15:32:16.251366+00:00
801120,食品饮料,600429,2021-12-13,akshare:index_component_sw,2026-09-24T15:32:16.251366+00:00
801120,食品饮料,600519,2021-12-13,akshare:index_component_sw,2026-09-24T15:32:16.251366+00:00
801120,食品饮料,600530,2021-12-13,akshare:index_component_sw,2026-09-24T15:32:16.251366+00:00
801120,食品饮料,600543,2021-12-13,akshare:index_component_sw,2026-09-24T15:32:16.251366+00:00
801120,食品饮料,600559,2021-12-13,akshare:index_component_sw,2026-09-24T15:32:16.251366+00:00
801120,食品饮料,600573,2021-12-13,akshare:index_component_sw,2026-09-24T15:32:16.251366+00:00
801120,食品饮料,600597,2021-12-13,akshare:index_component_sw,2026-09-24T15:32:16.251366+00:00
801120,食品饮料,600600,2021-12-13,akshare:index_component_sw,2026-09-24T15:32:16.251366+00:00
801120,食品饮料,600616,2021-12-13,akshare:index_component_sw,2026-09-24T15:32:16.251366+00:00
801120,食品饮料,600702,2021-12-13,akshare:index_component_sw,2026-09-24T15:32:16.251366+00:00
801120,食品饮料,600779,2021-12-13,akshare:index_component_sw,2026-09-24T15:32:16.251366+00:00
801120,食品饮料,600809,2021-12-13,akshare:index_component_sw,2026-09-24T15:32:16.251366+00:00
801120,食品饮料,600872,2021-12-13,akshare:index_component_sw,2026-09-24T15:32:16.251366+00:00
801120,食品饮料,600882,2021-12-13,akshare:index_component_sw,2026-09-24T15:32:16.251366+00:00
801120,食品饮料,600887,2021-12-13,akshare:index_component_sw,2026-09-24T15:32:16.251366+00:00
801120,食品饮料,601579,2021-12-13,akshare:index_component_sw,2026-09-24T15:32:16.251366+00:00
801120,食品饮料,603027,2021-12-13,akshare:index_component_sw,2026-09-24T15:32:16.251366+00:00
801120,食品饮料,603043,2021-12-13,akshare:index_component_sw,2026-09-24T15:32:16.251366+00:00
801120,食品饮料,603156,2021-12-13,akshare:index_component_sw,2026-09-24T15:32:16.251366+00:00
801120,食品饮料,603198,2021-12-13,akshare:index_component_sw,2026-09-24T15:32:16.251366+00:00
801120,食品饮料,603288,2021-12-13,akshare:index_component_sw,2026-09-24T15:32:16.251366+00:00
801120,食品饮料,603317,2021-12-13,akshare:index_component_sw,2026-09-24T15:32:16.251366+00:00
801120,食品饮料,603345,2021-12-13,akshare:index_component_sw,2026-09-24T15:32:16.251366+00:00
801120,食品饮料,603369,2021-12-13,akshare:index_component_sw,2026-09-24T15:32:16.251366+00:00
801120,食品饮料,603517,2021-12-13,akshare:index_component_sw,2026-09-24T15:32:16.251366+00:00
801120,食品饮料,603536,2021-12-13,akshare:index_component_sw,2026-09-24T15:32:16.251366+00:00
801120,食品饮料,603589,2021-12-13,akshare:index_component_sw,2026-09-24T15:32:16.251366+00:00
801120,食品饮料,603696,2021-12-13,akshare:index_component_sw,2026-09-24T15:32:16.251366+00:00
801120,食品饮料,603697,2021-12-13,akshare:index_component_sw,2026-09-24T15:32:16.251366+00:00
801120,食品饮料,603711,2021-12-13,akshare:index_component_sw,2026-09-24T15:32:16.251366+00:00
801120,食品饮料,603719,2021-12-13,akshare:index_component_sw,2026-09-24T15:32:16.251366+00:00
801120,食品饮料,603755,2021-12-13,akshare:index_component_sw,2026-09-24T15:32:16.251366+00:00
801120,食品饮料,603777,2021-12-13,akshare:index_component_sw,2026-09-24T15:32:16.251366+00:00
801120,食品饮料,603779,2021-12-13,akshare:index_component_sw,2026-09-24T15:32:16.251366+00:00
801120,食品饮料,603866,2021-12-13,akshare:index_component_sw,2026-09-24T15:32:16.251366+00:00
801120,食品饮料,603886,2021-12-13,akshare:index_component_sw,2026-09-24T15:32:16.251366+00:00
801120,食品饮料,603919,2021-12-13,akshare:index_component_sw,2026-09-24T15:32:16.251366+00:00
801120,食品饮料,605089,2021-12-13,akshare:index_component_sw,2026-09-24T15:32:16.251366+00:00
801120,食品饮料,605179,2021-12-13,akshare:index_component_sw,2026-09-24T15:32:16.251366+00:00
801120,食品饮料,605300,2021-12-13,akshare:index_component_sw,2026-09-24T15:32:16.251366+00:00
801120,食品饮料,605337,2021-12-13,akshare:index_component_sw,2026-09-24T15:32:16.251366+00:00
801120,食品饮料,605338,2021-12-13,akshare:index_component_sw,2026-09-24T15:32:16.251366+00:00
801120,食品饮料,605339,2021-12-13,akshare:index_component_sw,2026-09-24T15:32:16.251366+00:00
801120,食品饮料,605388,2021-12-13,akshare:index_component_sw,2026-09-24T15:32:16.251366+00:00
801120,食品饮料,605499,2021-12-13,akshare:index_component_sw,2026-09-24T15:32:16.251366+00:00
801120,食品饮料,605567,2021-12-13,akshare:index_component_sw,2026-09-24T15:32:16.251366+00:00
801120,食品饮料,603102,2022-01-25,akshare:index_component_sw,2026-09-24T15:32:16.251366+00:00
801120,食品饮料,001318,2022-05-20,akshare:index_component_sw,2026-09-24T15:32:16.251366+00:00
801120,食品饮料,603170,2022-07-15,akshare:index_component_sw,2026-09-24T15:32:16.251366+00:00
801120,食品饮料,000716,2022-08-01,akshare:index_component_sw,2026-09-24T15:32:16.251366+00:00
801120,食品饮料,300892,2022-08-01,akshare:index_component_sw,2026-09-24T15:32:16.251366+00:00
801120,食品饮料,603237,2022-08-31,akshare:index_component_sw,2026-09-24T15:32:16.251366+00:00
801120,食品饮料,603057,2022-09-26,akshare:index_component_sw,2026-09-24T15:32:16.251366+00:00
801120,食品饮料,002661,2023-04-04,akshare:index_component_sw,2026-09-24T15:32:16.251366+00:00
801120,食品饮料,000529,2023-05-18,akshare:index_component_sw,2026-09-24T15:32:16.251366+00:00
801120,食品饮料,000639,2024-07-31,akshare:index_component_sw,2026-09-24T15:32:16.251366+00:00
801120,食品饮料,002719,2024-07-31,akshare:index_component_sw,2026-09-24T15:32:16.251366+00:00
801120,食品饮料,603262,2025-07-23,akshare:index_component_sw,2026-09-24T15:32:16.251366+00:00
801120,食品饮料,000568,2021-12-13,akshare:index_component_sw,2026-09-24T15:32:16.251366+00:00
801130,纺织服饰,000726,2021-12-13,akshare:index_component_sw,2026-09-24T15:32:16.306436+00:00
801130,纺织服饰,000850,2021-12-13,akshare:index_component_sw,2026-09-24T15:32:16.306436+00:00
801130,纺织服饰,000955,2021-12-13,akshare:index_component_sw,2026-09-24T15:32:16.306436+00:00
801130,纺织服饰,001209,2021-12-13,akshare:index_component_sw,2026-09-24T15:32:16.306436+00:00
801130,纺织服饰,002003,2021-12-13,akshare:index_component_sw,2026-09-24T15:32:16.306436+00:00
801130,纺织服饰,002029,2021-12-13,akshare:index_component_sw,2026-09-24T15:32:16.306436+00:00
801130,纺织服饰,002042,2021-12-13,akshare:index_component_sw,2026-09-24T15:32:16.306436+00:00
801130,纺织服饰,002083,2021-12-13,akshare:index_component_sw,2026-09-24T15:32:16.306436+00:00
801130,纺织服饰,002098,2021-12-13,akshare:index_component_sw,2026-09-24T15:32:16.306436+00:00
801130,纺织服饰,002144,2021-12-13,akshare:index_component_sw,2026-09-24T15:32:16.306436+00:00
801130,纺织服饰,002154,2021-12-13,akshare:index_component_sw,2026-09-24T15:32:16.306436+00:00
801130,纺织服饰,002269,2021-12-13,akshare:index_component_sw,2026-09-24T15:32:16.306436+00:00
801130,纺织服饰,002293,2021-12-13,akshare:index_component_sw,2026-09-24T15:32:16.306436+00:00
801130,纺织服饰,002327,2021-12-13,akshare:index_component_sw,2026-09-24T15:32:16.306436+00:00
801130,纺织服饰,002345,2021-12-13,akshare:index_component_sw,2026-09-24T15:32:16.306436+00:00
801130,纺织服饰,002394,2021-12-13,akshare:index_component_sw,2026-09-24T15:32:16.306436+00:00
801130,纺织服饰,002397,2021-12-13,akshare:index_component_sw,2026-09-24T15:32:16.306436+00:00
801130,纺织服饰,002494,2021-12-13,akshare:index_component_sw,2026-09-24T15:32:16.306436+00:00
801130,纺织服饰,002563,2021-12-13,akshare:index_component_sw,2026-09-24T15:32:16.306436+00:00
801130,纺织服饰,002569,2021-12-13,akshare:index_component_sw,2026-09-24T15:32:16.306436+00:00
801130,纺织服饰,002574,2021-12-13,akshare:index_component_sw,2026-09-24T15:32:16.306436+00:00
801130,纺织服饰,002612,2021-12-13,akshare:index_component_sw,2026-09-24T15:32:16.306436+00:00
801130,纺织服饰,002656,2021-12-13,akshare:index_component_sw,2026-09-24T15:32:16.306436+00:00
801130,纺织服饰,002674,2021-12-13,akshare:index_component_sw,2026-09-24T15:32:16.306436+00:00
801130,纺织服饰,002687,2021-12-13,akshare:index_component_sw,2026-09-24T15:32:16.306436+00:00
801130,纺织服饰,002721,2021-12-13,akshare:index_component_sw,2026-09-24T15:32:16.306436+00:00
801130,纺织服饰,002731,2021-12-13,akshare:index_component_sw,2026-09-24T15:32:16.306436+00:00
801130,纺织服饰,002762,2021-12-13,akshare:index_component_sw,2026-09-24T15:32:16.306436+00:00
801130,纺织服饰,002780,2021-12-13,akshare:index_component_sw,2026-09-24T15:32:16.306436+00:00
801130,纺织服饰,002832,2021-12-13,akshare:index_component_sw,2026-09-24T15:32:16.306436+00:00
801130,纺织服饰,002867,2021-12-13,akshare:index_component_sw,2026-09-24T15:32:16.306436+00:00
801130,纺织服饰,002875,2021-12-13,akshare:index_component_sw,2026-09-24T15:32:16.306436+00:00
801130,纺织服饰,003016,2021-12-13,akshare:index_component_sw,2026-09-24T15:32:16.306436+00:00
801130,纺织服饰,003041,2021-12-13,akshare:index_component_sw,2026-09-24T15:32:16.306436+00:00
801130,纺织服饰,300005,2021-12-13,akshare:index_component_sw,2026-09-24T15:32:16.306436+00:00
801130,纺织服饰,300577,2021-12-13,akshare:index_component_sw,2026-09-24T15:32:16.306436+00:00
801130,纺织服饰,300591,2021-12-13,akshare:index_component_sw,2026-09-24T15:32:16.306436+00:00
801130,纺织服饰,300819,2021-12-13,akshare:index_component_sw,2026-09-24T15:32:16.306436+00:00
801130,纺织服饰,300840,2021-12-13,akshare:index_component_sw,2026-09-24T15:32:16.306436+00:00
801130,纺织服饰,300877,2021-12-13,akshare:index_component_sw,2026-09-24T15:32:16.306436+00:00
801130,纺织服饰,300901,2021-12-13,akshare:index_component_sw,2026-09-24T15:32:16.306436+00:00
801130,纺织服饰,300918,2021-12-13,akshare:index_component_sw,2026-09-24T15:32:16.306436+00:00
801130,纺织服饰,300945,2021-12-13,akshare:index_component_sw,2026-09-24T15:32:16.306436+00:00
801130,纺织服饰,300952,2021-12-13,akshare:index_component_sw,2026-09-24T15:32:16.306436+00:00
801130,纺织服饰,300979,2021-12-13,akshare:index_component_sw,2026-09-24T15:32:16.306436+00:00
801130,纺织服饰,301088,2021-12-13,akshare:index_component_sw,2026-09-24T15:32:16.306436+00:00
801130,纺织服饰,600107,2021-12-13,akshare:index_component_sw,2026-09-24T15:32:16.306436+00:00
801130,纺织服饰,600156,2021-12-13,akshare:index_component_sw,2026-09-24T15:32:16.306436+00:00
801130,纺织服饰,600177,2021-12-13,akshare:index_component_sw,2026-09-24T15:32:16.306436+00:00
801130,纺织服饰,600398,2021-12-13,akshare:index_component_sw,2026-09-24T15:32:16.306436+00:00
801130,纺织服饰,600400,2021-12-13,akshare:index_component_sw,2026-09-24T15:32:16.306436+00:00
801130,纺织服饰,600439,2021-12-13,akshare:index_component_sw,2026-09-24T15:32:16.306436+00:00
801130,纺织服饰,600448,2021-12-13,akshare:index_component_sw,2026-09-24T15:32:16.306436+00:00
801130,纺织服饰,600493,2021-12-13,akshare:index_component_sw,2026-09-24T15:32:16.306436+00:00
801130,纺织服饰,600527,2021-12-13,akshare:index_component_sw,2026-09-24T15:32:16.306436+00:00
801130,纺织服饰,600612,2021-12-13,akshare:index_component_sw,2026-09-24T15:32:16.306436+00:00
801130,纺织服饰,600630,2021-12-13,akshare:index_component_sw,2026-09-24T15:32:16.306436+00:00
801130,纺织服饰,600735,2021-12-13,akshare:index_component_sw,2026-09-24T15:32:16.306436+00:00
801130,纺织服饰,600916,2021-12-13,akshare:index_component_sw,2026-09-24T15:32:16.306436+00:00
801130,纺织服饰,600987,2021-12-13,akshare:index_component_sw,2026-09-24T15:32:16.306436+00:00
801130,纺织服饰,601339,2021-12-13,akshare:index_component_sw,2026-09-24T15:32:16.306436+00:00
801130,纺织服饰,601566,2021-12-13,akshare:index_component_sw,2026-09-24T15:32:16.306436+00:00
801130,纺织服饰,601599,2021-12-13,akshare:index_component_sw,2026-09-24T15:32:16.306436+00:00
801130,纺织服饰,601718,2021-12-13,akshare:index_component_sw,2026-09-24T15:32:16.306436+00:00
801130,纺织服饰,603001,2021-12-13,akshare:index_component_sw,2026-09-24T15:32:16.306436+00:00
801130,纺织服饰,603055,2021-12-13,akshare:index_component_sw,2026-09-24T15:32:16.306436+00:00
801130,纺织服饰,603116,2021-12-13,akshare:index_component_sw,2026-09-24T15:32:16.306436+00:00
801130,纺织服饰,603196,2021-12-13,akshare:index_component_sw,2026-09-24T15:32:16.306436+00:00
801130,纺织服饰,603365,2021-12-13,akshare:index_component_sw,2026-09-24T15:32:16.306436+00:00
801130,纺织服饰,603518,2021-12-13,akshare:index_component_sw,2026-09-24T15:32:16.306436+00:00
801130,纺织服饰,603557,2021-12-13,akshare:index_component_sw,2026-09-24T15:32:16.306436+00:00
801130,纺织服饰,603558,2021-12-13,akshare:index_component_sw,2026-09-24T15:32:16.306436+00:00
801130,纺织服饰,603587,2021-12-13,akshare:index_component_sw,2026-09-24T15:32:16.306436+00:00
801130,纺织服饰,603608,2021-12-13,akshare:index_component_sw,2026-09-24T15:32:16.306436+00:00
801130,纺织服饰,603665,2021-12-13,akshare:index_component_sw,2026-09-24T15:32:16.306436+00:00
801130,纺织服饰,603808,2021-12-13,akshare:index_component_sw,2026-09-24T15:32:16.306436+00:00
801130,纺织服饰,603839,2021-12-13,akshare:index_component_sw,2026-09-24T15:32:16.306436+00:00
801130,纺织服饰,603877,2021-12-13,akshare:index_component_sw,2026-09-24T15:32:16.306436+00:00
801130,纺织服饰,603889,2021-12-13,akshare:index_component_sw,2026-09-24T15:32:16.306436+00:00
801130,纺织服饰,603900,2021-12-13,akshare:index_component_sw,2026-09-24T15:32:16.306436+00:00
801130,纺织服饰,603908,2021-12-13,akshare:index_component_sw,2026-09-24T15:32:16.306436+00:00
801130,纺织服饰,603958,2021-12-13,akshare:index_component_sw,2026-09-24T15:32:16.306436+00:00
801130,纺织服饰,605003,2021-12-13,akshare:index_component_sw,2026-09-24T15:32:16.306436+00:00
801130,纺织服饰,605055,2021-12-13,akshare:index_component_sw,2026-09-24T15:32:16.306436+00:00
801130,纺织服饰,605138,2021-12-13,akshare:index_component_sw,2026-09-24T15:32:16.306436+00:00
801130,纺织服饰,605180,2021-12-13,akshare:index_component_sw,2026-09-24T15:32:16.306436+00:00
801130,纺织服饰,605189,2021-12-13,akshare:index_component_sw,2026-09-24T15:32:16.306436+00:00
801130,纺织服饰,605599,2021-12-13,akshare:index_component_sw,2026-09-24T15:32:16.306436+00:00
801130,纺织服饰,301177,2021-12-15,akshare:index_component_sw,2026-09-24T15:32:16.306436+00:00
801130,纺织服饰,000017,2022-08-01,akshare:index_component_sw,2026-09-24T15:32:16.306436+00:00
801130,纺织服饰,301066,2022-08-01,akshare:index_component_sw,2026-09-24T15:32:16.306436+00:00
801130,纺织服饰,301276,2022-09-09,akshare:index_component_sw,2026-09-24T15:32:16.306436+00:00
801130,纺织服饰,603130,2022-11-18,akshare:index_component_sw,2026-09-24T15:32:16.306436+00:00
801130,纺织服饰,603307,2023-02-16,akshare:index_component_sw,2026-09-24T15:32:16.306436+00:00
801130,纺织服饰,001234,2024-07-31,akshare:index_component_sw,2026-09-24T15:32:16.306436+00:00
801130,纺织服饰,002193,2024-07-31,akshare:index_component_sw,2026-09-24T15:32:16.306436+00:00
801130,纺织服饰,002404,2024-07-31,akshare:index_component_sw,2026-09-24T15:32:16.306436+00:00
801130,纺织服饰,002486,2024-07-31,akshare:index_component_sw,2026-09-24T15:32:16.306436+00:00
801130,纺织服饰,002634,2024-07-31,akshare:index_component_sw,2026-09-24T15:32:16.306436+00:00
801130,纺织服饰,002763,2024-07-31,akshare:index_component_sw,2026-09-24T15:32:16.306436+00:00
801130,纺织服饰,600137,2024-07-31,akshare:index_component_sw,2026-09-24T15:32:16.306436+00:00
801130,纺织服饰,603511,2024-07-31,akshare:index_component_sw,2026-09-24T15:32:16.306436+00:00
801130,纺织服饰,001390,2025-05-29,akshare:index_component_sw,2026-09-24T15:32:16.306436+00:00
801130,纺织服饰,603238,2025-08-13,akshare:index_component_sw,2026-09-24T15:32:16.306436+00:00
801130,纺织服饰,001312,2026-04-21,akshare:index_component_sw,2026-09-24T15:32:16.306436+00:00
801130,纺织服饰,000026,2021-12-13,akshare:index_component_sw,2026-09-24T15:32:16.306436+00:00
801140,轻工制造,000659,2021-12-13,akshare:index_component_sw,2026-09-24T15:32:16.365653+00:00
801140,轻工制造,000812,2021-12-13,akshare:index_component_sw,2026-09-24T15:32:16.365653+00:00
801140,轻工制造,000910,2021-12-13,akshare:index_component_sw,2026-09-24T15:32:16.365653+00:00
801140,轻工制造,001211,2021-12-13,akshare:index_component_sw,2026-09-24T15:32:16.365653+00:00
801140,轻工制造,001216,2021-12-13,akshare:index_component_sw,2026-09-24T15:32:16.365653+00:00
801140,轻工制造,002012,2021-12-13,akshare:index_component_sw,2026-09-24T15:32:16.365653+00:00
801140,轻工制造,002014,2021-12-13,akshare:index_component_sw,2026-09-24T15:32:16.365653+00:00
801140,轻工制造,002067,2021-12-13,akshare:index_component_sw,2026-09-24T15:32:16.365653+00:00
801140,轻工制造,002078,2021-12-13,akshare:index_component_sw,2026-09-24T15:32:16.365653+00:00
801140,轻工制造,002084,2021-12-13,akshare:index_component_sw,2026-09-24T15:32:16.365653+00:00
801140,轻工制造,002117,2021-12-13,akshare:index_component_sw,2026-09-24T15:32:16.365653+00:00
801140,轻工制造,002162,2021-12-13,akshare:index_component_sw,2026-09-24T15:32:16.365653+00:00
801140,轻工制造,002191,2021-12-13,akshare:index_component_sw,2026-09-24T15:32:16.365653+00:00
801140,轻工制造,002228,2021-12-13,akshare:index_component_sw,2026-09-24T15:32:16.365653+00:00
801140,轻工制造,002235,2021-12-13,akshare:index_component_sw,2026-09-24T15:32:16.365653+00:00
801140,轻工制造,002301,2021-12-13,akshare:index_component_sw,2026-09-24T15:32:16.365653+00:00
801140,轻工制造,002303,2021-12-13,akshare:index_component_sw,2026-09-24T15:32:16.365653+00:00
801140,轻工制造,002348,2021-12-13,akshare:index_component_sw,2026-09-24T15:32:16.365653+00:00
801140,轻工制造,002374,2021-12-13,akshare:index_component_sw,2026-09-24T15:32:16.365653+00:00
801140,轻工制造,002489,2021-12-13,akshare:index_component_sw,2026-09-24T15:32:16.365653+00:00
801140,轻工制造,002521,2021-12-13,akshare:index_component_sw,2026-09-24T15:32:16.365653+00:00
801140,轻工制造,002565,2021-12-13,akshare:index_component_sw,2026-09-24T15:32:16.365653+00:00
801140,轻工制造,002571,2021-12-13,akshare:index_component_sw,2026-09-24T15:32:16.365653+00:00
801140,轻工制造,002572,2021-12-13,akshare:index_component_sw,2026-09-24T15:32:16.365653+00:00
801140,轻工制造,002599,2021-12-13,akshare:index_component_sw,2026-09-24T15:32:16.365653+00:00
801140,轻工制造,002615,2021-12-13,akshare:index_component_sw,2026-09-24T15:32:16.365653+00:00
801140,轻工制造,002678,2021-12-13,akshare:index_component_sw,2026-09-24T15:32:16.365653+00:00
801140,轻工制造,002701,2021-12-13,akshare:index_component_sw,2026-09-24T15:32:16.365653+00:00
801140,轻工制造,002735,2021-12-13,akshare:index_component_sw,2026-09-24T15:32:16.365653+00:00
801140,轻工制造,002752,2021-12-13,akshare:index_component_sw,2026-09-24T15:32:16.365653+00:00
801140,轻工制造,002787,2021-12-13,akshare:index_component_sw,2026-09-24T15:32:16.365653+00:00
801140,轻工制造,002790,2021-12-13,akshare:index_component_sw,2026-09-24T15:32:16.365653+00:00
801140,轻工制造,002798,2021-12-13,akshare:index_component_sw,2026-09-24T15:32:16.365653+00:00
801140,轻工制造,002799,2021-12-13,akshare:index_component_sw,2026-09-24T15:32:16.365653+00:00
801140,轻工制造,002831,2021-12-13,akshare:index_component_sw,2026-09-24T15:32:16.365653+00:00
801140,轻工制造,002836,2021-12-13,akshare:index_component_sw,2026-09-24T15:32:16.365653+00:00
801140,轻工制造,002846,2021-12-13,akshare:index_component_sw,2026-09-24T15:32:16.365653+00:00
801140,轻工制造,002853,2021-12-13,akshare:index_component_sw,2026-09-24T15:32:16.365653+00:00
801140,轻工制造,002862,2021-12-13,akshare:index_component_sw,2026-09-24T15:32:16.365653+00:00
801140,轻工制造,002899,2021-12-13,akshare:index_component_sw,2026-09-24T15:32:16.365653+00:00
801140,轻工制造,002918,2021-12-13,akshare:index_component_sw,2026-09-24T15:32:16.365653+00:00
801140,轻工制造,002969,2021-12-13,akshare:index_component_sw,2026-09-24T15:32:16.365653+00:00
801140,轻工制造,003003,2021-12-13,akshare:index_component_sw,2026-09-24T15:32:16.365653+00:00
801140,轻工制造,003011,2021-12-13,akshare:index_component_sw,2026-09-24T15:32:16.365653+00:00
801140,轻工制造,003012,2021-12-13,akshare:index_component_sw,2026-09-24T15:32:16.365653+00:00
801140,轻工制造,003018,2021-12-13,akshare:index_component_sw,2026-09-24T15:32:16.365653+00:00
801140,轻工制造,300329,2021-12-13,akshare:index_component_sw,2026-09-24T15:32:16.365653+00:00
801140,轻工制造,300501,2021-12-13,akshare:index_component_sw,2026-09-24T15:32:16.365653+00:00
801140,轻工制造,300616,2021-12-13,akshare:index_component_sw,2026-09-24T15:32:16.365653+00:00
801140,轻工制造,300640,2021-12-13,akshare:index_component_sw,2026-09-24T15:32:16.365653+00:00
801140,轻工制造,300703,2021-12-13,akshare:index_component_sw,2026-09-24T15:32:16.365653+00:00
801140,轻工制造,300729,2021-12-13,akshare:index_component_sw,2026-09-24T15:32:16.365653+00:00
801140,轻工制造,300749,2021-12-13,akshare:index_component_sw,2026-09-24T15:32:16.365653+00:00
801140,轻工制造,300883,2021-12-13,akshare:index_component_sw,2026-09-24T15:32:16.365653+00:00
801140,轻工制造,300993,2021-12-13,akshare:index_component_sw,2026-09-24T15:32:16.365653+00:00
801140,轻工制造,301004,2021-12-13,akshare:index_component_sw,2026-09-24T15:32:16.365653+00:00
801140,轻工制造,301055,2021-12-13,akshare:index_component_sw,2026-09-24T15:32:16.365653+00:00
801140,轻工制造,301061,2021-12-13,akshare:index_component_sw,2026-09-24T15:32:16.365653+00:00
801140,轻工制造,301062,2021-12-13,akshare:index_component_sw,2026-09-24T15:32:16.365653+00:00
801140,轻工制造,301113,2021-12-13,akshare:index_component_sw,2026-09-24T15:32:16.365653+00:00
801140,轻工制造,301193,2021-12-13,akshare:index_component_sw,2026-09-24T15:32:16.365653+00:00
801140,轻工制造,301198,2021-12-13,akshare:index_component_sw,2026-09-24T15:32:16.365653+00:00
801140,轻工制造,600103,2021-12-13,akshare:index_component_sw,2026-09-24T15:32:16.365653+00:00
801140,轻工制造,600210,2021-12-13,akshare:index_component_sw,2026-09-24T15:32:16.365653+00:00
801140,轻工制造,600235,2021-12-13,akshare:index_component_sw,2026-09-24T15:32:16.365653+00:00
801140,轻工制造,600308,2021-12-13,akshare:index_component_sw,2026-09-24T15:32:16.365653+00:00
801140,轻工制造,600337,2021-12-13,akshare:index_component_sw,2026-09-24T15:32:16.365653+00:00
801140,轻工制造,600356,2021-12-13,akshare:index_component_sw,2026-09-24T15:32:16.365653+00:00
801140,轻工制造,600433,2021-12-13,akshare:index_component_sw,2026-09-24T15:32:16.365653+00:00
801140,轻工制造,600567,2021-12-13,akshare:index_component_sw,2026-09-24T15:32:16.365653+00:00
801140,轻工制造,600793,2021-12-13,akshare:index_component_sw,2026-09-24T15:32:16.365653+00:00
801140,轻工制造,600963,2021-12-13,akshare:index_component_sw,2026-09-24T15:32:16.365653+00:00
801140,轻工制造,600966,2021-12-13,akshare:index_component_sw,2026-09-24T15:32:16.365653+00:00
801140,轻工制造,601515,2021-12-13,akshare:index_component_sw,2026-09-24T15:32:16.365653+00:00
801140,轻工制造,601968,2021-12-13,akshare:index_component_sw,2026-09-24T15:32:16.365653+00:00
801140,轻工制造,603008,2021-12-13,akshare:index_component_sw,2026-09-24T15:32:16.365653+00:00
801140,轻工制造,603021,2021-12-13,akshare:index_component_sw,2026-09-24T15:32:16.365653+00:00
801140,轻工制造,603022,2021-12-13,akshare:index_component_sw,2026-09-24T15:32:16.365653+00:00
801140,轻工制造,603058,2021-12-13,akshare:index_component_sw,2026-09-24T15:32:16.365653+00:00
801140,轻工制造,603165,2021-12-13,akshare:index_component_sw,2026-09-24T15:32:16.365653+00:00
801140,轻工制造,603180,2021-12-13,akshare:index_component_sw,2026-09-24T15:32:16.365653+00:00
801140,轻工制造,603195,2021-12-13,akshare:index_component_sw,2026-09-24T15:32:16.365653+00:00
801140,轻工制造,603208,2021-12-13,akshare:index_component_sw,2026-09-24T15:32:16.365653+00:00
801140,轻工制造,603221,2021-12-13,akshare:index_component_sw,2026-09-24T15:32:16.365653+00:00
801140,轻工制造,603226,2021-12-13,akshare:index_component_sw,2026-09-24T15:32:16.365653+00:00
801140,轻工制造,603313,2021-12-13,akshare:index_component_sw,2026-09-24T15:32:16.365653+00:00
801140,轻工制造,603326,2021-12-13,akshare:index_component_sw,2026-09-24T15:32:16.365653+00:00
801140,轻工制造,603385,2021-12-13,akshare:index_component_sw,2026-09-24T15:32:16.365653+00:00
801140,轻工制造,603389,2021-12-13,akshare:index_component_sw,2026-09-24T15:32:16.365653+00:00
801140,轻工制造,603408,2021-12-13,akshare:index_component_sw,2026-09-24T15:32:16.365653+00:00
801140,轻工制造,603429,2021-12-13,akshare:index_component_sw,2026-09-24T15:32:16.365653+00:00
801140,轻工制造,603499,2021-12-13,akshare:index_component_sw,2026-09-24T15:32:16.365653+00:00
801140,轻工制造,603600,2021-12-13,akshare:index_component_sw,2026-09-24T15:32:16.365653+00:00
801140,轻工制造,603607,2021-12-13,akshare:index_component_sw,2026-09-24T15:32:16.365653+00:00
801140,轻工制造,603610,2021-12-13,akshare:index_component_sw,2026-09-24T15:32:16.365653+00:00
801140,轻工制造,603615,2021-12-13,akshare:index_component_sw,2026-09-24T15:32:16.365653+00:00
801140,轻工制造,603661,2021-12-13,akshare:index_component_sw,2026-09-24T15:32:16.365653+00:00
801140,轻工制造,603687,2021-12-13,akshare:index_component_sw,2026-09-24T15:32:16.365653+00:00
801140,轻工制造,603709,2021-12-13,akshare:index_component_sw,2026-09-24T15:32:16.365653+00:00
801140,轻工制造,603733,2021-12-13,akshare:index_component_sw,2026-09-24T15:32:16.365653+00:00
801140,轻工制造,603801,2021-12-13,akshare:index_component_sw,2026-09-24T15:32:16.365653+00:00
801140,轻工制造,603816,2021-12-13,akshare:index_component_sw,2026-09-24T15:32:16.365653+00:00
801140,轻工制造,603818,2021-12-13,akshare:index_component_sw,2026-09-24T15:32:16.365653+00:00
801140,轻工制造,603833,2021-12-13,akshare:index_component_sw,2026-09-24T15:32:16.365653+00:00
801140,轻工制造,603838,2021-12-13,akshare:index_component_sw,2026-09-24T15:32:16.365653+00:00
801140,轻工制造,603848,2021-12-13,akshare:index_component_sw,2026-09-24T15:32:16.365653+00:00
801140,轻工制造,603863,2021-12-13,akshare:index_component_sw,2026-09-24T15:32:16.365653+00:00
801140,轻工制造,603898,2021-12-13,akshare:index_component_sw,2026-09-24T15:32:16.365653+00:00
801140,轻工制造,603899,2021-12-13,akshare:index_component_sw,2026-09-24T15:32:16.365653+00:00
801140,轻工制造,603992,2021-12-13,akshare:index_component_sw,2026-09-24T15:32:16.365653+00:00
801140,轻工制造,605007,2021-12-13,akshare:index_component_sw,2026-09-24T15:32:16.365653+00:00
801140,轻工制造,605080,2021-12-13,akshare:index_component_sw,2026-09-24T15:32:16.365653+00:00
801140,轻工制造,605099,2021-12-13,akshare:index_component_sw,2026-09-24T15:32:16.365653+00:00
801140,轻工制造,605155,2021-12-13,akshare:index_component_sw,2026-09-24T15:32:16.365653+00:00
801140,轻工制造,605268,2021-12-13,akshare:index_component_sw,2026-09-24T15:32:16.365653+00:00
801140,轻工制造,605299,2021-12-13,akshare:index_component_sw,2026-09-24T15:32:16.365653+00:00
801140,轻工制造,605377,2021-12-13,akshare:index_component_sw,2026-09-24T15:32:16.365653+00:00
801140,轻工制造,605500,2021-12-13,akshare:index_component_sw,2026-09-24T15:32:16.365653+00:00
801140,轻工制造,603216,2021-12-15,akshare:index_component_sw,2026-09-24T15:32:16.365653+00:00
801140,轻工制造,301101,2021-12-16,akshare:index_component_sw,2026-09-24T15:32:16.365653+00:00
801140,轻工制造,603272,2022-05-20,akshare:index_component_sw,2026-09-24T15:32:16.365653+00:00
801140,轻工制造,002103,2022-08-01,akshare:index_component_sw,2026-09-24T15:32:16.365653+00:00
801140,轻工制造,301011,2022-08-01,akshare:index_component_sw,2026-09-24T15:32:16.365653+00:00
801140,轻工制造,600076,2022-08-01,akshare:index_component_sw,2026-09-24T15:32:16.365653+00:00
801140,轻工制造,601996,2022-08-01,akshare:index_component_sw,2026-09-24T15:32:16.365653+00:00
801140,轻工制造,001323,2022-08-09,akshare:index_component_sw,2026-09-24T15:32:16.365653+00:00
801140,轻工制造,301336,2022-08-12,akshare:index_component_sw,2026-09-24T15:32:16.365653+00:00
801140,轻工制造,001222,2022-08-18,akshare:index_component_sw,2026-09-24T15:32:16.365653+00:00
801140,轻工制造,301296,2022-09-02,akshare:index_component_sw,2026-09-24T15:32:16.365653+00:00
801140,轻工制造,001238,2022-09-19,akshare:index_component_sw,2026-09-24T15:32:16.365653+00:00
801140,轻工制造,301227,2022-09-26,akshare:index_component_sw,2026-09-24T15:32:16.365653+00:00
801140,轻工制造,001300,2022-10-19,akshare:index_component_sw,2026-09-24T15:32:16.365653+00:00
801140,轻工制造,001322,2022-10-26,akshare:index_component_sw,2026-09-24T15:32:16.365653+00:00
801140,轻工制造,301223,2022-10-26,akshare:index_component_sw,2026-09-24T15:32:16.365653+00:00
801140,轻工制造,301356,2022-11-14,akshare:index_component_sw,2026-09-24T15:32:16.365653+00:00
801140,轻工制造,301335,2022-11-18,akshare:index_component_sw,2026-09-24T15:32:16.365653+00:00
801140,轻工制造,001368,2023-03-13,akshare:index_component_sw,2026-09-24T15:32:16.365653+00:00
801140,轻工制造,301355,2023-06-12,akshare:index_component_sw,2026-09-24T15:32:16.365653+00:00
801140,轻工制造,301287,2023-06-15,akshare:index_component_sw,2026-09-24T15:32:16.365653+00:00
801140,轻工制造,301376,2023-06-21,akshare:index_component_sw,2026-09-24T15:32:16.365653+00:00
801140,轻工制造,300651,2023-07-06,akshare:index_component_sw,2026-09-24T15:32:16.365653+00:00
801140,轻工制造,301469,2023-08-22,akshare:index_component_sw,2026-09-24T15:32:16.365653+00:00
801140,轻工制造,301588,2024-03-13,akshare:index_component_sw,2026-09-24T15:32:16.365653+00:00
801140,轻工制造,603725,2024-07-31,akshare:index_component_sw,2026-09-24T15:32:16.365653+00:00
801140,轻工制造,603091,2024-08-30,akshare:index_component_sw,2026-09-24T15:32:16.365653+00:00
801140,轻工制造,001279,2024-10-11,akshare:index_component_sw,2026-09-24T15:32:16.365653+00:00
801140,轻工制造,001356,2025-01-23,akshare:index_component_sw,2026-09-24T15:32:16.365653+00:00
801140,轻工制造,301501,2025-03-19,akshare:index_component_sw,2026-09-24T15:32:16.365653+00:00
801140,轻工制造,301595,2025-05-19,akshare:index_component_sw,2026-09-24T15:32:16.365653+00:00
801140,轻工制造,001221,2025-07-30,akshare:index_component_sw,2026-09-24T15:32:16.365653+00:00
801140,轻工制造,002631,2025-08-13,akshare:index_component_sw,2026-09-24T15:32:16.365653+00:00
801140,轻工制造,301575,2025-09-10,akshare:index_component_sw,2026-09-24T15:32:16.365653+00:00
801140,轻工制造,001386,2025-10-22,akshare:index_component_sw,2026-09-24T15:32:16.365653+00:00
801140,轻工制造,603284,2026-02-10,akshare:index_component_sw,2026-09-24T15:32:16.365653+00:00
801140,轻工制造,688087,2026-07-02,akshare:index_component_sw,2026-09-24T15:32:16.365653+00:00
801140,轻工制造,000488,2021-12-13,akshare:index_component_sw,2026-09-24T15:32:16.365653+00:00
801150,医药生物,000078,2021-12-13,akshare:index_component_sw,2026-09-24T15:32:16.451430+00:00
801150,医药生物,000153,2021-12-13,akshare:index_component_sw,2026-09-24T15:32:16.451430+00:00
801150,医药生物,000403,2021-12-13,akshare:index_component_sw,2026-09-24T15:32:16.451430+00:00
801150,医药生物,000411,2021-12-13,akshare:index_component_sw,2026-09-24T15:32:16.451430+00:00
801150,医药生物,000423,2021-12-13,akshare:index_component_sw,2026-09-24T15:32:16.451430+00:00
801150,医药生物,000504,2021-12-13,akshare:index_component_sw,2026-09-24T15:32:16.451430+00:00
801150,医药生物,000513,2021-12-13,akshare:index_component_sw,2026-09-24T15:32:16.451430+00:00
801150,医药生物,000516,2021-12-13,akshare:index_component_sw,2026-09-24T15:32:16.451430+00:00
801150,医药生物,000518,2021-12-13,akshare:index_component_sw,2026-09-24T15:32:16.451430+00:00
801150,医药生物,000534,2021-12-13,akshare:index_component_sw,2026-09-24T15:32:16.451430+00:00
801150,医药生物,000538,2021-12-13,akshare:index_component_sw,2026-09-24T15:32:16.451430+00:00
801150,医药生物,000566,2021-12-13,akshare:index_component_sw,2026-09-24T15:32:16.451430+00:00
801150,医药生物,000590,2021-12-13,akshare:index_component_sw,2026-09-24T15:32:16.451430+00:00
801150,医药生物,000597,2021-12-13,akshare:index_component_sw,2026-09-24T15:32:16.451430+00:00
801150,医药生物,000650,2021-12-13,akshare:index_component_sw,2026-09-24T15:32:16.451430+00:00
801150,医药生物,000661,2021-12-13,akshare:index_component_sw,2026-09-24T15:32:16.451430+00:00
801150,医药生物,000705,2021-12-13,akshare:index_component_sw,2026-09-24T15:32:16.451430+00:00
801150,医药生物,000739,2021-12-13,akshare:index_component_sw,2026-09-24T15:32:16.451430+00:00
801150,医药生物,000756,2021-12-13,akshare:index_component_sw,2026-09-24T15:32:16.451430+00:00
801150,医药生物,000766,2021-12-13,akshare:index_component_sw,2026-09-24T15:32:16.451430+00:00
801150,医药生物,000788,2021-12-13,akshare:index_component_sw,2026-09-24T15:32:16.451430+00:00
801150,医药生物,000790,2021-12-13,akshare:index_component_sw,2026-09-24T15:32:16.451430+00:00
801150,医药生物,000813,2021-12-13,akshare:index_component_sw,2026-09-24T15:32:16.451430+00:00
801150,医药生物,000908,2021-12-13,akshare:index_component_sw,2026-09-24T15:32:16.451430+00:00
801150,医药生物,000915,2021-12-13,akshare:index_component_sw,2026-09-24T15:32:16.451430+00:00
801150,医药生物,000931,2021-12-13,akshare:index_component_sw,2026-09-24T15:32:16.451430+00:00
801150,医药生物,000950,2021-12-13,akshare:index_component_sw,2026-09-24T15:32:16.451430+00:00
801150,医药生物,000952,2021-12-13,akshare:index_component_sw,2026-09-24T15:32:16.451430+00:00
801150,医药生物,000963,2021-12-13,akshare:index_component_sw,2026-09-24T15:32:16.451430+00:00
801150,医药生物,000989,2021-12-13,akshare:index_component_sw,2026-09-24T15:32:16.451430+00:00
801150,医药生物,000999,2021-12-13,akshare:index_component_sw,2026-09-24T15:32:16.451430+00:00
801150,医药生物,002004,2021-12-13,akshare:index_component_sw,2026-09-24T15:32:16.451430+00:00
801150,医药生物,002019,2021-12-13,akshare:index_component_sw,2026-09-24T15:32:16.451430+00:00
801150,医药生物,002020,2021-12-13,akshare:index_component_sw,2026-09-24T15:32:16.451430+00:00
801150,医药生物,002022,2021-12-13,akshare:index_component_sw,2026-09-24T15:32:16.451430+00:00
801150,医药生物,002030,2021-12-13,akshare:index_component_sw,2026-09-24T15:32:16.451430+00:00
801150,医药生物,002044,2021-12-13,akshare:index_component_sw,2026-09-24T15:32:16.451430+00:00
801150,医药生物,002099,2021-12-13,akshare:index_component_sw,2026-09-24T15:32:16.451430+00:00
801150,医药生物,002102,2021-12-13,akshare:index_component_sw,2026-09-24T15:32:16.451430+00:00
801150,医药生物,002107,2021-12-13,akshare:index_component_sw,2026-09-24T15:32:16.451430+00:00
801150,医药生物,002173,2021-12-13,akshare:index_component_sw,2026-09-24T15:32:16.451430+00:00
801150,医药生物,002198,2021-12-13,akshare:index_component_sw,2026-09-24T15:32:16.451430+00:00
801150,医药生物,002219,2021-12-13,akshare:index_component_sw,2026-09-24T15:32:16.451430+00:00
801150,医药生物,002223,2021-12-13,akshare:index_component_sw,2026-09-24T15:32:16.451430+00:00
801150,医药生物,002252,2021-12-13,akshare:index_component_sw,2026-09-24T15:32:16.451430+00:00
801150,医药生物,002262,2021-12-13,akshare:index_component_sw,2026-09-24T15:32:16.451430+00:00
801150,医药生物,002275,2021-12-13,akshare:index_component_sw,2026-09-24T15:32:16.451430+00:00
801150,医药生物,002287,2021-12-13,akshare:index_component_sw,2026-09-24T15:32:16.451430+00:00
801150,医药生物,002294,2021-12-13,akshare:index_component_sw,2026-09-24T15:32:16.451430+00:00
801150,医药生物,002317,2021-12-13,akshare:index_component_sw,2026-09-24T15:32:16.451430+00:00
801150,医药生物,002349,2021-12-13,akshare:index_component_sw,2026-09-24T15:32:16.451430+00:00
801150,医药生物,002365,2021-12-13,akshare:index_component_sw,2026-09-24T15:32:16.451430+00:00
801150,医药生物,002370,2021-12-13,akshare:index_component_sw,2026-09-24T15:32:16.451430+00:00
801150,医药生物,002382,2021-12-13,akshare:index_component_sw,2026-09-24T15:32:16.451430+00:00
801150,医药生物,002390,2021-12-13,akshare:index_component_sw,2026-09-24T15:32:16.451430+00:00
801150,医药生物,002393,2021-12-13,akshare:index_component_sw,2026-09-24T15:32:16.451430+00:00
801150,医药生物,002412,2021-12-13,akshare:index_component_sw,2026-09-24T15:32:16.451430+00:00
801150,医药生物,002422,2021-12-13,akshare:index_component_sw,2026-09-24T15:32:16.451430+00:00
801150,医药生物,002424,2021-12-13,akshare:index_component_sw,2026-09-24T15:32:16.451430+00:00
801150,医药生物,002437,2021-12-13,akshare:index_component_sw,2026-09-24T15:32:16.451430+00:00
801150,医药生物,002462,2021-12-13,akshare:index_component_sw,2026-09-24T15:32:16.451430+00:00
801150,医药生物,002524,2021-12-13,akshare:index_component_sw,2026-09-24T15:32:16.451430+00:00
801150,医药生物,002550,2021-12-13,akshare:index_component_sw,2026-09-24T15:32:16.451430+00:00
801150,医药生物,002551,2021-12-13,akshare:index_component_sw,2026-09-24T15:32:16.451430+00:00
801150,医药生物,002566,2021-12-13,akshare:index_component_sw,2026-09-24T15:32:16.451430+00:00
801150,医药生物,002581,2021-12-13,akshare:index_component_sw,2026-09-24T15:32:16.451430+00:00
801150,医药生物,002589,2021-12-13,akshare:index_component_sw,2026-09-24T15:32:16.451430+00:00
801150,医药生物,002603,2021-12-13,akshare:index_component_sw,2026-09-24T15:32:16.451430+00:00
801150,医药生物,002644,2021-12-13,akshare:index_component_sw,2026-09-24T15:32:16.451430+00:00
801150,医药生物,002653,2021-12-13,akshare:index_component_sw,2026-09-24T15:32:16.451430+00:00
801150,医药生物,002675,2021-12-13,akshare:index_component_sw,2026-09-24T15:32:16.451430+00:00
801150,医药生物,002727,2021-12-13,akshare:index_component_sw,2026-09-24T15:32:16.451430+00:00
801150,医药生物,002728,2021-12-13,akshare:index_component_sw,2026-09-24T15:32:16.451430+00:00
801150,医药生物,002737,2021-12-13,akshare:index_component_sw,2026-09-24T15:32:16.451430+00:00
801150,医药生物,002755,2021-12-13,akshare:index_component_sw,2026-09-24T15:32:16.451430+00:00
801150,医药生物,002788,2021-12-13,akshare:index_component_sw,2026-09-24T15:32:16.451430+00:00
801150,医药生物,002793,2021-12-13,akshare:index_component_sw,2026-09-24T15:32:16.451430+00:00
801150,医药生物,002821,2021-12-13,akshare:index_component_sw,2026-09-24T15:32:16.451430+00:00
801150,医药生物,002826,2021-12-13,akshare:index_component_sw,2026-09-24T15:32:16.451430+00:00
801150,医药生物,002864,2021-12-13,akshare:index_component_sw,2026-09-24T15:32:16.451430+00:00
801150,医药生物,002873,2021-12-13,akshare:index_component_sw,2026-09-24T15:32:16.451430+00:00
801150,医药生物,002880,2021-12-13,akshare:index_component_sw,2026-09-24T15:32:16.451430+00:00
801150,医药生物,002900,2021-12-13,akshare:index_component_sw,2026-09-24T15:32:16.451430+00:00
801150,医药生物,002901,2021-12-13,akshare:index_component_sw,2026-09-24T15:32:16.451430+00:00
801150,医药生物,002907,2021-12-13,akshare:index_component_sw,2026-09-24T15:32:16.451430+00:00
801150,医药生物,002923,2021-12-13,akshare:index_component_sw,2026-09-24T15:32:16.451430+00:00
801150,医药生物,002932,2021-12-13,akshare:index_component_sw,2026-09-24T15:32:16.451430+00:00
801150,医药生物,002940,2021-12-13,akshare:index_component_sw,2026-09-24T15:32:16.451430+00:00
801150,医药生物,002950,2021-12-13,akshare:index_component_sw,2026-09-24T15:32:16.451430+00:00
801150,医药生物,003020,2021-12-13,akshare:index_component_sw,2026-09-24T15:32:16.451430+00:00
801150,医药生物,300003,2021-12-13,akshare:index_component_sw,2026-09-24T15:32:16.451430+00:00
801150,医药生物,300006,2021-12-13,akshare:index_component_sw,2026-09-24T15:32:16.451430+00:00
801150,医药生物,300009,2021-12-13,akshare:index_component_sw,2026-09-24T15:32:16.451430+00:00
801150,医药生物,300015,2021-12-13,akshare:index_component_sw,2026-09-24T15:32:16.451430+00:00
801150,医药生物,300016,2021-12-13,akshare:index_component_sw,2026-09-24T15:32:16.451430+00:00
801150,医药生物,300026,2021-12-13,akshare:index_component_sw,2026-09-24T15:32:16.451430+00:00
801150,医药生物,300030,2021-12-13,akshare:index_component_sw,2026-09-24T15:32:16.451430+00:00
801150,医药生物,300039,2021-12-13,akshare:index_component_sw,2026-09-24T15:32:16.451430+00:00
801150,医药生物,300049,2021-12-13,akshare:index_component_sw,2026-09-24T15:32:16.451430+00:00
801150,医药生物,300086,2021-12-13,akshare:index_component_sw,2026-09-24T15:32:16.451430+00:00
801150,医药生物,300110,2021-12-13,akshare:index_component_sw,2026-09-24T15:32:16.451430+00:00
801150,医药生物,300122,2021-12-13,akshare:index_component_sw,2026-09-24T15:32:16.451430+00:00
801150,医药生物,300142,2021-12-13,akshare:index_component_sw,2026-09-24T15:32:16.451430+00:00
801150,医药生物,300143,2021-12-13,akshare:index_component_sw,2026-09-24T15:32:16.451430+00:00
801150,医药生物,300147,2021-12-13,akshare:index_component_sw,2026-09-24T15:32:16.451430+00:00
801150,医药生物,300149,2021-12-13,akshare:index_component_sw,2026-09-24T15:32:16.451430+00:00
801150,医药生物,300171,2021-12-13,akshare:index_component_sw,2026-09-24T15:32:16.451430+00:00
801150,医药生物,300181,2021-12-13,akshare:index_component_sw,2026-09-24T15:32:16.451430+00:00
801150,医药生物,300194,2021-12-13,akshare:index_component_sw,2026-09-24T15:32:16.451430+00:00
801150,医药生物,300199,2021-12-13,akshare:index_component_sw,2026-09-24T15:32:16.451430+00:00
801150,医药生物,300206,2021-12-13,akshare:index_component_sw,2026-09-24T15:32:16.451430+00:00
801150,医药生物,300233,2021-12-13,akshare:index_component_sw,2026-09-24T15:32:16.451430+00:00
801150,医药生物,300238,2021-12-13,akshare:index_component_sw,2026-09-24T15:32:16.451430+00:00
801150,医药生物,300239,2021-12-13,akshare:index_component_sw,2026-09-24T15:32:16.451430+00:00
801150,医药生物,300244,2021-12-13,akshare:index_component_sw,2026-09-24T15:32:16.451430+00:00
801150,医药生物,300246,2021-12-13,akshare:index_component_sw,2026-09-24T15:32:16.451430+00:00
801150,医药生物,300254,2021-12-13,akshare:index_component_sw,2026-09-24T15:32:16.451430+00:00
801150,医药生物,300255,2021-12-13,akshare:index_component_sw,2026-09-24T15:32:16.451430+00:00
801150,医药生物,300267,2021-12-13,akshare:index_component_sw,2026-09-24T15:32:16.451430+00:00
801150,医药生物,300289,2021-12-13,akshare:index_component_sw,2026-09-24T15:32:16.451430+00:00
801150,医药生物,300294,2021-12-13,akshare:index_component_sw,2026-09-24T15:32:16.451430+00:00
801150,医药生物,300298,2021-12-13,akshare:index_component_sw,2026-09-24T15:32:16.451430+00:00
801150,医药生物,300314,2021-12-13,akshare:index_component_sw,2026-09-24T15:32:16.451430+00:00
801150,医药生物,300326,2021-12-13,akshare:index_component_sw,2026-09-24T15:32:16.451430+00:00
801150,医药生物,300347,2021-12-13,akshare:index_component_sw,2026-09-24T15:32:16.451430+00:00
801150,医药生物,300357,2021-12-13,akshare:index_component_sw,2026-09-24T15:32:16.451430+00:00
801150,医药生物,300358,2021-12-13,akshare:index_component_sw,2026-09-24T15:32:16.451430+00:00
801150,医药生物,300363,2021-12-13,akshare:index_component_sw,2026-09-24T15:32:16.451430+00:00
801150,医药生物,300381,2021-12-13,akshare:index_component_sw,2026-09-24T15:32:16.451430+00:00
801150,医药生物,300396,2021-12-13,akshare:index_component_sw,2026-09-24T15:32:16.451430+00:00
801150,医药生物,300401,2021-12-13,akshare:index_component_sw,2026-09-24T15:32:16.451430+00:00
801150,医药生物,300404,2021-12-13,akshare:index_component_sw,2026-09-24T15:32:16.451430+00:00
801150,医药生物,300406,2021-12-13,akshare:index_component_sw,2026-09-24T15:32:16.451430+00:00
801150,医药生物,300434,2021-12-13,akshare:index_component_sw,2026-09-24T15:32:16.451430+00:00
801150,医药生物,300436,2021-12-13,akshare:index_component_sw,2026-09-24T15:32:16.451430+00:00
801150,医药生物,300439,2021-12-13,akshare:index_component_sw,2026-09-24T15:32:16.451430+00:00
801150,医药生物,300452,2021-12-13,akshare:index_component_sw,2026-09-24T15:32:16.451430+00:00
801150,医药生物,300453,2021-12-13,akshare:index_component_sw,2026-09-24T15:32:16.451430+00:00
801150,医药生物,300463,2021-12-13,akshare:index_component_sw,2026-09-24T15:32:16.451430+00:00
801150,医药生物,300482,2021-12-13,akshare:index_component_sw,2026-09-24T15:32:16.451430+00:00
801150,医药生物,300485,2021-12-13,akshare:index_component_sw,2026-09-24T15:32:16.451430+00:00
801150,医药生物,300497,2021-12-13,akshare:index_component_sw,2026-09-24T15:32:16.451430+00:00
801150,医药生物,300519,2021-12-13,akshare:index_component_sw,2026-09-24T15:32:16.451430+00:00
801150,医药生物,300529,2021-12-13,akshare:index_component_sw,2026-09-24T15:32:16.451430+00:00
801150,医药生物,300534,2021-12-13,akshare:index_component_sw,2026-09-24T15:32:16.451430+00:00
801150,医药生物,300558,2021-12-13,akshare:index_component_sw,2026-09-24T15:32:16.451430+00:00
801150,医药生物,300562,2021-12-13,akshare:index_component_sw,2026-09-24T15:32:16.451430+00:00
801150,医药生物,300573,2021-12-13,akshare:index_component_sw,2026-09-24T15:32:16.451430+00:00
801150,医药生物,300583,2021-12-13,akshare:index_component_sw,2026-09-24T15:32:16.451430+00:00
801150,医药生物,300584,2021-12-13,akshare:index_component_sw,2026-09-24T15:32:16.451430+00:00
801150,医药生物,300595,2021-12-13,akshare:index_component_sw,2026-09-24T15:32:16.451430+00:00
801150,医药生物,300601,2021-12-13,akshare:index_component_sw,2026-09-24T15:32:16.451430+00:00
801150,医药生物,300633,2021-12-13,akshare:index_component_sw,2026-09-24T15:32:16.451430+00:00
801150,医药生物,300636,2021-12-13,akshare:index_component_sw,2026-09-24T15:32:16.451430+00:00
801150,医药生物,300639,2021-12-13,akshare:index_component_sw,2026-09-24T15:32:16.451430+00:00
801150,医药生物,300642,2021-12-13,akshare:index_component_sw,2026-09-24T15:32:16.451430+00:00
801150,医药生物,300653,2021-12-13,akshare:index_component_sw,2026-09-24T15:32:16.451430+00:00
801150,医药生物,300677,2021-12-13,akshare:index_component_sw,2026-09-24T15:32:16.451430+00:00
801150,医药生物,300685,2021-12-13,akshare:index_component_sw,2026-09-24T15:32:16.451430+00:00
801150,医药生物,300702,2021-12-13,akshare:index_component_sw,2026-09-24T15:32:16.451430+00:00
801150,医药生物,300705,2021-12-13,akshare:index_component_sw,2026-09-24T15:32:16.451430+00:00
801150,医药生物,300723,2021-12-13,akshare:index_component_sw,2026-09-24T15:32:16.451430+00:00
801150,医药生物,300725,2021-12-13,akshare:index_component_sw,2026-09-24T15:32:16.451430+00:00
801150,医药生物,300753,2021-12-13,akshare:index_component_sw,2026-09-24T15:32:16.451430+00:00
801150,医药生物,300759,2021-12-13,akshare:index_component_sw,2026-09-24T15:32:16.451430+00:00
801150,医药生物,300760,2021-12-13,akshare:index_component_sw,2026-09-24T15:32:16.451430+00:00
801150,医药生物,300765,2021-12-13,akshare:index_component_sw,2026-09-24T15:32:16.451430+00:00
801150,医药生物,300832,2021-12-13,akshare:index_component_sw,2026-09-24T15:32:16.451430+00:00
801150,医药生物,300841,2021-12-13,akshare:index_component_sw,2026-09-24T15:32:16.451430+00:00
801150,医药生物,300869,2021-12-13,akshare:index_component_sw,2026-09-24T15:32:16.451430+00:00
801150,医药生物,300878,2021-12-13,akshare:index_component_sw,2026-09-24T15:32:16.451430+00:00
801150,医药生物,300937,2021-12-13,akshare:index_component_sw,2026-09-24T15:32:16.451430+00:00
801150,医药生物,300942,2021-12-13,akshare:index_component_sw,2026-09-24T15:32:16.451430+00:00
801150,医药生物,300966,2021-12-13,akshare:index_component_sw,2026-09-24T15:32:16.451430+00:00
801150,医药生物,300981,2021-12-13,akshare:index_component_sw,2026-09-24T15:32:16.451430+00:00
801150,医药生物,301015,2021-12-13,akshare:index_component_sw,2026-09-24T15:32:16.451430+00:00
801150,医药生物,301017,2021-12-13,akshare:index_component_sw,2026-09-24T15:32:16.451430+00:00
801150,医药生物,301033,2021-12-13,akshare:index_component_sw,2026-09-24T15:32:16.451430+00:00
801150,医药生物,301060,2021-12-13,akshare:index_component_sw,2026-09-24T15:32:16.451430+00:00
801150,医药生物,301075,2021-12-13,akshare:index_component_sw,2026-09-24T15:32:16.451430+00:00
801150,医药生物,301089,2021-12-13,akshare:index_component_sw,2026-09-24T15:32:16.451430+00:00
801150,医药生物,301093,2021-12-13,akshare:index_component_sw,2026-09-24T15:32:16.451430+00:00
801150,医药生物,301126,2021-12-13,akshare:index_component_sw,2026-09-24T15:32:16.451430+00:00
801150,医药生物,301211,2021-12-13,akshare:index_component_sw,2026-09-24T15:32:16.451430+00:00
801150,医药生物,600055,2021-12-13,akshare:index_component_sw,2026-09-24T15:32:16.451430+00:00
801150,医药生物,600056,2021-12-13,akshare:index_component_sw,2026-09-24T15:32:16.451430+00:00
801150,医药生物,600062,2021-12-13,akshare:index_component_sw,2026-09-24T15:32:16.451430+00:00
801150,医药生物,600079,2021-12-13,akshare:index_component_sw,2026-09-24T15:32:16.451430+00:00
801150,医药生物,600080,2021-12-13,akshare:index_component_sw,2026-09-24T15:32:16.451430+00:00
801150,医药生物,600085,2021-12-13,akshare:index_component_sw,2026-09-24T15:32:16.451430+00:00
801150,医药生物,600129,2021-12-13,akshare:index_component_sw,2026-09-24T15:32:16.451430+00:00
801150,医药生物,600161,2021-12-13,akshare:index_component_sw,2026-09-24T15:32:16.451430+00:00
801150,医药生物,600196,2021-12-13,akshare:index_component_sw,2026-09-24T15:32:16.451430+00:00
801150,医药生物,600216,2021-12-13,akshare:index_component_sw,2026-09-24T15:32:16.451430+00:00
801150,医药生物,600222,2021-12-13,akshare:index_component_sw,2026-09-24T15:32:16.451430+00:00
801150,医药生物,600252,2021-12-13,akshare:index_component_sw,2026-09-24T15:32:16.451430+00:00
801150,医药生物,600272,2021-12-13,akshare:index_component_sw,2026-09-24T15:32:16.451430+00:00
801150,医药生物,600276,2021-12-13,akshare:index_component_sw,2026-09-24T15:32:16.451430+00:00
801150,医药生物,600285,2021-12-13,akshare:index_component_sw,2026-09-24T15:32:16.451430+00:00
801150,医药生物,600329,2021-12-13,akshare:index_component_sw,2026-09-24T15:32:16.451430+00:00
801150,医药生物,600332,2021-12-13,akshare:index_component_sw,2026-09-24T15:32:16.451430+00:00
801150,医药生物,600351,2021-12-13,akshare:index_component_sw,2026-09-24T15:32:16.451430+00:00
801150,医药生物,600380,2021-12-13,akshare:index_component_sw,2026-09-24T15:32:16.451430+00:00
801150,医药生物,600420,2021-12-13,akshare:index_component_sw,2026-09-24T15:32:16.451430+00:00
801150,医药生物,600422,2021-12-13,akshare:index_component_sw,2026-09-24T15:32:16.451430+00:00
801150,医药生物,600436,2021-12-13,akshare:index_component_sw,2026-09-24T15:32:16.451430+00:00
801150,医药生物,600479,2021-12-13,akshare:index_component_sw,2026-09-24T15:32:16.451430+00:00
801150,医药生物,600511,2021-12-13,akshare:index_component_sw,2026-09-24T15:32:16.451430+00:00
801150,医药生物,600513,2021-12-13,akshare:index_component_sw,2026-09-24T15:32:16.451430+00:00
801150,医药生物,600518,2021-12-13,akshare:index_component_sw,2026-09-24T15:32:16.451430+00:00
801150,医药生物,600521,2021-12-13,akshare:index_component_sw,2026-09-24T15:32:16.451430+00:00
801150,医药生物,600529,2021-12-13,akshare:index_component_sw,2026-09-24T15:32:16.451430+00:00
801150,医药生物,600535,2021-12-13,akshare:index_component_sw,2026-09-24T15:32:16.451430+00:00
801150,医药生物,600538,2021-12-13,akshare:index_component_sw,2026-09-24T15:32:16.451430+00:00
801150,医药生物,600557,2021-12-13,akshare:index_component_sw,2026-09-24T15:32:16.451430+00:00
801150,医药生物,600566,2021-12-13,akshare:index_component_sw,2026-09-24T15:32:16.451430+00:00
801150,医药生物,600568,2021-12-13,akshare:index_component_sw,2026-09-24T15:32:16.451430+00:00
801150,医药生物,600572,2021-12-13,akshare:index_component_sw,2026-09-24T15:32:16.451430+00:00
801150,医药生物,600587,2021-12-13,akshare:index_component_sw,2026-09-24T15:32:16.451430+00:00
801150,医药生物,600594,2021-12-13,akshare:index_component_sw,2026-09-24T15:32:16.451430+00:00
801150,医药生物,600613,2021-12-13,akshare:index_component_sw,2026-09-24T15:32:16.451430+00:00
801150,医药生物,600624,2021-12-13,akshare:index_component_sw,2026-09-24T15:32:16.451430+00:00
801150,医药生物,600645,2021-12-13,akshare:index_component_sw,2026-09-24T15:32:16.451430+00:00
801150,医药生物,600664,2021-12-13,akshare:index_component_sw,2026-09-24T15:32:16.451430+00:00
801150,医药生物,600671,2021-12-13,akshare:index_component_sw,2026-09-24T15:32:16.451430+00:00
801150,医药生物,600713,2021-12-13,akshare:index_component_sw,2026-09-24T15:32:16.451430+00:00
801150,医药生物,600721,2021-12-13,akshare:index_component_sw,2026-09-24T15:32:16.451430+00:00
801150,医药生物,600739,2021-12-13,akshare:index_component_sw,2026-09-24T15:32:16.451430+00:00
801150,医药生物,600750,2021-12-13,akshare:index_component_sw,2026-09-24T15:32:16.451430+00:00
801150,医药生物,600763,2021-12-13,akshare:index_component_sw,2026-09-24T15:32:16.451430+00:00
801150,医药生物,600771,2021-12-13,akshare:index_component_sw,2026-09-24T15:32:16.451430+00:00
801150,医药生物,600789,2021-12-13,akshare:index_component_sw,2026-09-24T15:32:16.451430+00:00
801150,医药生物,600812,2021-12-13,akshare:index_component_sw,2026-09-24T15:32:16.451430+00:00
801150,医药生物,600829,2021-12-13,akshare:index_component_sw,2026-09-24T15:32:16.451430+00:00
801150,医药生物,600833,2021-12-13,akshare:index_component_sw,2026-09-24T15:32:16.451430+00:00
801150,医药生物,600851,2021-12-13,akshare:index_component_sw,2026-09-24T15:32:16.451430+00:00
801150,医药生物,600867,2021-12-13,akshare:index_component_sw,2026-09-24T15:32:16.451430+00:00
801150,医药生物,600976,2021-12-13,akshare:index_component_sw,2026-09-24T15:32:16.451430+00:00
801150,医药生物,600993,2021-12-13,akshare:index_component_sw,2026-09-24T15:32:16.451430+00:00
801150,医药生物,600998,2021-12-13,akshare:index_component_sw,2026-09-24T15:32:16.451430+00:00
801150,医药生物,601607,2021-12-13,akshare:index_component_sw,2026-09-24T15:32:16.451430+00:00
801150,医药生物,603087,2021-12-13,akshare:index_component_sw,2026-09-24T15:32:16.451430+00:00
801150,医药生物,603127,2021-12-13,akshare:index_component_sw,2026-09-24T15:32:16.451430+00:00
801150,医药生物,603139,2021-12-13,akshare:index_component_sw,2026-09-24T15:32:16.451430+00:00
801150,医药生物,603168,2021-12-13,akshare:index_component_sw,2026-09-24T15:32:16.451430+00:00
801150,医药生物,603222,2021-12-13,akshare:index_component_sw,2026-09-24T15:32:16.451430+00:00
801150,医药生物,603229,2021-12-13,akshare:index_component_sw,2026-09-24T15:32:16.451430+00:00
801150,医药生物,603233,2021-12-13,akshare:index_component_sw,2026-09-24T15:32:16.451430+00:00
801150,医药生物,603259,2021-12-13,akshare:index_component_sw,2026-09-24T15:32:16.451430+00:00
801150,医药生物,603301,2021-12-13,akshare:index_component_sw,2026-09-24T15:32:16.451430+00:00
801150,医药生物,603309,2021-12-13,akshare:index_component_sw,2026-09-24T15:32:16.451430+00:00
801150,医药生物,603351,2021-12-13,akshare:index_component_sw,2026-09-24T15:32:16.451430+00:00
801150,医药生物,603367,2021-12-13,akshare:index_component_sw,2026-09-24T15:32:16.451430+00:00
801150,医药生物,603368,2021-12-13,akshare:index_component_sw,2026-09-24T15:32:16.451430+00:00
801150,医药生物,603387,2021-12-13,akshare:index_component_sw,2026-09-24T15:32:16.451430+00:00
801150,医药生物,603439,2021-12-13,akshare:index_component_sw,2026-09-24T15:32:16.451430+00:00
801150,医药生物,603520,2021-12-13,akshare:index_component_sw,2026-09-24T15:32:16.451430+00:00
801150,医药生物,603538,2021-12-13,akshare:index_component_sw,2026-09-24T15:32:16.451430+00:00
801150,医药生物,603567,2021-12-13,akshare:index_component_sw,2026-09-24T15:32:16.451430+00:00
801150,医药生物,603590,2021-12-13,akshare:index_component_sw,2026-09-24T15:32:16.451430+00:00
801150,医药生物,603658,2021-12-13,akshare:index_component_sw,2026-09-24T15:32:16.451430+00:00
801150,医药生物,603669,2021-12-13,akshare:index_component_sw,2026-09-24T15:32:16.451430+00:00
801150,医药生物,603676,2021-12-13,akshare:index_component_sw,2026-09-24T15:32:16.451430+00:00
801150,医药生物,603707,2021-12-13,akshare:index_component_sw,2026-09-24T15:32:16.451430+00:00
801150,医药生物,603716,2021-12-13,akshare:index_component_sw,2026-09-24T15:32:16.451430+00:00
801150,医药生物,603811,2021-12-13,akshare:index_component_sw,2026-09-24T15:32:16.451430+00:00
801150,医药生物,603858,2021-12-13,akshare:index_component_sw,2026-09-24T15:32:16.451430+00:00
801150,医药生物,603880,2021-12-13,akshare:index_component_sw,2026-09-24T15:32:16.451430+00:00
801150,医药生物,603882,2021-12-13,akshare:index_component_sw,2026-09-24T15:32:16.451430+00:00
801150,医药生物,603883,2021-12-13,akshare:index_component_sw,2026-09-24T15:32:16.451430+00:00
801150,医药生物,603896,2021-12-13,akshare:index_component_sw,2026-09-24T15:32:16.451430+00:00
801150,医药生物,603939,2021-12-13,akshare:index_component_sw,2026-09-24T15:32:16.451430+00:00
801150,医药生物,603976,2021-12-13,akshare:index_component_sw,2026-09-24T15:32:16.451430+00:00
801150,医药生物,603987,2021-12-13,akshare:index_component_sw,2026-09-24T15:32:16.451430+00:00
801150,医药生物,603998,2021-12-13,akshare:index_component_sw,2026-09-24T15:32:16.451430+00:00
801150,医药生物,605116,2021-12-13,akshare:index_component_sw,2026-09-24T15:32:16.451430+00:00
801150,医药生物,605177,2021-12-13,akshare:index_component_sw,2026-09-24T15:32:16.451430+00:00
801150,医药生物,605199,2021-12-13,akshare:index_component_sw,2026-09-24T15:32:16.451430+00:00
801150,医药生物,605266,2021-12-13,akshare:index_component_sw,2026-09-24T15:32:16.451430+00:00
801150,医药生物,605369,2021-12-13,akshare:index_component_sw,2026-09-24T15:32:16.451430+00:00
801150,医药生物,605507,2021-12-13,akshare:index_component_sw,2026-09-24T15:32:16.451430+00:00
801150,医药生物,688013,2021-12-13,akshare:index_component_sw,2026-09-24T15:32:16.451430+00:00
801150,医药生物,688016,2021-12-13,akshare:index_component_sw,2026-09-24T15:32:16.451430+00:00
801150,医药生物,688029,2021-12-13,akshare:index_component_sw,2026-09-24T15:32:16.451430+00:00
801150,医药生物,688050,2021-12-13,akshare:index_component_sw,2026-09-24T15:32:16.451430+00:00
801150,医药生物,688067,2021-12-13,akshare:index_component_sw,2026-09-24T15:32:16.451430+00:00
801150,医药生物,688068,2021-12-13,akshare:index_component_sw,2026-09-24T15:32:16.451430+00:00
801150,医药生物,688075,2021-12-13,akshare:index_component_sw,2026-09-24T15:32:16.451430+00:00
801150,医药生物,688085,2021-12-13,akshare:index_component_sw,2026-09-24T15:32:16.451430+00:00
801150,医药生物,688091,2021-12-13,akshare:index_component_sw,2026-09-24T15:32:16.451430+00:00
801150,医药生物,688108,2021-12-13,akshare:index_component_sw,2026-09-24T15:32:16.451430+00:00
801150,医药生物,688117,2021-12-13,akshare:index_component_sw,2026-09-24T15:32:16.451430+00:00
801150,医药生物,688136,2021-12-13,akshare:index_component_sw,2026-09-24T15:32:16.451430+00:00
801150,医药生物,688139,2021-12-13,akshare:index_component_sw,2026-09-24T15:32:16.451430+00:00
801150,医药生物,688161,2021-12-13,akshare:index_component_sw,2026-09-24T15:32:16.451430+00:00
801150,医药生物,688177,2021-12-13,akshare:index_component_sw,2026-09-24T15:32:16.451430+00:00
801150,医药生物,688180,2021-12-13,akshare:index_component_sw,2026-09-24T15:32:16.451430+00:00
801150,医药生物,688185,2021-12-13,akshare:index_component_sw,2026-09-24T15:32:16.451430+00:00
801150,医药生物,688189,2021-12-13,akshare:index_component_sw,2026-09-24T15:32:16.451430+00:00
801150,医药生物,688192,2021-12-13,akshare:index_component_sw,2026-09-24T15:32:16.451430+00:00
801150,医药生物,688198,2021-12-13,akshare:index_component_sw,2026-09-24T15:32:16.451430+00:00
801150,医药生物,688202,2021-12-13,akshare:index_component_sw,2026-09-24T15:32:16.451430+00:00
801150,医药生物,688212,2021-12-13,akshare:index_component_sw,2026-09-24T15:32:16.451430+00:00
801150,医药生物,688217,2021-12-13,akshare:index_component_sw,2026-09-24T15:32:16.451430+00:00
801150,医药生物,688221,2021-12-13,akshare:index_component_sw,2026-09-24T15:32:16.451430+00:00
801150,医药生物,688222,2021-12-13,akshare:index_component_sw,2026-09-24T15:32:16.451430+00:00
801150,医药生物,688266,2021-12-13,akshare:index_component_sw,2026-09-24T15:32:16.451430+00:00
801150,医药生物,688276,2021-12-13,akshare:index_component_sw,2026-09-24T15:32:16.451430+00:00
801150,医药生物,688277,2021-12-13,akshare:index_component_sw,2026-09-24T15:32:16.451430+00:00
801150,医药生物,688278,2021-12-13,akshare:index_component_sw,2026-09-24T15:32:16.451430+00:00
801150,医药生物,688289,2021-12-13,akshare:index_component_sw,2026-09-24T15:32:16.451430+00:00
801150,医药生物,688298,2021-12-13,akshare:index_component_sw,2026-09-24T15:32:16.451430+00:00
801150,医药生物,688301,2021-12-13,akshare:index_component_sw,2026-09-24T15:32:16.451430+00:00
801150,医药生物,688314,2021-12-13,akshare:index_component_sw,2026-09-24T15:32:16.451430+00:00
801150,医药生物,688315,2021-12-13,akshare:index_component_sw,2026-09-24T15:32:16.451430+00:00
801150,医药生物,688317,2021-12-13,akshare:index_component_sw,2026-09-24T15:32:16.451430+00:00
801150,医药生物,688319,2021-12-13,akshare:index_component_sw,2026-09-24T15:32:16.451430+00:00
801150,医药生物,688321,2021-12-13,akshare:index_component_sw,2026-09-24T15:32:16.451430+00:00
801150,医药生物,688336,2021-12-13,akshare:index_component_sw,2026-09-24T15:32:16.451430+00:00
801150,医药生物,688338,2021-12-13,akshare:index_component_sw,2026-09-24T15:32:16.451430+00:00
801150,医药生物,688356,2021-12-13,akshare:index_component_sw,2026-09-24T15:32:16.451430+00:00
801150,医药生物,688358,2021-12-13,akshare:index_component_sw,2026-09-24T15:32:16.451430+00:00
801150,医药生物,688366,2021-12-13,akshare:index_component_sw,2026-09-24T15:32:16.451430+00:00
801150,医药生物,688389,2021-12-13,akshare:index_component_sw,2026-09-24T15:32:16.451430+00:00
801150,医药生物,688393,2021-12-13,akshare:index_component_sw,2026-09-24T15:32:16.451430+00:00
801150,医药生物,688399,2021-12-13,akshare:index_component_sw,2026-09-24T15:32:16.451430+00:00
801150,医药生物,688468,2021-12-13,akshare:index_component_sw,2026-09-24T15:32:16.451430+00:00
801150,医药生物,688488,2021-12-13,akshare:index_component_sw,2026-09-24T15:32:16.451430+00:00
801150,医药生物,688505,2021-12-13,akshare:index_component_sw,2026-09-24T15:32:16.451430+00:00
801150,医药生物,688513,2021-12-13,akshare:index_component_sw,2026-09-24T15:32:16.451430+00:00
801150,医药生物,688520,2021-12-13,akshare:index_component_sw,2026-09-24T15:32:16.451430+00:00
801150,医药生物,688553,2021-12-13,akshare:index_component_sw,2026-09-24T15:32:16.451430+00:00
801150,医药生物,688566,2021-12-13,akshare:index_component_sw,2026-09-24T15:32:16.451430+00:00
801150,医药生物,688575,2021-12-13,akshare:index_component_sw,2026-09-24T15:32:16.451430+00:00
801150,医药生物,688578,2021-12-13,akshare:index_component_sw,2026-09-24T15:32:16.451430+00:00
801150,医药生物,688580,2021-12-13,akshare:index_component_sw,2026-09-24T15:32:16.451430+00:00
801150,医药生物,688606,2021-12-13,akshare:index_component_sw,2026-09-24T15:32:16.451430+00:00
801150,医药生物,688607,2021-12-13,akshare:index_component_sw,2026-09-24T15:32:16.451430+00:00
801150,医药生物,688613,2021-12-13,akshare:index_component_sw,2026-09-24T15:32:16.451430+00:00
801150,医药生物,688617,2021-12-13,akshare:index_component_sw,2026-09-24T15:32:16.451430+00:00
801150,医药生物,688621,2021-12-13,akshare:index_component_sw,2026-09-24T15:32:16.451430+00:00
801150,医药生物,688626,2021-12-13,akshare:index_component_sw,2026-09-24T15:32:16.451430+00:00
801150,医药生物,688656,2021-12-13,akshare:index_component_sw,2026-09-24T15:32:16.451430+00:00
801150,医药生物,688658,2021-12-13,akshare:index_component_sw,2026-09-24T15:32:16.451430+00:00
801150,医药生物,688670,2021-12-13,akshare:index_component_sw,2026-09-24T15:32:16.451430+00:00
801150,医药生物,688677,2021-12-13,akshare:index_component_sw,2026-09-24T15:32:16.451430+00:00
801150,医药生物,688687,2021-12-13,akshare:index_component_sw,2026-09-24T15:32:16.451430+00:00
801150,医药生物,688690,2021-12-13,akshare:index_component_sw,2026-09-24T15:32:16.451430+00:00
801150,医药生物,688739,2021-12-13,akshare:index_component_sw,2026-09-24T15:32:16.451430+00:00
801150,医药生物,688767,2021-12-13,akshare:index_component_sw,2026-09-24T15:32:16.451430+00:00
801150,医药生物,688799,2021-12-13,akshare:index_component_sw,2026-09-24T15:32:16.451430+00:00
801150,医药生物,301096,2021-12-20,akshare:index_component_sw,2026-09-24T15:32:16.451430+00:00
801150,医药生物,301166,2021-12-28,akshare:index_component_sw,2026-09-24T15:32:16.451430+00:00
801150,医药生物,688265,2021-12-28,akshare:index_component_sw,2026-09-24T15:32:16.451430+00:00
801150,医药生物,688236,2021-12-30,akshare:index_component_sw,2026-09-24T15:32:16.451430+00:00
801150,医药生物,688176,2022-01-07,akshare:index_component_sw,2026-09-24T15:32:16.451430+00:00
801150,医药生物,688062,2022-01-18,akshare:index_component_sw,2026-09-24T15:32:16.451430+00:00
801150,医药生物,301201,2022-01-20,akshare:index_component_sw,2026-09-24T15:32:16.451430+00:00
801150,医药生物,301122,2022-01-26,akshare:index_component_sw,2026-09-24T15:32:16.451430+00:00
801150,医药生物,301235,2022-01-28,akshare:index_component_sw,2026-09-24T15:32:16.451430+00:00
801150,医药生物,603122,2022-02-16,akshare:index_component_sw,2026-09-24T15:32:16.451430+00:00
801150,医药生物,301207,2022-02-18,akshare:index_component_sw,2026-09-24T15:32:16.451430+00:00
801150,医药生物,301130,2022-02-23,akshare:index_component_sw,2026-09-24T15:32:16.451430+00:00
801150,医药生物,688163,2022-03-11,akshare:index_component_sw,2026-09-24T15:32:16.451430+00:00
801150,医药生物,301103,2022-03-22,akshare:index_component_sw,2026-09-24T15:32:16.451430+00:00
801150,医药生物,688238,2022-03-22,akshare:index_component_sw,2026-09-24T15:32:16.451430+00:00
801150,医药生物,688197,2022-03-23,akshare:index_component_sw,2026-09-24T15:32:16.451430+00:00
801150,医药生物,301258,2022-03-29,akshare:index_component_sw,2026-09-24T15:32:16.451430+00:00
801150,医药生物,301263,2022-03-29,akshare:index_component_sw,2026-09-24T15:32:16.451430+00:00
801150,医药生物,688193,2022-03-30,akshare:index_component_sw,2026-09-24T15:32:16.451430+00:00
801150,医药生物,688331,2022-03-31,akshare:index_component_sw,2026-09-24T15:32:16.451430+00:00
801150,医药生物,301097,2022-04-07,akshare:index_component_sw,2026-09-24T15:32:16.451430+00:00
801150,医药生物,688302,2022-04-12,akshare:index_component_sw,2026-09-24T15:32:16.451430+00:00
801150,医药生物,688046,2022-04-25,akshare:index_component_sw,2026-09-24T15:32:16.451430+00:00
801150,医药生物,301257,2022-05-17,akshare:index_component_sw,2026-09-24T15:32:16.451430+00:00
801150,医药生物,601089,2022-06-30,akshare:index_component_sw,2026-09-24T15:32:16.451430+00:00
801150,医药生物,301234,2022-07-05,akshare:index_component_sw,2026-09-24T15:32:16.451430+00:00
801150,医药生物,301239,2022-07-05,akshare:index_component_sw,2026-09-24T15:32:16.451430+00:00
801150,医药生物,688382,2022-07-25,akshare:index_component_sw,2026-09-24T15:32:16.451430+00:00
801150,医药生物,688253,2022-07-28,akshare:index_component_sw,2026-09-24T15:32:16.451430+00:00
801150,医药生物,000623,2022-08-01,akshare:index_component_sw,2026-09-24T15:32:16.451430+00:00
801150,医药生物,000710,2022-08-01,akshare:index_component_sw,2026-09-24T15:32:16.451430+00:00
801150,医药生物,000919,2022-08-01,akshare:index_component_sw,2026-09-24T15:32:16.451430+00:00
801150,医药生物,000953,2022-08-01,akshare:index_component_sw,2026-09-24T15:32:16.451430+00:00
801150,医药生物,002007,2022-08-01,akshare:index_component_sw,2026-09-24T15:32:16.451430+00:00
801150,医药生物,002082,2022-08-01,akshare:index_component_sw,2026-09-24T15:32:16.451430+00:00
801150,医药生物,002172,2022-08-01,akshare:index_component_sw,2026-09-24T15:32:16.451430+00:00
801150,医药生物,002332,2022-08-01,akshare:index_component_sw,2026-09-24T15:32:16.451430+00:00
801150,医药生物,002432,2022-08-01,akshare:index_component_sw,2026-09-24T15:32:16.451430+00:00
801150,医药生物,002693,2022-08-01,akshare:index_component_sw,2026-09-24T15:32:16.451430+00:00
801150,医药生物,002742,2022-08-01,akshare:index_component_sw,2026-09-24T15:32:16.451430+00:00
801150,医药生物,002817,2022-08-01,akshare:index_component_sw,2026-09-24T15:32:16.451430+00:00
801150,医药生物,002872,2022-08-01,akshare:index_component_sw,2026-09-24T15:32:16.451430+00:00
801150,医药生物,300111,2022-08-01,akshare:index_component_sw,2026-09-24T15:32:16.451430+00:00
801150,医药生物,300204,2022-08-01,akshare:index_component_sw,2026-09-24T15:32:16.451430+00:00
801150,医药生物,300676,2022-08-01,akshare:index_component_sw,2026-09-24T15:32:16.451430+00:00
801150,医药生物,301047,2022-08-01,akshare:index_component_sw,2026-09-24T15:32:16.451430+00:00
801150,医药生物,301065,2022-08-01,akshare:index_component_sw,2026-09-24T15:32:16.451430+00:00
801150,医药生物,301080,2022-08-01,akshare:index_component_sw,2026-09-24T15:32:16.451430+00:00
801150,医药生物,301111,2022-08-01,akshare:index_component_sw,2026-09-24T15:32:16.451430+00:00
801150,医药生物,600267,2022-08-01,akshare:index_component_sw,2026-09-24T15:32:16.451430+00:00
801150,医药生物,600488,2022-08-01,akshare:index_component_sw,2026-09-24T15:32:16.451430+00:00
801150,医药生物,600774,2022-08-01,akshare:index_component_sw,2026-09-24T15:32:16.451430+00:00
801150,医药生物,603108,2022-08-01,akshare:index_component_sw,2026-09-24T15:32:16.451430+00:00
801150,医药生物,688026,2022-08-01,akshare:index_component_sw,2026-09-24T15:32:16.451430+00:00
801150,医药生物,688105,2022-08-01,akshare:index_component_sw,2026-09-24T15:32:16.451430+00:00
801150,医药生物,688131,2022-08-01,akshare:index_component_sw,2026-09-24T15:32:16.451430+00:00
801150,医药生物,688151,2022-08-01,akshare:index_component_sw,2026-09-24T15:32:16.451430+00:00
801150,医药生物,688166,2022-08-01,akshare:index_component_sw,2026-09-24T15:32:16.451430+00:00
801150,医药生物,301333,2022-08-02,akshare:index_component_sw,2026-09-24T15:32:16.451430+00:00
801150,医药生物,688373,2022-08-05,akshare:index_component_sw,2026-09-24T15:32:16.451430+00:00
801150,医药生物,688273,2022-08-11,akshare:index_component_sw,2026-09-24T15:32:16.451430+00:00
801150,医药生物,688271,2022-08-22,akshare:index_component_sw,2026-09-24T15:32:16.451430+00:00
801150,医药生物,688247,2022-08-25,akshare:index_component_sw,2026-09-24T15:32:16.451430+00:00
801150,医药生物,688351,2022-08-31,akshare:index_component_sw,2026-09-24T15:32:16.451430+00:00
801150,医药生物,688293,2022-09-02,akshare:index_component_sw,2026-09-24T15:32:16.451430+00:00
801150,医药生物,688114,2022-09-09,akshare:index_component_sw,2026-09-24T15:32:16.451430+00:00
801150,医药生物,301331,2022-09-21,akshare:index_component_sw,2026-09-24T15:32:16.451430+00:00
801150,医药生物,688428,2022-09-21,akshare:index_component_sw,2026-09-24T15:32:16.451430+00:00
801150,医药生物,688137,2022-09-29,akshare:index_component_sw,2026-09-24T15:32:16.451430+00:00
801150,医药生物,688073,2022-10-11,akshare:index_component_sw,2026-09-24T15:32:16.451430+00:00
801150,医药生物,301363,2022-10-12,akshare:index_component_sw,2026-09-24T15:32:16.451430+00:00
801150,医药生物,301230,2022-11-01,akshare:index_component_sw,2026-09-24T15:32:16.451430+00:00
801150,医药生物,301367,2022-11-01,akshare:index_component_sw,2026-09-24T15:32:16.451430+00:00
801150,医药生物,301267,2022-11-09,akshare:index_component_sw,2026-09-24T15:32:16.451430+00:00
801150,医药生物,301277,2022-11-16,akshare:index_component_sw,2026-09-24T15:32:16.451430+00:00
801150,医药生物,301290,2022-11-30,akshare:index_component_sw,2026-09-24T15:32:16.451430+00:00
801150,医药生物,688410,2022-12-26,akshare:index_component_sw,2026-09-24T15:32:16.451430+00:00
801150,医药生物,688506,2023-01-06,akshare:index_component_sw,2026-09-24T15:32:16.451430+00:00
801150,医药生物,301408,2023-03-01,akshare:index_component_sw,2026-09-24T15:32:16.451430+00:00
801150,医药生物,301246,2023-03-20,akshare:index_component_sw,2026-09-24T15:32:16.451430+00:00
801150,医药生物,301281,2023-04-04,akshare:index_component_sw,2026-09-24T15:32:16.451430+00:00
801150,医药生物,001367,2023-04-10,akshare:index_component_sw,2026-09-24T15:32:16.451430+00:00
801150,医药生物,301293,2023-05-05,akshare:index_component_sw,2026-09-24T15:32:16.451430+00:00
801150,医药生物,688581,2023-05-19,akshare:index_component_sw,2026-09-24T15:32:16.451430+00:00
801150,医药生物,688443,2023-06-20,akshare:index_component_sw,2026-09-24T15:32:16.451430+00:00
801150,医药生物,002622,2023-07-06,akshare:index_component_sw,2026-09-24T15:32:16.451430+00:00
801150,医药生物,300158,2023-07-06,akshare:index_component_sw,2026-09-24T15:32:16.451430+00:00
801150,医药生物,300341,2023-07-06,akshare:index_component_sw,2026-09-24T15:32:16.451430+00:00
801150,医药生物,600211,2023-07-06,akshare:index_component_sw,2026-09-24T15:32:16.451430+00:00
801150,医药生物,603456,2023-07-06,akshare:index_component_sw,2026-09-24T15:32:16.451430+00:00
801150,医药生物,301370,2023-07-12,akshare:index_component_sw,2026-09-24T15:32:16.451430+00:00
801150,医药生物,301393,2023-07-12,akshare:index_component_sw,2026-09-24T15:32:16.451430+00:00
801150,医药生物,301515,2023-07-25,akshare:index_component_sw,2026-09-24T15:32:16.451430+00:00
801150,医药生物,301509,2023-08-03,akshare:index_component_sw,2026-09-24T15:32:16.451430+00:00
801150,医药生物,301507,2023-09-05,akshare:index_component_sw,2026-09-24T15:32:16.451430+00:00
801150,医药生物,301520,2023-09-22,akshare:index_component_sw,2026-09-24T15:32:16.451430+00:00
801150,医药生物,688235,2024-05-22,akshare:index_component_sw,2026-09-24T15:32:16.451430+00:00
801150,医药生物,301580,2024-06-26,akshare:index_component_sw,2026-09-24T15:32:16.451430+00:00
801150,医药生物,002038,2024-07-31,akshare:index_component_sw,2026-09-24T15:32:16.451430+00:00
801150,医药生物,002399,2024-07-31,akshare:index_component_sw,2026-09-24T15:32:16.451430+00:00
801150,医药生物,002773,2024-07-31,akshare:index_component_sw,2026-09-24T15:32:16.451430+00:00
801150,医药生物,300318,2024-07-31,akshare:index_component_sw,2026-09-24T15:32:16.451430+00:00
801150,医药生物,300683,2024-07-31,akshare:index_component_sw,2026-09-24T15:32:16.451430+00:00
801150,医药生物,301301,2024-07-31,akshare:index_component_sw,2026-09-24T15:32:16.451430+00:00
801150,医药生物,688426,2024-07-31,akshare:index_component_sw,2026-09-24T15:32:16.451430+00:00
801150,医药生物,688576,2024-07-31,akshare:index_component_sw,2026-09-24T15:32:16.451430+00:00
801150,医药生物,603207,2024-08-26,akshare:index_component_sw,2026-09-24T15:32:16.451430+00:00
801150,医药生物,688710,2024-09-03,akshare:index_component_sw,2026-09-24T15:32:16.451430+00:00
801150,医药生物,603205,2024-11-07,akshare:index_component_sw,2026-09-24T15:32:16.451430+00:00
801150,医药生物,301188,2024-11-19,akshare:index_component_sw,2026-09-24T15:32:16.451430+00:00
801150,医药生物,688076,2024-12-24,akshare:index_component_sw,2026-09-24T15:32:16.451430+00:00
801150,医药生物,688758,2025-01-13,akshare:index_component_sw,2026-09-24T15:32:16.451430+00:00
801150,医药生物,301602,2025-01-22,akshare:index_component_sw,2026-09-24T15:32:16.451430+00:00
801150,医药生物,688755,2025-05-16,akshare:index_component_sw,2026-09-24T15:32:16.451430+00:00
801150,医药生物,603014,2025-05-19,akshare:index_component_sw,2026-09-24T15:32:16.451430+00:00
801150,医药生物,301584,2025-09-25,akshare:index_component_sw,2026-09-24T15:32:16.451430+00:00
801150,医药生物,688759,2025-10-28,akshare:index_component_sw,2026-09-24T15:32:16.451430+00:00
801150,医药生物,688765,2025-10-28,akshare:index_component_sw,2026-09-24T15:32:16.451430+00:00
801150,医药生物,688796,2025-12-10,akshare:index_component_sw,2026-09-24T15:32:16.451430+00:00
801150,医药生物,688805,2025-12-24,akshare:index_component_sw,2026-09-24T15:32:16.451430+00:00
801150,医药生物,603718,2026-02-03,akshare:index_component_sw,2026-09-24T15:32:16.451430+00:00
801150,医药生物,688712,2026-02-05,akshare:index_component_sw,2026-09-24T15:32:16.451430+00:00
801150,医药生物,300430,2026-07-02,akshare:index_component_sw,2026-09-24T15:32:16.451430+00:00
801150,医药生物,603392,2026-07-02,akshare:index_component_sw,2026-09-24T15:32:16.451430+00:00
801150,医药生物,688806,2026-07-21,akshare:index_component_sw,2026-09-24T15:32:16.451430+00:00
801150,医药生物,301087,2026-08-25,akshare:index_component_sw,2026-09-24T15:32:16.451430+00:00
801150,医药生物,688837,2026-09-16,akshare:index_component_sw,2026-09-24T15:32:16.451430+00:00
801150,医药生物,000028,2021-12-13,akshare:index_component_sw,2026-09-24T15:32:16.451430+00:00
801160,公用事业,000155,2021-12-13,akshare:index_component_sw,2026-09-24T15:32:16.532577+00:00
801160,公用事业,000407,2021-12-13,akshare:index_component_sw,2026-09-24T15:32:16.532577+00:00
801160,公用事业,000531,2021-12-13,akshare:index_component_sw,2026-09-24T15:32:16.532577+00:00
801160,公用事业,000539,2021-12-13,akshare:index_component_sw,2026-09-24T15:32:16.532577+00:00
801160,公用事业,000543,2021-12-13,akshare:index_component_sw,2026-09-24T15:32:16.532577+00:00
801160,公用事业,000591,2021-12-13,akshare:index_component_sw,2026-09-24T15:32:16.532577+00:00
801160,公用事业,000593,2021-12-13,akshare:index_component_sw,2026-09-24T15:32:16.532577+00:00
801160,公用事业,000600,2021-12-13,akshare:index_component_sw,2026-09-24T15:32:16.532577+00:00
801160,公用事业,000601,2021-12-13,akshare:index_component_sw,2026-09-24T15:32:16.532577+00:00
801160,公用事业,000669,2021-12-13,akshare:index_component_sw,2026-09-24T15:32:16.532577+00:00
801160,公用事业,000690,2021-12-13,akshare:index_component_sw,2026-09-24T15:32:16.532577+00:00
801160,公用事业,000692,2021-12-13,akshare:index_component_sw,2026-09-24T15:32:16.532577+00:00
801160,公用事业,000722,2021-12-13,akshare:index_component_sw,2026-09-24T15:32:16.532577+00:00
801160,公用事业,000767,2021-12-13,akshare:index_component_sw,2026-09-24T15:32:16.532577+00:00
801160,公用事业,000791,2021-12-13,akshare:index_component_sw,2026-09-24T15:32:16.532577+00:00
801160,公用事业,000862,2021-12-13,akshare:index_component_sw,2026-09-24T15:32:16.532577+00:00
801160,公用事业,000875,2021-12-13,akshare:index_component_sw,2026-09-24T15:32:16.532577+00:00
801160,公用事业,000883,2021-12-13,akshare:index_component_sw,2026-09-24T15:32:16.532577+00:00
801160,公用事业,000899,2021-12-13,akshare:index_component_sw,2026-09-24T15:32:16.532577+00:00
801160,公用事业,000966,2021-12-13,akshare:index_component_sw,2026-09-24T15:32:16.532577+00:00
801160,公用事业,000993,2021-12-13,akshare:index_component_sw,2026-09-24T15:32:16.532577+00:00
801160,公用事业,001210,2021-12-13,akshare:index_component_sw,2026-09-24T15:32:16.532577+00:00
801160,公用事业,001896,2021-12-13,akshare:index_component_sw,2026-09-24T15:32:16.532577+00:00
801160,公用事业,002015,2021-12-13,akshare:index_component_sw,2026-09-24T15:32:16.532577+00:00
801160,公用事业,002039,2021-12-13,akshare:index_component_sw,2026-09-24T15:32:16.532577+00:00
801160,公用事业,002256,2021-12-13,akshare:index_component_sw,2026-09-24T15:32:16.532577+00:00
801160,公用事业,002259,2021-12-13,akshare:index_component_sw,2026-09-24T15:32:16.532577+00:00
801160,公用事业,002267,2021-12-13,akshare:index_component_sw,2026-09-24T15:32:16.532577+00:00
801160,公用事业,002479,2021-12-13,akshare:index_component_sw,2026-09-24T15:32:16.532577+00:00
801160,公用事业,002608,2021-12-13,akshare:index_component_sw,2026-09-24T15:32:16.532577+00:00
801160,公用事业,002616,2021-12-13,akshare:index_component_sw,2026-09-24T15:32:16.532577+00:00
801160,公用事业,002617,2021-12-13,akshare:index_component_sw,2026-09-24T15:32:16.532577+00:00
801160,公用事业,002700,2021-12-13,akshare:index_component_sw,2026-09-24T15:32:16.532577+00:00
801160,公用事业,002893,2021-12-13,akshare:index_component_sw,2026-09-24T15:32:16.532577+00:00
801160,公用事业,002911,2021-12-13,akshare:index_component_sw,2026-09-24T15:32:16.532577+00:00
801160,公用事业,003035,2021-12-13,akshare:index_component_sw,2026-09-24T15:32:16.532577+00:00
801160,公用事业,003816,2021-12-13,akshare:index_component_sw,2026-09-24T15:32:16.532577+00:00
801160,公用事业,300125,2021-12-13,akshare:index_component_sw,2026-09-24T15:32:16.532577+00:00
801160,公用事业,300317,2021-12-13,akshare:index_component_sw,2026-09-24T15:32:16.532577+00:00
801160,公用事业,300332,2021-12-13,akshare:index_component_sw,2026-09-24T15:32:16.532577+00:00
801160,公用事业,300335,2021-12-13,akshare:index_component_sw,2026-09-24T15:32:16.532577+00:00
801160,公用事业,300483,2021-12-13,akshare:index_component_sw,2026-09-24T15:32:16.532577+00:00
801160,公用事业,600011,2021-12-13,akshare:index_component_sw,2026-09-24T15:32:16.532577+00:00
801160,公用事业,600021,2021-12-13,akshare:index_component_sw,2026-09-24T15:32:16.532577+00:00
801160,公用事业,600023,2021-12-13,akshare:index_component_sw,2026-09-24T15:32:16.532577+00:00
801160,公用事业,600025,2021-12-13,akshare:index_component_sw,2026-09-24T15:32:16.532577+00:00
801160,公用事业,600027,2021-12-13,akshare:index_component_sw,2026-09-24T15:32:16.532577+00:00
801160,公用事业,600032,2021-12-13,akshare:index_component_sw,2026-09-24T15:32:16.532577+00:00
801160,公用事业,600098,2021-12-13,akshare:index_component_sw,2026-09-24T15:32:16.532577+00:00
801160,公用事业,600101,2021-12-13,akshare:index_component_sw,2026-09-24T15:32:16.532577+00:00
801160,公用事业,600116,2021-12-13,akshare:index_component_sw,2026-09-24T15:32:16.532577+00:00
801160,公用事业,600149,2021-12-13,akshare:index_component_sw,2026-09-24T15:32:16.532577+00:00
801160,公用事业,600163,2021-12-13,akshare:index_component_sw,2026-09-24T15:32:16.532577+00:00
801160,公用事业,600167,2021-12-13,akshare:index_component_sw,2026-09-24T15:32:16.532577+00:00
801160,公用事业,600236,2021-12-13,akshare:index_component_sw,2026-09-24T15:32:16.532577+00:00
801160,公用事业,600310,2021-12-13,akshare:index_component_sw,2026-09-24T15:32:16.532577+00:00
801160,公用事业,600333,2021-12-13,akshare:index_component_sw,2026-09-24T15:32:16.532577+00:00
801160,公用事业,600396,2021-12-13,akshare:index_component_sw,2026-09-24T15:32:16.532577+00:00
801160,公用事业,600452,2021-12-13,akshare:index_component_sw,2026-09-24T15:32:16.532577+00:00
801160,公用事业,600483,2021-12-13,akshare:index_component_sw,2026-09-24T15:32:16.532577+00:00
801160,公用事业,600505,2021-12-13,akshare:index_component_sw,2026-09-24T15:32:16.532577+00:00
801160,公用事业,600509,2021-12-13,akshare:index_component_sw,2026-09-24T15:32:16.532577+00:00
801160,公用事业,600578,2021-12-13,akshare:index_component_sw,2026-09-24T15:32:16.532577+00:00
801160,公用事业,600617,2021-12-13,akshare:index_component_sw,2026-09-24T15:32:16.532577+00:00
801160,公用事业,600635,2021-12-13,akshare:index_component_sw,2026-09-24T15:32:16.532577+00:00
801160,公用事业,600642,2021-12-13,akshare:index_component_sw,2026-09-24T15:32:16.532577+00:00
801160,公用事业,600644,2021-12-13,akshare:index_component_sw,2026-09-24T15:32:16.532577+00:00
801160,公用事业,600674,2021-12-13,akshare:index_component_sw,2026-09-24T15:32:16.532577+00:00
801160,公用事业,600681,2021-12-13,akshare:index_component_sw,2026-09-24T15:32:16.532577+00:00
801160,公用事业,600719,2021-12-13,akshare:index_component_sw,2026-09-24T15:32:16.532577+00:00
801160,公用事业,600726,2021-12-13,akshare:index_component_sw,2026-09-24T15:32:16.532577+00:00
801160,公用事业,600744,2021-12-13,akshare:index_component_sw,2026-09-24T15:32:16.532577+00:00
801160,公用事业,600780,2021-12-13,akshare:index_component_sw,2026-09-24T15:32:16.532577+00:00
801160,公用事业,600795,2021-12-13,akshare:index_component_sw,2026-09-24T15:32:16.532577+00:00
801160,公用事业,600803,2021-12-13,akshare:index_component_sw,2026-09-24T15:32:16.532577+00:00
801160,公用事业,600863,2021-12-13,akshare:index_component_sw,2026-09-24T15:32:16.532577+00:00
801160,公用事业,600886,2021-12-13,akshare:index_component_sw,2026-09-24T15:32:16.532577+00:00
801160,公用事业,600900,2021-12-13,akshare:index_component_sw,2026-09-24T15:32:16.532577+00:00
801160,公用事业,600903,2021-12-13,akshare:index_component_sw,2026-09-24T15:32:16.532577+00:00
801160,公用事业,600905,2021-12-13,akshare:index_component_sw,2026-09-24T15:32:16.532577+00:00
801160,公用事业,600917,2021-12-13,akshare:index_component_sw,2026-09-24T15:32:16.532577+00:00
801160,公用事业,600956,2021-12-13,akshare:index_component_sw,2026-09-24T15:32:16.532577+00:00
801160,公用事业,600969,2021-12-13,akshare:index_component_sw,2026-09-24T15:32:16.532577+00:00
801160,公用事业,600979,2021-12-13,akshare:index_component_sw,2026-09-24T15:32:16.532577+00:00
801160,公用事业,600982,2021-12-13,akshare:index_component_sw,2026-09-24T15:32:16.532577+00:00
801160,公用事业,600995,2021-12-13,akshare:index_component_sw,2026-09-24T15:32:16.532577+00:00
801160,公用事业,601016,2021-12-13,akshare:index_component_sw,2026-09-24T15:32:16.532577+00:00
801160,公用事业,601139,2021-12-13,akshare:index_component_sw,2026-09-24T15:32:16.532577+00:00
801160,公用事业,601619,2021-12-13,akshare:index_component_sw,2026-09-24T15:32:16.532577+00:00
801160,公用事业,601778,2021-12-13,akshare:index_component_sw,2026-09-24T15:32:16.532577+00:00
801160,公用事业,601908,2021-12-13,akshare:index_component_sw,2026-09-24T15:32:16.532577+00:00
801160,公用事业,601985,2021-12-13,akshare:index_component_sw,2026-09-24T15:32:16.532577+00:00
801160,公用事业,601991,2021-12-13,akshare:index_component_sw,2026-09-24T15:32:16.532577+00:00
801160,公用事业,603053,2021-12-13,akshare:index_component_sw,2026-09-24T15:32:16.532577+00:00
801160,公用事业,603080,2021-12-13,akshare:index_component_sw,2026-09-24T15:32:16.532577+00:00
801160,公用事业,603105,2021-12-13,akshare:index_component_sw,2026-09-24T15:32:16.532577+00:00
801160,公用事业,603318,2021-12-13,akshare:index_component_sw,2026-09-24T15:32:16.532577+00:00
801160,公用事业,603393,2021-12-13,akshare:index_component_sw,2026-09-24T15:32:16.532577+00:00
801160,公用事业,603689,2021-12-13,akshare:index_component_sw,2026-09-24T15:32:16.532577+00:00
801160,公用事业,603693,2021-12-13,akshare:index_component_sw,2026-09-24T15:32:16.532577+00:00
801160,公用事业,603706,2021-12-13,akshare:index_component_sw,2026-09-24T15:32:16.532577+00:00
801160,公用事业,605011,2021-12-13,akshare:index_component_sw,2026-09-24T15:32:16.532577+00:00
801160,公用事业,605028,2021-12-13,akshare:index_component_sw,2026-09-24T15:32:16.532577+00:00
801160,公用事业,605090,2021-12-13,akshare:index_component_sw,2026-09-24T15:32:16.532577+00:00
801160,公用事业,605162,2021-12-13,akshare:index_component_sw,2026-09-24T15:32:16.532577+00:00
801160,公用事业,605169,2021-12-13,akshare:index_component_sw,2026-09-24T15:32:16.532577+00:00
801160,公用事业,605368,2021-12-13,akshare:index_component_sw,2026-09-24T15:32:16.532577+00:00
801160,公用事业,605580,2021-12-13,akshare:index_component_sw,2026-09-24T15:32:16.532577+00:00
801160,公用事业,001289,2022-02-09,akshare:index_component_sw,2026-09-24T15:32:16.532577+00:00
801160,公用事业,001258,2022-07-27,akshare:index_component_sw,2026-09-24T15:32:16.532577+00:00
801160,公用事业,000037,2022-08-01,akshare:index_component_sw,2026-09-24T15:32:16.532577+00:00
801160,公用事业,600226,2022-08-01,akshare:index_component_sw,2026-09-24T15:32:16.532577+00:00
801160,公用事业,600821,2022-08-01,akshare:index_component_sw,2026-09-24T15:32:16.532577+00:00
801160,公用事业,000537,2022-08-29,akshare:index_component_sw,2026-09-24T15:32:16.532577+00:00
801160,公用事业,001331,2022-09-08,akshare:index_component_sw,2026-09-24T15:32:16.532577+00:00
801160,公用事业,001299,2022-10-31,akshare:index_component_sw,2026-09-24T15:32:16.532577+00:00
801160,公用事业,001286,2023-05-08,akshare:index_component_sw,2026-09-24T15:32:16.532577+00:00
801160,公用事业,000507,2023-07-06,akshare:index_component_sw,2026-09-24T15:32:16.532577+00:00
801160,公用事业,002480,2023-07-06,akshare:index_component_sw,2026-09-24T15:32:16.532577+00:00
801160,公用事业,600052,2023-07-06,akshare:index_component_sw,2026-09-24T15:32:16.532577+00:00
801160,公用事业,001376,2023-11-02,akshare:index_component_sw,2026-09-24T15:32:16.532577+00:00
801160,公用事业,002218,2024-07-31,akshare:index_component_sw,2026-09-24T15:32:16.532577+00:00
801160,公用事业,300040,2024-07-31,akshare:index_component_sw,2026-09-24T15:32:16.532577+00:00
801160,公用事业,600475,2024-07-31,akshare:index_component_sw,2026-09-24T15:32:16.532577+00:00
801160,公用事业,600868,2024-07-31,akshare:index_component_sw,2026-09-24T15:32:16.532577+00:00
801160,公用事业,002053,2024-12-09,akshare:index_component_sw,2026-09-24T15:32:16.532577+00:00
801160,公用事业,600930,2025-07-16,akshare:index_component_sw,2026-09-24T15:32:16.532577+00:00
801160,公用事业,000595,2026-07-02,akshare:index_component_sw,2026-09-24T15:32:16.532577+00:00
801160,公用事业,000631,2026-07-02,akshare:index_component_sw,2026-09-24T15:32:16.532577+00:00
801160,公用事业,000958,2026-07-02,akshare:index_component_sw,2026-09-24T15:32:16.532577+00:00
801160,公用事业,001248,2026-07-02,akshare:index_component_sw,2026-09-24T15:32:16.532577+00:00
801160,公用事业,002310,2026-07-02,akshare:index_component_sw,2026-09-24T15:32:16.532577+00:00
801160,公用事业,600157,2026-07-02,akshare:index_component_sw,2026-09-24T15:32:16.532577+00:00
801160,公用事业,600292,2026-07-02,akshare:index_component_sw,2026-09-24T15:32:16.532577+00:00
801160,公用事业,600575,2026-07-02,akshare:index_component_sw,2026-09-24T15:32:16.532577+00:00
801160,公用事业,603071,2026-07-02,akshare:index_component_sw,2026-09-24T15:32:16.532577+00:00
801160,公用事业,000027,2021-12-13,akshare:index_component_sw,2026-09-24T15:32:16.532577+00:00
801170,交通运输,000089,2021-12-13,akshare:index_component_sw,2026-09-24T15:32:16.596900+00:00
801170,交通运输,000099,2021-12-13,akshare:index_component_sw,2026-09-24T15:32:16.596900+00:00
801170,交通运输,000429,2021-12-13,akshare:index_component_sw,2026-09-24T15:32:16.596900+00:00
801170,交通运输,000520,2021-12-13,akshare:index_component_sw,2026-09-24T15:32:16.596900+00:00
801170,交通运输,000548,2021-12-13,akshare:index_component_sw,2026-09-24T15:32:16.596900+00:00
801170,交通运输,000557,2021-12-13,akshare:index_component_sw,2026-09-24T15:32:16.596900+00:00
801170,交通运输,000582,2021-12-13,akshare:index_component_sw,2026-09-24T15:32:16.596900+00:00
801170,交通运输,000626,2021-12-13,akshare:index_component_sw,2026-09-24T15:32:16.596900+00:00
801170,交通运输,000755,2021-12-13,akshare:index_component_sw,2026-09-24T15:32:16.596900+00:00
801170,交通运输,000828,2021-12-13,akshare:index_component_sw,2026-09-24T15:32:16.596900+00:00
801170,交通运输,000900,2021-12-13,akshare:index_component_sw,2026-09-24T15:32:16.596900+00:00
801170,交通运输,000905,2021-12-13,akshare:index_component_sw,2026-09-24T15:32:16.596900+00:00
801170,交通运输,000906,2021-12-13,akshare:index_component_sw,2026-09-24T15:32:16.596900+00:00
801170,交通运输,001202,2021-12-13,akshare:index_component_sw,2026-09-24T15:32:16.596900+00:00
801170,交通运输,001205,2021-12-13,akshare:index_component_sw,2026-09-24T15:32:16.596900+00:00
801170,交通运输,001213,2021-12-13,akshare:index_component_sw,2026-09-24T15:32:16.596900+00:00
801170,交通运输,001317,2021-12-13,akshare:index_component_sw,2026-09-24T15:32:16.596900+00:00
801170,交通运输,001872,2021-12-13,akshare:index_component_sw,2026-09-24T15:32:16.596900+00:00
801170,交通运输,001965,2021-12-13,akshare:index_component_sw,2026-09-24T15:32:16.596900+00:00
801170,交通运输,002010,2021-12-13,akshare:index_component_sw,2026-09-24T15:32:16.596900+00:00
801170,交通运输,002040,2021-12-13,akshare:index_component_sw,2026-09-24T15:32:16.596900+00:00
801170,交通运输,002120,2021-12-13,akshare:index_component_sw,2026-09-24T15:32:16.596900+00:00
801170,交通运输,002320,2021-12-13,akshare:index_component_sw,2026-09-24T15:32:16.596900+00:00
801170,交通运输,002352,2021-12-13,akshare:index_component_sw,2026-09-24T15:32:16.596900+00:00
801170,交通运输,002357,2021-12-13,akshare:index_component_sw,2026-09-24T15:32:16.596900+00:00
801170,交通运输,002468,2021-12-13,akshare:index_component_sw,2026-09-24T15:32:16.596900+00:00
801170,交通运输,002492,2021-12-13,akshare:index_component_sw,2026-09-24T15:32:16.596900+00:00
801170,交通运输,002682,2021-12-13,akshare:index_component_sw,2026-09-24T15:32:16.596900+00:00
801170,交通运输,002769,2021-12-13,akshare:index_component_sw,2026-09-24T15:32:16.596900+00:00
801170,交通运输,002889,2021-12-13,akshare:index_component_sw,2026-09-24T15:32:16.596900+00:00
801170,交通运输,002928,2021-12-13,akshare:index_component_sw,2026-09-24T15:32:16.596900+00:00
801170,交通运输,002930,2021-12-13,akshare:index_component_sw,2026-09-24T15:32:16.596900+00:00
801170,交通运输,300013,2021-12-13,akshare:index_component_sw,2026-09-24T15:32:16.596900+00:00
801170,交通运输,300240,2021-12-13,akshare:index_component_sw,2026-09-24T15:32:16.596900+00:00
801170,交通运输,300350,2021-12-13,akshare:index_component_sw,2026-09-24T15:32:16.596900+00:00
801170,交通运输,300873,2021-12-13,akshare:index_component_sw,2026-09-24T15:32:16.596900+00:00
801170,交通运输,600004,2021-12-13,akshare:index_component_sw,2026-09-24T15:32:16.596900+00:00
801170,交通运输,600009,2021-12-13,akshare:index_component_sw,2026-09-24T15:32:16.596900+00:00
801170,交通运输,600012,2021-12-13,akshare:index_component_sw,2026-09-24T15:32:16.596900+00:00
801170,交通运输,600017,2021-12-13,akshare:index_component_sw,2026-09-24T15:32:16.596900+00:00
801170,交通运输,600018,2021-12-13,akshare:index_component_sw,2026-09-24T15:32:16.596900+00:00
801170,交通运输,600020,2021-12-13,akshare:index_component_sw,2026-09-24T15:32:16.596900+00:00
801170,交通运输,600026,2021-12-13,akshare:index_component_sw,2026-09-24T15:32:16.596900+00:00
801170,交通运输,600029,2021-12-13,akshare:index_component_sw,2026-09-24T15:32:16.596900+00:00
801170,交通运输,600033,2021-12-13,akshare:index_component_sw,2026-09-24T15:32:16.596900+00:00
801170,交通运输,600035,2021-12-13,akshare:index_component_sw,2026-09-24T15:32:16.596900+00:00
801170,交通运输,600057,2021-12-13,akshare:index_component_sw,2026-09-24T15:32:16.596900+00:00
801170,交通运输,600106,2021-12-13,akshare:index_component_sw,2026-09-24T15:32:16.596900+00:00
801170,交通运输,600115,2021-12-13,akshare:index_component_sw,2026-09-24T15:32:16.596900+00:00
801170,交通运输,600119,2021-12-13,akshare:index_component_sw,2026-09-24T15:32:16.596900+00:00
801170,交通运输,600125,2021-12-13,akshare:index_component_sw,2026-09-24T15:32:16.596900+00:00
801170,交通运输,600153,2021-12-13,akshare:index_component_sw,2026-09-24T15:32:16.596900+00:00
801170,交通运输,600179,2021-12-13,akshare:index_component_sw,2026-09-24T15:32:16.596900+00:00
801170,交通运输,600180,2021-12-13,akshare:index_component_sw,2026-09-24T15:32:16.596900+00:00
801170,交通运输,600221,2021-12-13,akshare:index_component_sw,2026-09-24T15:32:16.596900+00:00
801170,交通运输,600233,2021-12-13,akshare:index_component_sw,2026-09-24T15:32:16.596900+00:00
801170,交通运输,600269,2021-12-13,akshare:index_component_sw,2026-09-24T15:32:16.596900+00:00
801170,交通运输,600279,2021-12-13,akshare:index_component_sw,2026-09-24T15:32:16.596900+00:00
801170,交通运输,600350,2021-12-13,akshare:index_component_sw,2026-09-24T15:32:16.596900+00:00
801170,交通运输,600368,2021-12-13,akshare:index_component_sw,2026-09-24T15:32:16.596900+00:00
801170,交通运输,600377,2021-12-13,akshare:index_component_sw,2026-09-24T15:32:16.596900+00:00
801170,交通运输,600428,2021-12-13,akshare:index_component_sw,2026-09-24T15:32:16.596900+00:00
801170,交通运输,600548,2021-12-13,akshare:index_component_sw,2026-09-24T15:32:16.596900+00:00
801170,交通运输,600561,2021-12-13,akshare:index_component_sw,2026-09-24T15:32:16.596900+00:00
801170,交通运输,600611,2021-12-13,akshare:index_component_sw,2026-09-24T15:32:16.596900+00:00
801170,交通运输,600650,2021-12-13,akshare:index_component_sw,2026-09-24T15:32:16.596900+00:00
801170,交通运输,600704,2021-12-13,akshare:index_component_sw,2026-09-24T15:32:16.596900+00:00
801170,交通运输,600717,2021-12-13,akshare:index_component_sw,2026-09-24T15:32:16.596900+00:00
801170,交通运输,600753,2021-12-13,akshare:index_component_sw,2026-09-24T15:32:16.596900+00:00
801170,交通运输,600755,2021-12-13,akshare:index_component_sw,2026-09-24T15:32:16.596900+00:00
801170,交通运输,600787,2021-12-13,akshare:index_component_sw,2026-09-24T15:32:16.596900+00:00
801170,交通运输,600794,2021-12-13,akshare:index_component_sw,2026-09-24T15:32:16.596900+00:00
801170,交通运输,600798,2021-12-13,akshare:index_component_sw,2026-09-24T15:32:16.596900+00:00
801170,交通运输,600834,2021-12-13,akshare:index_component_sw,2026-09-24T15:32:16.596900+00:00
801170,交通运输,600897,2021-12-13,akshare:index_component_sw,2026-09-24T15:32:16.596900+00:00
801170,交通运输,601000,2021-12-13,akshare:index_component_sw,2026-09-24T15:32:16.596900+00:00
801170,交通运输,601006,2021-12-13,akshare:index_component_sw,2026-09-24T15:32:16.596900+00:00
801170,交通运输,601008,2021-12-13,akshare:index_component_sw,2026-09-24T15:32:16.596900+00:00
801170,交通运输,601018,2021-12-13,akshare:index_component_sw,2026-09-24T15:32:16.596900+00:00
801170,交通运输,601021,2021-12-13,akshare:index_component_sw,2026-09-24T15:32:16.596900+00:00
801170,交通运输,601107,2021-12-13,akshare:index_component_sw,2026-09-24T15:32:16.596900+00:00
801170,交通运输,601111,2021-12-13,akshare:index_component_sw,2026-09-24T15:32:16.596900+00:00
801170,交通运输,601156,2021-12-13,akshare:index_component_sw,2026-09-24T15:32:16.596900+00:00
801170,交通运输,601188,2021-12-13,akshare:index_component_sw,2026-09-24T15:32:16.596900+00:00
801170,交通运输,601228,2021-12-13,akshare:index_component_sw,2026-09-24T15:32:16.596900+00:00
801170,交通运输,601298,2021-12-13,akshare:index_component_sw,2026-09-24T15:32:16.596900+00:00
801170,交通运输,601326,2021-12-13,akshare:index_component_sw,2026-09-24T15:32:16.596900+00:00
801170,交通运输,601333,2021-12-13,akshare:index_component_sw,2026-09-24T15:32:16.596900+00:00
801170,交通运输,601518,2021-12-13,akshare:index_component_sw,2026-09-24T15:32:16.596900+00:00
801170,交通运输,601598,2021-12-13,akshare:index_component_sw,2026-09-24T15:32:16.596900+00:00
801170,交通运输,601816,2021-12-13,akshare:index_component_sw,2026-09-24T15:32:16.596900+00:00
801170,交通运输,601866,2021-12-13,akshare:index_component_sw,2026-09-24T15:32:16.596900+00:00
801170,交通运输,601872,2021-12-13,akshare:index_component_sw,2026-09-24T15:32:16.596900+00:00
801170,交通运输,601880,2021-12-13,akshare:index_component_sw,2026-09-24T15:32:16.596900+00:00
801170,交通运输,601919,2021-12-13,akshare:index_component_sw,2026-09-24T15:32:16.596900+00:00
801170,交通运输,601975,2021-12-13,akshare:index_component_sw,2026-09-24T15:32:16.596900+00:00
801170,交通运输,603069,2021-12-13,akshare:index_component_sw,2026-09-24T15:32:16.596900+00:00
801170,交通运输,603117,2021-12-13,akshare:index_component_sw,2026-09-24T15:32:16.596900+00:00
801170,交通运输,603128,2021-12-13,akshare:index_component_sw,2026-09-24T15:32:16.596900+00:00
801170,交通运输,603167,2021-12-13,akshare:index_component_sw,2026-09-24T15:32:16.596900+00:00
801170,交通运输,603329,2021-12-13,akshare:index_component_sw,2026-09-24T15:32:16.596900+00:00
801170,交通运输,603535,2021-12-13,akshare:index_component_sw,2026-09-24T15:32:16.596900+00:00
801170,交通运输,603565,2021-12-13,akshare:index_component_sw,2026-09-24T15:32:16.596900+00:00
801170,交通运输,603569,2021-12-13,akshare:index_component_sw,2026-09-24T15:32:16.596900+00:00
801170,交通运输,603648,2021-12-13,akshare:index_component_sw,2026-09-24T15:32:16.596900+00:00
801170,交通运输,603713,2021-12-13,akshare:index_component_sw,2026-09-24T15:32:16.596900+00:00
801170,交通运输,603813,2021-12-13,akshare:index_component_sw,2026-09-24T15:32:16.596900+00:00
801170,交通运输,603836,2021-12-13,akshare:index_component_sw,2026-09-24T15:32:16.596900+00:00
801170,交通运输,603871,2021-12-13,akshare:index_component_sw,2026-09-24T15:32:16.596900+00:00
801170,交通运输,603885,2021-12-13,akshare:index_component_sw,2026-09-24T15:32:16.596900+00:00
801170,交通运输,603967,2021-12-13,akshare:index_component_sw,2026-09-24T15:32:16.596900+00:00
801170,交通运输,605050,2021-12-13,akshare:index_component_sw,2026-09-24T15:32:16.596900+00:00
801170,交通运输,603209,2022-03-24,akshare:index_component_sw,2026-09-24T15:32:16.596900+00:00
801170,交通运输,001228,2022-04-29,akshare:index_component_sw,2026-09-24T15:32:16.596900+00:00
801170,交通运输,603066,2022-08-01,akshare:index_component_sw,2026-09-24T15:32:16.596900+00:00
801170,交通运输,601022,2022-12-08,akshare:index_component_sw,2026-09-24T15:32:16.596900+00:00
801170,交通运输,603162,2023-03-29,akshare:index_component_sw,2026-09-24T15:32:16.596900+00:00
801170,交通运输,601083,2023-12-05,akshare:index_component_sw,2026-09-24T15:32:16.596900+00:00
801170,交通运输,600751,2024-07-31,akshare:index_component_sw,2026-09-24T15:32:16.596900+00:00
801170,交通运输,001391,2025-01-07,akshare:index_component_sw,2026-09-24T15:32:16.596900+00:00
801170,交通运输,000886,2025-08-13,akshare:index_component_sw,2026-09-24T15:32:16.596900+00:00
801170,交通运输,002485,2025-08-13,akshare:index_component_sw,2026-09-24T15:32:16.596900+00:00
801170,交通运输,600603,2025-08-13,akshare:index_component_sw,2026-09-24T15:32:16.596900+00:00
801170,交通运输,001220,2026-02-03,akshare:index_component_sw,2026-09-24T15:32:16.596900+00:00
801170,交通运输,002800,2026-07-02,akshare:index_component_sw,2026-09-24T15:32:16.596900+00:00
801170,交通运输,000088,2021-12-13,akshare:index_component_sw,2026-09-24T15:32:16.596900+00:00
801180,房地产,000006,2021-12-13,akshare:index_component_sw,2026-09-24T15:32:16.655360+00:00
801180,房地产,000011,2021-12-13,akshare:index_component_sw,2026-09-24T15:32:16.655360+00:00
801180,房地产,000014,2021-12-13,akshare:index_component_sw,2026-09-24T15:32:16.655360+00:00
801180,房地产,000029,2021-12-13,akshare:index_component_sw,2026-09-24T15:32:16.655360+00:00
801180,房地产,000031,2021-12-13,akshare:index_component_sw,2026-09-24T15:32:16.655360+00:00
801180,房地产,000036,2021-12-13,akshare:index_component_sw,2026-09-24T15:32:16.655360+00:00
801180,房地产,000042,2021-12-13,akshare:index_component_sw,2026-09-24T15:32:16.655360+00:00
801180,房地产,000056,2021-12-13,akshare:index_component_sw,2026-09-24T15:32:16.655360+00:00
801180,房地产,000069,2021-12-13,akshare:index_component_sw,2026-09-24T15:32:16.655360+00:00
801180,房地产,000090,2021-12-13,akshare:index_component_sw,2026-09-24T15:32:16.655360+00:00
801180,房地产,000402,2021-12-13,akshare:index_component_sw,2026-09-24T15:32:16.655360+00:00
801180,房地产,000514,2021-12-13,akshare:index_component_sw,2026-09-24T15:32:16.655360+00:00
801180,房地产,000517,2021-12-13,akshare:index_component_sw,2026-09-24T15:32:16.655360+00:00
801180,房地产,000560,2021-12-13,akshare:index_component_sw,2026-09-24T15:32:16.655360+00:00
801180,房地产,000573,2021-12-13,akshare:index_component_sw,2026-09-24T15:32:16.655360+00:00
801180,房地产,000608,2021-12-13,akshare:index_component_sw,2026-09-24T15:32:16.655360+00:00
801180,房地产,000609,2021-12-13,akshare:index_component_sw,2026-09-24T15:32:16.655360+00:00
801180,房地产,000620,2021-12-13,akshare:index_component_sw,2026-09-24T15:32:16.655360+00:00
801180,房地产,000656,2021-12-13,akshare:index_component_sw,2026-09-24T15:32:16.655360+00:00
801180,房地产,000718,2021-12-13,akshare:index_component_sw,2026-09-24T15:32:16.655360+00:00
801180,房地产,000736,2021-12-13,akshare:index_component_sw,2026-09-24T15:32:16.655360+00:00
801180,房地产,000797,2021-12-13,akshare:index_component_sw,2026-09-24T15:32:16.655360+00:00
801180,房地产,000838,2021-12-13,akshare:index_component_sw,2026-09-24T15:32:16.655360+00:00
801180,房地产,000863,2021-12-13,akshare:index_component_sw,2026-09-24T15:32:16.655360+00:00
801180,房地产,000897,2021-12-13,akshare:index_component_sw,2026-09-24T15:32:16.655360+00:00
801180,房地产,000909,2021-12-13,akshare:index_component_sw,2026-09-24T15:32:16.655360+00:00
801180,房地产,000926,2021-12-13,akshare:index_component_sw,2026-09-24T15:32:16.655360+00:00
801180,房地产,000965,2021-12-13,akshare:index_component_sw,2026-09-24T15:32:16.655360+00:00
801180,房地产,001914,2021-12-13,akshare:index_component_sw,2026-09-24T15:32:16.655360+00:00
801180,房地产,001979,2021-12-13,akshare:index_component_sw,2026-09-24T15:32:16.655360+00:00
801180,房地产,002016,2021-12-13,akshare:index_component_sw,2026-09-24T15:32:16.655360+00:00
801180,房地产,002133,2021-12-13,akshare:index_component_sw,2026-09-24T15:32:16.655360+00:00
801180,房地产,002146,2021-12-13,akshare:index_component_sw,2026-09-24T15:32:16.655360+00:00
801180,房地产,002208,2021-12-13,akshare:index_component_sw,2026-09-24T15:32:16.655360+00:00
801180,房地产,002244,2021-12-13,akshare:index_component_sw,2026-09-24T15:32:16.655360+00:00
801180,房地产,002285,2021-12-13,akshare:index_component_sw,2026-09-24T15:32:16.655360+00:00
801180,房地产,002305,2021-12-13,akshare:index_component_sw,2026-09-24T15:32:16.655360+00:00
801180,房地产,002314,2021-12-13,akshare:index_component_sw,2026-09-24T15:32:16.655360+00:00
801180,房地产,002968,2021-12-13,akshare:index_component_sw,2026-09-24T15:32:16.655360+00:00
801180,房地产,300917,2021-12-13,akshare:index_component_sw,2026-09-24T15:32:16.655360+00:00
801180,房地产,600007,2021-12-13,akshare:index_component_sw,2026-09-24T15:32:16.655360+00:00
801180,房地产,600048,2021-12-13,akshare:index_component_sw,2026-09-24T15:32:16.655360+00:00
801180,房地产,600064,2021-12-13,akshare:index_component_sw,2026-09-24T15:32:16.655360+00:00
801180,房地产,600082,2021-12-13,akshare:index_component_sw,2026-09-24T15:32:16.655360+00:00
801180,房地产,600094,2021-12-13,akshare:index_component_sw,2026-09-24T15:32:16.655360+00:00
801180,房地产,600159,2021-12-13,akshare:index_component_sw,2026-09-24T15:32:16.655360+00:00
801180,房地产,600162,2021-12-13,akshare:index_component_sw,2026-09-24T15:32:16.655360+00:00
801180,房地产,600173,2021-12-13,akshare:index_component_sw,2026-09-24T15:32:16.655360+00:00
801180,房地产,600208,2021-12-13,akshare:index_component_sw,2026-09-24T15:32:16.655360+00:00
801180,房地产,600246,2021-12-13,akshare:index_component_sw,2026-09-24T15:32:16.655360+00:00
801180,房地产,600266,2021-12-13,akshare:index_component_sw,2026-09-24T15:32:16.655360+00:00
801180,房地产,600322,2021-12-13,akshare:index_component_sw,2026-09-24T15:32:16.655360+00:00
801180,房地产,600325,2021-12-13,akshare:index_component_sw,2026-09-24T15:32:16.655360+00:00
801180,房地产,600340,2021-12-13,akshare:index_component_sw,2026-09-24T15:32:16.655360+00:00
801180,房地产,600376,2021-12-13,akshare:index_component_sw,2026-09-24T15:32:16.655360+00:00
801180,房地产,600383,2021-12-13,akshare:index_component_sw,2026-09-24T15:32:16.655360+00:00
801180,房地产,600463,2021-12-13,akshare:index_component_sw,2026-09-24T15:32:16.655360+00:00
801180,房地产,600503,2021-12-13,akshare:index_component_sw,2026-09-24T15:32:16.655360+00:00
801180,房地产,600510,2021-12-13,akshare:index_component_sw,2026-09-24T15:32:16.655360+00:00
801180,房地产,600533,2021-12-13,akshare:index_component_sw,2026-09-24T15:32:16.655360+00:00
801180,房地产,600604,2021-12-13,akshare:index_component_sw,2026-09-24T15:32:16.655360+00:00
801180,房地产,600606,2021-12-13,akshare:index_component_sw,2026-09-24T15:32:16.655360+00:00
801180,房地产,600622,2021-12-13,akshare:index_component_sw,2026-09-24T15:32:16.655360+00:00
801180,房地产,600638,2021-12-13,akshare:index_component_sw,2026-09-24T15:32:16.655360+00:00
801180,房地产,600639,2021-12-13,akshare:index_component_sw,2026-09-24T15:32:16.655360+00:00
801180,房地产,600648,2021-12-13,akshare:index_component_sw,2026-09-24T15:32:16.655360+00:00
801180,房地产,600649,2021-12-13,akshare:index_component_sw,2026-09-24T15:32:16.655360+00:00
801180,房地产,600657,2021-12-13,akshare:index_component_sw,2026-09-24T15:32:16.655360+00:00
801180,房地产,600658,2021-12-13,akshare:index_component_sw,2026-09-24T15:32:16.655360+00:00
801180,房地产,600663,2021-12-13,akshare:index_component_sw,2026-09-24T15:32:16.655360+00:00
801180,房地产,600665,2021-12-13,akshare:index_component_sw,2026-09-24T15:32:16.655360+00:00
801180,房地产,600675,2021-12-13,akshare:index_component_sw,2026-09-24T15:32:16.655360+00:00
801180,房地产,600683,2021-12-13,akshare:index_component_sw,2026-09-24T15:32:16.655360+00:00
801180,房地产,600692,2021-12-13,akshare:index_component_sw,2026-09-24T15:32:16.655360+00:00
801180,房地产,600708,2021-12-13,akshare:index_component_sw,2026-09-24T15:32:16.655360+00:00
801180,房地产,600716,2021-12-13,akshare:index_component_sw,2026-09-24T15:32:16.655360+00:00
801180,房地产,600736,2021-12-13,akshare:index_component_sw,2026-09-24T15:32:16.655360+00:00
801180,房地产,600748,2021-12-13,akshare:index_component_sw,2026-09-24T15:32:16.655360+00:00
801180,房地产,600773,2021-12-13,akshare:index_component_sw,2026-09-24T15:32:16.655360+00:00
801180,房地产,600791,2021-12-13,akshare:index_component_sw,2026-09-24T15:32:16.655360+00:00
801180,房地产,600848,2021-12-13,akshare:index_component_sw,2026-09-24T15:32:16.655360+00:00
801180,房地产,600895,2021-12-13,akshare:index_component_sw,2026-09-24T15:32:16.655360+00:00
801180,房地产,601155,2021-12-13,akshare:index_component_sw,2026-09-24T15:32:16.655360+00:00
801180,房地产,601512,2021-12-13,akshare:index_component_sw,2026-09-24T15:32:16.655360+00:00
801180,房地产,601588,2021-12-13,akshare:index_component_sw,2026-09-24T15:32:16.655360+00:00
801180,房地产,603506,2021-12-13,akshare:index_component_sw,2026-09-24T15:32:16.655360+00:00
801180,房地产,002188,2022-08-01,akshare:index_component_sw,2026-09-24T15:32:16.655360+00:00
801180,房地产,600239,2023-07-06,akshare:index_component_sw,2026-09-24T15:32:16.655360+00:00
801180,房地产,600515,2023-07-06,akshare:index_component_sw,2026-09-24T15:32:16.655360+00:00
801180,房地产,600684,2024-03-04,akshare:index_component_sw,2026-09-24T15:32:16.655360+00:00
801180,房地产,000668,2024-07-31,akshare:index_component_sw,2026-09-24T15:32:16.655360+00:00
801180,房地产,600724,2024-07-31,akshare:index_component_sw,2026-09-24T15:32:16.655360+00:00
801180,房地产,600136,2025-08-13,akshare:index_component_sw,2026-09-24T15:32:16.655360+00:00
801180,房地产,600743,2026-07-02,akshare:index_component_sw,2026-09-24T15:32:16.655360+00:00
801180,房地产,000002,2021-12-13,akshare:index_component_sw,2026-09-24T15:32:16.655360+00:00
801200,商贸零售,000058,2021-12-13,akshare:index_component_sw,2026-09-24T15:32:16.836247+00:00
801200,商贸零售,000061,2021-12-13,akshare:index_component_sw,2026-09-24T15:32:16.836247+00:00
801200,商贸零售,000151,2021-12-13,akshare:index_component_sw,2026-09-24T15:32:16.836247+00:00
801200,商贸零售,000419,2021-12-13,akshare:index_component_sw,2026-09-24T15:32:16.836247+00:00
801200,商贸零售,000501,2021-12-13,akshare:index_component_sw,2026-09-24T15:32:16.836247+00:00
801200,商贸零售,000564,2021-12-13,akshare:index_component_sw,2026-09-24T15:32:16.836247+00:00
801200,商贸零售,000715,2021-12-13,akshare:index_component_sw,2026-09-24T15:32:16.836247+00:00
801200,商贸零售,000759,2021-12-13,akshare:index_component_sw,2026-09-24T15:32:16.836247+00:00
801200,商贸零售,000785,2021-12-13,akshare:index_component_sw,2026-09-24T15:32:16.836247+00:00
801200,商贸零售,000829,2021-12-13,akshare:index_component_sw,2026-09-24T15:32:16.836247+00:00
801200,商贸零售,002024,2021-12-13,akshare:index_component_sw,2026-09-24T15:32:16.836247+00:00
801200,商贸零售,002091,2021-12-13,akshare:index_component_sw,2026-09-24T15:32:16.836247+00:00
801200,商贸零售,002127,2021-12-13,akshare:index_component_sw,2026-09-24T15:32:16.836247+00:00
801200,商贸零售,002187,2021-12-13,akshare:index_component_sw,2026-09-24T15:32:16.836247+00:00
801200,商贸零售,002251,2021-12-13,akshare:index_component_sw,2026-09-24T15:32:16.836247+00:00
801200,商贸零售,002277,2021-12-13,akshare:index_component_sw,2026-09-24T15:32:16.836247+00:00
801200,商贸零售,002315,2021-12-13,akshare:index_component_sw,2026-09-24T15:32:16.836247+00:00
801200,商贸零售,002344,2021-12-13,akshare:index_component_sw,2026-09-24T15:32:16.836247+00:00
801200,商贸零售,002356,2021-12-13,akshare:index_component_sw,2026-09-24T15:32:16.836247+00:00
801200,商贸零售,002416,2021-12-13,akshare:index_component_sw,2026-09-24T15:32:16.836247+00:00
801200,商贸零售,002419,2021-12-13,akshare:index_component_sw,2026-09-24T15:32:16.836247+00:00
801200,商贸零售,002561,2021-12-13,akshare:index_component_sw,2026-09-24T15:32:16.836247+00:00
801200,商贸零售,002640,2021-12-13,akshare:index_component_sw,2026-09-24T15:32:16.836247+00:00
801200,商贸零售,002697,2021-12-13,akshare:index_component_sw,2026-09-24T15:32:16.836247+00:00
801200,商贸零售,002803,2021-12-13,akshare:index_component_sw,2026-09-24T15:32:16.836247+00:00
801200,商贸零售,002818,2021-12-13,akshare:index_component_sw,2026-09-24T15:32:16.836247+00:00
801200,商贸零售,003010,2021-12-13,akshare:index_component_sw,2026-09-24T15:32:16.836247+00:00
801200,商贸零售,300022,2021-12-13,akshare:index_component_sw,2026-09-24T15:32:16.836247+00:00
801200,商贸零售,300464,2021-12-13,akshare:index_component_sw,2026-09-24T15:32:16.836247+00:00
801200,商贸零售,300622,2021-12-13,akshare:index_component_sw,2026-09-24T15:32:16.836247+00:00
801200,商贸零售,300755,2021-12-13,akshare:index_component_sw,2026-09-24T15:32:16.836247+00:00
801200,商贸零售,300792,2021-12-13,akshare:index_component_sw,2026-09-24T15:32:16.836247+00:00
801200,商贸零售,300947,2021-12-13,akshare:index_component_sw,2026-09-24T15:32:16.836247+00:00
801200,商贸零售,301001,2021-12-13,akshare:index_component_sw,2026-09-24T15:32:16.836247+00:00
801200,商贸零售,301078,2021-12-13,akshare:index_component_sw,2026-09-24T15:32:16.836247+00:00
801200,商贸零售,600058,2021-12-13,akshare:index_component_sw,2026-09-24T15:32:16.836247+00:00
801200,商贸零售,600113,2021-12-13,akshare:index_component_sw,2026-09-24T15:32:16.836247+00:00
801200,商贸零售,600128,2021-12-13,akshare:index_component_sw,2026-09-24T15:32:16.836247+00:00
801200,商贸零售,600278,2021-12-13,akshare:index_component_sw,2026-09-24T15:32:16.836247+00:00
801200,商贸零售,600280,2021-12-13,akshare:index_component_sw,2026-09-24T15:32:16.836247+00:00
801200,商贸零售,600287,2021-12-13,akshare:index_component_sw,2026-09-24T15:32:16.836247+00:00
801200,商贸零售,600415,2021-12-13,akshare:index_component_sw,2026-09-24T15:32:16.836247+00:00
801200,商贸零售,600605,2021-12-13,akshare:index_component_sw,2026-09-24T15:32:16.836247+00:00
801200,商贸零售,600628,2021-12-13,akshare:index_component_sw,2026-09-24T15:32:16.836247+00:00
801200,商贸零售,600655,2021-12-13,akshare:index_component_sw,2026-09-24T15:32:16.836247+00:00
801200,商贸零售,600693,2021-12-13,akshare:index_component_sw,2026-09-24T15:32:16.836247+00:00
801200,商贸零售,600694,2021-12-13,akshare:index_component_sw,2026-09-24T15:32:16.836247+00:00
801200,商贸零售,600697,2021-12-13,akshare:index_component_sw,2026-09-24T15:32:16.836247+00:00
801200,商贸零售,600710,2021-12-13,akshare:index_component_sw,2026-09-24T15:32:16.836247+00:00
801200,商贸零售,600712,2021-12-13,akshare:index_component_sw,2026-09-24T15:32:16.836247+00:00
801200,商贸零售,600729,2021-12-13,akshare:index_component_sw,2026-09-24T15:32:16.836247+00:00
801200,商贸零售,600778,2021-12-13,akshare:index_component_sw,2026-09-24T15:32:16.836247+00:00
801200,商贸零售,600785,2021-12-13,akshare:index_component_sw,2026-09-24T15:32:16.836247+00:00
801200,商贸零售,600790,2021-12-13,akshare:index_component_sw,2026-09-24T15:32:16.836247+00:00
801200,商贸零售,600814,2021-12-13,akshare:index_component_sw,2026-09-24T15:32:16.836247+00:00
801200,商贸零售,600824,2021-12-13,akshare:index_component_sw,2026-09-24T15:32:16.836247+00:00
801200,商贸零售,600827,2021-12-13,akshare:index_component_sw,2026-09-24T15:32:16.836247+00:00
801200,商贸零售,600828,2021-12-13,akshare:index_component_sw,2026-09-24T15:32:16.836247+00:00
801200,商贸零售,600838,2021-12-13,akshare:index_component_sw,2026-09-24T15:32:16.836247+00:00
801200,商贸零售,600857,2021-12-13,akshare:index_component_sw,2026-09-24T15:32:16.836247+00:00
801200,商贸零售,600858,2021-12-13,akshare:index_component_sw,2026-09-24T15:32:16.836247+00:00
801200,商贸零售,600859,2021-12-13,akshare:index_component_sw,2026-09-24T15:32:16.836247+00:00
801200,商贸零售,600865,2021-12-13,akshare:index_component_sw,2026-09-24T15:32:16.836247+00:00
801200,商贸零售,600981,2021-12-13,akshare:index_component_sw,2026-09-24T15:32:16.836247+00:00
801200,商贸零售,601010,2021-12-13,akshare:index_component_sw,2026-09-24T15:32:16.836247+00:00
801200,商贸零售,601086,2021-12-13,akshare:index_component_sw,2026-09-24T15:32:16.836247+00:00
801200,商贸零售,601116,2021-12-13,akshare:index_component_sw,2026-09-24T15:32:16.836247+00:00
801200,商贸零售,601366,2021-12-13,akshare:index_component_sw,2026-09-24T15:32:16.836247+00:00
801200,商贸零售,601828,2021-12-13,akshare:index_component_sw,2026-09-24T15:32:16.836247+00:00
801200,商贸零售,601888,2021-12-13,akshare:index_component_sw,2026-09-24T15:32:16.836247+00:00
801200,商贸零售,601933,2021-12-13,akshare:index_component_sw,2026-09-24T15:32:16.836247+00:00
801200,商贸零售,603123,2021-12-13,akshare:index_component_sw,2026-09-24T15:32:16.836247+00:00
801200,商贸零售,603214,2021-12-13,akshare:index_component_sw,2026-09-24T15:32:16.836247+00:00
801200,商贸零售,603613,2021-12-13,akshare:index_component_sw,2026-09-24T15:32:16.836247+00:00
801200,商贸零售,603682,2021-12-13,akshare:index_component_sw,2026-09-24T15:32:16.836247+00:00
801200,商贸零售,603708,2021-12-13,akshare:index_component_sw,2026-09-24T15:32:16.836247+00:00
801200,商贸零售,605136,2021-12-13,akshare:index_component_sw,2026-09-24T15:32:16.836247+00:00
801200,商贸零售,605188,2021-12-13,akshare:index_component_sw,2026-09-24T15:32:16.836247+00:00
801200,商贸零售,301110,2022-03-11,akshare:index_component_sw,2026-09-24T15:32:16.836247+00:00
801200,商贸零售,000679,2022-08-01,akshare:index_component_sw,2026-09-24T15:32:16.836247+00:00
801200,商贸零售,300518,2022-08-01,akshare:index_component_sw,2026-09-24T15:32:16.836247+00:00
801200,商贸零售,300592,2022-08-01,akshare:index_component_sw,2026-09-24T15:32:16.836247+00:00
801200,商贸零售,600365,2022-08-01,akshare:index_component_sw,2026-09-24T15:32:16.836247+00:00
801200,商贸零售,600539,2022-08-01,akshare:index_component_sw,2026-09-24T15:32:16.836247+00:00
801200,商贸零售,601061,2023-04-10,akshare:index_component_sw,2026-09-24T15:32:16.836247+00:00
801200,商贸零售,000417,2023-07-06,akshare:index_component_sw,2026-09-24T15:32:16.836247+00:00
801200,商贸零售,002072,2023-07-06,akshare:index_component_sw,2026-09-24T15:32:16.836247+00:00
801200,商贸零售,600327,2023-07-06,akshare:index_component_sw,2026-09-24T15:32:16.836247+00:00
801200,商贸零售,603101,2023-07-06,akshare:index_component_sw,2026-09-24T15:32:16.836247+00:00
801200,商贸零售,301381,2023-07-12,akshare:index_component_sw,2026-09-24T15:32:16.836247+00:00
801200,商贸零售,301558,2023-09-28,akshare:index_component_sw,2026-09-24T15:32:16.836247+00:00
801200,商贸零售,002183,2024-07-31,akshare:index_component_sw,2026-09-24T15:32:16.836247+00:00
801200,商贸零售,300972,2026-03-06,akshare:index_component_sw,2026-09-24T15:32:16.836247+00:00
801200,商贸零售,600185,2026-03-06,akshare:index_component_sw,2026-09-24T15:32:16.836247+00:00
801200,商贸零售,000701,2026-07-02,akshare:index_component_sw,2026-09-24T15:32:16.836247+00:00
801200,商贸零售,000882,2026-07-02,akshare:index_component_sw,2026-09-24T15:32:16.836247+00:00
801200,商贸零售,002177,2026-07-02,akshare:index_component_sw,2026-09-24T15:32:16.836247+00:00
801200,商贸零售,600738,2026-07-02,akshare:index_component_sw,2026-09-24T15:32:16.836247+00:00
801200,商贸零售,000007,2021-12-13,akshare:index_component_sw,2026-09-24T15:32:16.836247+00:00
801210,社会服务,000430,2021-12-13,akshare:index_component_sw,2026-09-24T15:32:16.901457+00:00
801210,社会服务,000524,2021-12-13,akshare:index_component_sw,2026-09-24T15:32:16.901457+00:00
801210,社会服务,000526,2021-12-13,akshare:index_component_sw,2026-09-24T15:32:16.901457+00:00
801210,社会服务,000721,2021-12-13,akshare:index_component_sw,2026-09-24T15:32:16.901457+00:00
801210,社会服务,000796,2021-12-13,akshare:index_component_sw,2026-09-24T15:32:16.901457+00:00
801210,社会服务,000888,2021-12-13,akshare:index_component_sw,2026-09-24T15:32:16.901457+00:00
801210,社会服务,000978,2021-12-13,akshare:index_component_sw,2026-09-24T15:32:16.901457+00:00
801210,社会服务,002033,2021-12-13,akshare:index_component_sw,2026-09-24T15:32:16.901457+00:00
801210,社会服务,002059,2021-12-13,akshare:index_component_sw,2026-09-24T15:32:16.901457+00:00
801210,社会服务,002159,2021-12-13,akshare:index_component_sw,2026-09-24T15:32:16.901457+00:00
801210,社会服务,002186,2021-12-13,akshare:index_component_sw,2026-09-24T15:32:16.901457+00:00
801210,社会服务,002607,2021-12-13,akshare:index_component_sw,2026-09-24T15:32:16.901457+00:00
801210,社会服务,002659,2021-12-13,akshare:index_component_sw,2026-09-24T15:32:16.901457+00:00
801210,社会服务,002707,2021-12-13,akshare:index_component_sw,2026-09-24T15:32:16.901457+00:00
801210,社会服务,002858,2021-12-13,akshare:index_component_sw,2026-09-24T15:32:16.901457+00:00
801210,社会服务,002967,2021-12-13,akshare:index_component_sw,2026-09-24T15:32:16.901457+00:00
801210,社会服务,003008,2021-12-13,akshare:index_component_sw,2026-09-24T15:32:16.901457+00:00
801210,社会服务,003032,2021-12-13,akshare:index_component_sw,2026-09-24T15:32:16.901457+00:00
801210,社会服务,300012,2021-12-13,akshare:index_component_sw,2026-09-24T15:32:16.901457+00:00
801210,社会服务,300144,2021-12-13,akshare:index_component_sw,2026-09-24T15:32:16.901457+00:00
801210,社会服务,300192,2021-12-13,akshare:index_component_sw,2026-09-24T15:32:16.901457+00:00
801210,社会服务,300215,2021-12-13,akshare:index_component_sw,2026-09-24T15:32:16.901457+00:00
801210,社会服务,300338,2021-12-13,akshare:index_component_sw,2026-09-24T15:32:16.901457+00:00
801210,社会服务,300359,2021-12-13,akshare:index_component_sw,2026-09-24T15:32:16.901457+00:00
801210,社会服务,300662,2021-12-13,akshare:index_component_sw,2026-09-24T15:32:16.901457+00:00
801210,社会服务,300688,2021-12-13,akshare:index_component_sw,2026-09-24T15:32:16.901457+00:00
801210,社会服务,300795,2021-12-13,akshare:index_component_sw,2026-09-24T15:32:16.901457+00:00
801210,社会服务,300859,2021-12-13,akshare:index_component_sw,2026-09-24T15:32:16.901457+00:00
801210,社会服务,300860,2021-12-13,akshare:index_component_sw,2026-09-24T15:32:16.901457+00:00
801210,社会服务,300887,2021-12-13,akshare:index_component_sw,2026-09-24T15:32:16.901457+00:00
801210,社会服务,300938,2021-12-13,akshare:index_component_sw,2026-09-24T15:32:16.901457+00:00
801210,社会服务,300962,2021-12-13,akshare:index_component_sw,2026-09-24T15:32:16.901457+00:00
801210,社会服务,301073,2021-12-13,akshare:index_component_sw,2026-09-24T15:32:16.901457+00:00
801210,社会服务,301169,2021-12-13,akshare:index_component_sw,2026-09-24T15:32:16.901457+00:00
801210,社会服务,600054,2021-12-13,akshare:index_component_sw,2026-09-24T15:32:16.901457+00:00
801210,社会服务,600138,2021-12-13,akshare:index_component_sw,2026-09-24T15:32:16.901457+00:00
801210,社会服务,600158,2021-12-13,akshare:index_component_sw,2026-09-24T15:32:16.901457+00:00
801210,社会服务,600258,2021-12-13,akshare:index_component_sw,2026-09-24T15:32:16.901457+00:00
801210,社会服务,600593,2021-12-13,akshare:index_component_sw,2026-09-24T15:32:16.901457+00:00
801210,社会服务,600661,2021-12-13,akshare:index_component_sw,2026-09-24T15:32:16.901457+00:00
801210,社会服务,600706,2021-12-13,akshare:index_component_sw,2026-09-24T15:32:16.901457+00:00
801210,社会服务,600730,2021-12-13,akshare:index_component_sw,2026-09-24T15:32:16.901457+00:00
801210,社会服务,600749,2021-12-13,akshare:index_component_sw,2026-09-24T15:32:16.901457+00:00
801210,社会服务,600754,2021-12-13,akshare:index_component_sw,2026-09-24T15:32:16.901457+00:00
801210,社会服务,600826,2021-12-13,akshare:index_component_sw,2026-09-24T15:32:16.901457+00:00
801210,社会服务,601007,2021-12-13,akshare:index_component_sw,2026-09-24T15:32:16.901457+00:00
801210,社会服务,603060,2021-12-13,akshare:index_component_sw,2026-09-24T15:32:16.901457+00:00
801210,社会服务,603099,2021-12-13,akshare:index_component_sw,2026-09-24T15:32:16.901457+00:00
801210,社会服务,603183,2021-12-13,akshare:index_component_sw,2026-09-24T15:32:16.901457+00:00
801210,社会服务,603199,2021-12-13,akshare:index_component_sw,2026-09-24T15:32:16.901457+00:00
801210,社会服务,603377,2021-12-13,akshare:index_component_sw,2026-09-24T15:32:16.901457+00:00
801210,社会服务,605098,2021-12-13,akshare:index_component_sw,2026-09-24T15:32:16.901457+00:00
801210,社会服务,605108,2021-12-13,akshare:index_component_sw,2026-09-24T15:32:16.901457+00:00
801210,社会服务,301228,2022-01-28,akshare:index_component_sw,2026-09-24T15:32:16.901457+00:00
801210,社会服务,301289,2022-06-22,akshare:index_component_sw,2026-09-24T15:32:16.901457+00:00
801210,社会服务,300010,2022-08-01,akshare:index_component_sw,2026-09-24T15:32:16.901457+00:00
801210,社会服务,300416,2022-08-01,akshare:index_component_sw,2026-09-24T15:32:16.901457+00:00
801210,社会服务,300797,2022-08-01,akshare:index_component_sw,2026-09-24T15:32:16.901457+00:00
801210,社会服务,600662,2022-08-01,akshare:index_component_sw,2026-09-24T15:32:16.901457+00:00
801210,社会服务,600880,2022-08-01,akshare:index_component_sw,2026-09-24T15:32:16.901457+00:00
801210,社会服务,603136,2022-08-01,akshare:index_component_sw,2026-09-24T15:32:16.901457+00:00
801210,社会服务,301115,2022-08-31,akshare:index_component_sw,2026-09-24T15:32:16.901457+00:00
801210,社会服务,688334,2023-06-19,akshare:index_component_sw,2026-09-24T15:32:16.901457+00:00
801210,社会服务,002057,2023-07-06,akshare:index_component_sw,2026-09-24T15:32:16.901457+00:00
801210,社会服务,002306,2023-07-06,akshare:index_component_sw,2026-09-24T15:32:16.901457+00:00
801210,社会服务,600576,2023-07-06,akshare:index_component_sw,2026-09-24T15:32:16.901457+00:00
801210,社会服务,301508,2023-12-01,akshare:index_component_sw,2026-09-24T15:32:16.901457+00:00
801210,社会服务,603373,2023-12-20,akshare:index_component_sw,2026-09-24T15:32:16.901457+00:00
801210,社会服务,000610,2024-07-31,akshare:index_component_sw,2026-09-24T15:32:16.901457+00:00
801210,社会服务,002093,2024-07-31,akshare:index_component_sw,2026-09-24T15:32:16.901457+00:00
801210,社会服务,600861,2024-07-31,akshare:index_component_sw,2026-09-24T15:32:16.901457+00:00
801210,社会服务,000558,2025-03-10,akshare:index_component_sw,2026-09-24T15:32:16.901457+00:00
801210,社会服务,688757,2025-03-25,akshare:index_component_sw,2026-09-24T15:32:16.901457+00:00
801210,社会服务,301632,2025-08-12,akshare:index_component_sw,2026-09-24T15:32:16.901457+00:00
801210,社会服务,002243,2025-08-13,akshare:index_component_sw,2026-09-24T15:32:16.901457+00:00
801210,社会服务,002627,2025-09-29,akshare:index_component_sw,2026-09-24T15:32:16.901457+00:00
801210,社会服务,301449,2025-12-23,akshare:index_component_sw,2026-09-24T15:32:16.901457+00:00
801210,社会服务,603402,2026-01-06,akshare:index_component_sw,2026-09-24T15:32:16.901457+00:00
801210,社会服务,300050,2026-07-02,akshare:index_component_sw,2026-09-24T15:32:16.901457+00:00
801210,社会服务,300492,2026-07-02,akshare:index_component_sw,2026-09-24T15:32:16.901457+00:00
801210,社会服务,600250,2026-07-02,akshare:index_component_sw,2026-09-24T15:32:16.901457+00:00
801210,社会服务,000428,2021-12-13,akshare:index_component_sw,2026-09-24T15:32:16.901457+00:00
801780,银行,002142,2021-12-13,akshare:index_component_sw,2026-09-24T15:32:16.970043+00:00
801780,银行,002807,2021-12-13,akshare:index_component_sw,2026-09-24T15:32:16.970043+00:00
801780,银行,002839,2021-12-13,akshare:index_component_sw,2026-09-24T15:32:16.970043+00:00
801780,银行,002936,2021-12-13,akshare:index_component_sw,2026-09-24T15:32:16.970043+00:00
801780,银行,002948,2021-12-13,akshare:index_component_sw,2026-09-24T15:32:16.970043+00:00
801780,银行,002958,2021-12-13,akshare:index_component_sw,2026-09-24T15:32:16.970043+00:00
801780,银行,002966,2021-12-13,akshare:index_component_sw,2026-09-24T15:32:16.970043+00:00
801780,银行,600000,2021-12-13,akshare:index_component_sw,2026-09-24T15:32:16.970043+00:00
801780,银行,600015,2021-12-13,akshare:index_component_sw,2026-09-24T15:32:16.970043+00:00
801780,银行,600016,2021-12-13,akshare:index_component_sw,2026-09-24T15:32:16.970043+00:00
801780,银行,600036,2021-12-13,akshare:index_component_sw,2026-09-24T15:32:16.970043+00:00
801780,银行,600908,2021-12-13,akshare:index_component_sw,2026-09-24T15:32:16.970043+00:00
801780,银行,600919,2021-12-13,akshare:index_component_sw,2026-09-24T15:32:16.970043+00:00
801780,银行,600926,2021-12-13,akshare:index_component_sw,2026-09-24T15:32:16.970043+00:00
801780,银行,600928,2021-12-13,akshare:index_component_sw,2026-09-24T15:32:16.970043+00:00
801780,银行,601009,2021-12-13,akshare:index_component_sw,2026-09-24T15:32:16.970043+00:00
801780,银行,601077,2021-12-13,akshare:index_component_sw,2026-09-24T15:32:16.970043+00:00
801780,银行,601128,2021-12-13,akshare:index_component_sw,2026-09-24T15:32:16.970043+00:00
801780,银行,601166,2021-12-13,akshare:index_component_sw,2026-09-24T15:32:16.970043+00:00
801780,银行,601169,2021-12-13,akshare:index_component_sw,2026-09-24T15:32:16.970043+00:00
801780,银行,601187,2021-12-13,akshare:index_component_sw,2026-09-24T15:32:16.970043+00:00
801780,银行,601229,2021-12-13,akshare:index_component_sw,2026-09-24T15:32:16.970043+00:00
801780,银行,601288,2021-12-13,akshare:index_component_sw,2026-09-24T15:32:16.970043+00:00
801780,银行,601328,2021-12-13,akshare:index_component_sw,2026-09-24T15:32:16.970043+00:00
801780,银行,601398,2021-12-13,akshare:index_component_sw,2026-09-24T15:32:16.970043+00:00
801780,银行,601528,2021-12-13,akshare:index_component_sw,2026-09-24T15:32:16.970043+00:00
801780,银行,601577,2021-12-13,akshare:index_component_sw,2026-09-24T15:32:16.970043+00:00
801780,银行,601658,2021-12-13,akshare:index_component_sw,2026-09-24T15:32:16.970043+00:00
801780,银行,601665,2021-12-13,akshare:index_component_sw,2026-09-24T15:32:16.970043+00:00
801780,银行,601818,2021-12-13,akshare:index_component_sw,2026-09-24T15:32:16.970043+00:00
801780,银行,601825,2021-12-13,akshare:index_component_sw,2026-09-24T15:32:16.970043+00:00
801780,银行,601838,2021-12-13,akshare:index_component_sw,2026-09-24T15:32:16.970043+00:00
801780,银行,601860,2021-12-13,akshare:index_component_sw,2026-09-24T15:32:16.970043+00:00
801780,银行,601916,2021-12-13,akshare:index_component_sw,2026-09-24T15:32:16.970043+00:00
801780,银行,601939,2021-12-13,akshare:index_component_sw,2026-09-24T15:32:16.970043+00:00
801780,银行,601963,2021-12-13,akshare:index_component_sw,2026-09-24T15:32:16.970043+00:00
801780,银行,601988,2021-12-13,akshare:index_component_sw,2026-09-24T15:32:16.970043+00:00
801780,银行,601997,2021-12-13,akshare:index_component_sw,2026-09-24T15:32:16.970043+00:00
801780,银行,601998,2021-12-13,akshare:index_component_sw,2026-09-24T15:32:16.970043+00:00
801780,银行,603323,2021-12-13,akshare:index_component_sw,2026-09-24T15:32:16.970043+00:00
801780,银行,001227,2022-01-17,akshare:index_component_sw,2026-09-24T15:32:16.970043+00:00
801780,银行,000001,2021-12-13,akshare:index_component_sw,2026-09-24T15:32:16.970043+00:00
801790,非银金融,000415,2021-12-13,akshare:index_component_sw,2026-09-24T15:32:17.138554+00:00
801790,非银金融,000532,2021-12-13,akshare:index_component_sw,2026-09-24T15:32:17.138554+00:00
801790,非银金融,000563,2021-12-13,akshare:index_component_sw,2026-09-24T15:32:17.138554+00:00
801790,非银金融,000567,2021-12-13,akshare:index_component_sw,2026-09-24T15:32:17.138554+00:00
801790,非银金融,000617,2021-12-13,akshare:index_component_sw,2026-09-24T15:32:17.138554+00:00
801790,非银金融,000686,2021-12-13,akshare:index_component_sw,2026-09-24T15:32:17.138554+00:00
801790,非银金融,000712,2021-12-13,akshare:index_component_sw,2026-09-24T15:32:17.138554+00:00
801790,非银金融,000728,2021-12-13,akshare:index_component_sw,2026-09-24T15:32:17.138554+00:00
801790,非银金融,000750,2021-12-13,akshare:index_component_sw,2026-09-24T15:32:17.138554+00:00
801790,非银金融,000776,2021-12-13,akshare:index_component_sw,2026-09-24T15:32:17.138554+00:00
801790,非银金融,000783,2021-12-13,akshare:index_component_sw,2026-09-24T15:32:17.138554+00:00
801790,非银金融,000987,2021-12-13,akshare:index_component_sw,2026-09-24T15:32:17.138554+00:00
801790,非银金融,002423,2021-12-13,akshare:index_component_sw,2026-09-24T15:32:17.138554+00:00
801790,非银金融,002500,2021-12-13,akshare:index_component_sw,2026-09-24T15:32:17.138554+00:00
801790,非银金融,002647,2021-12-13,akshare:index_component_sw,2026-09-24T15:32:17.138554+00:00
801790,非银金融,002670,2021-12-13,akshare:index_component_sw,2026-09-24T15:32:17.138554+00:00
801790,非银金融,002673,2021-12-13,akshare:index_component_sw,2026-09-24T15:32:17.138554+00:00
801790,非银金融,002736,2021-12-13,akshare:index_component_sw,2026-09-24T15:32:17.138554+00:00
801790,非银金融,002797,2021-12-13,akshare:index_component_sw,2026-09-24T15:32:17.138554+00:00
801790,非银金融,002926,2021-12-13,akshare:index_component_sw,2026-09-24T15:32:17.138554+00:00
801790,非银金融,002939,2021-12-13,akshare:index_component_sw,2026-09-24T15:32:17.138554+00:00
801790,非银金融,002945,2021-12-13,akshare:index_component_sw,2026-09-24T15:32:17.138554+00:00
801790,非银金融,002961,2021-12-13,akshare:index_component_sw,2026-09-24T15:32:17.138554+00:00
801790,非银金融,300059,2021-12-13,akshare:index_component_sw,2026-09-24T15:32:17.138554+00:00
801790,非银金融,300773,2021-12-13,akshare:index_component_sw,2026-09-24T15:32:17.138554+00:00
801790,非银金融,600030,2021-12-13,akshare:index_component_sw,2026-09-24T15:32:17.138554+00:00
801790,非银金融,600053,2021-12-13,akshare:index_component_sw,2026-09-24T15:32:17.138554+00:00
801790,非银金融,600095,2021-12-13,akshare:index_component_sw,2026-09-24T15:32:17.138554+00:00
801790,非银金融,600109,2021-12-13,akshare:index_component_sw,2026-09-24T15:32:17.138554+00:00
801790,非银金融,600120,2021-12-13,akshare:index_component_sw,2026-09-24T15:32:17.138554+00:00
801790,非银金融,600155,2021-12-13,akshare:index_component_sw,2026-09-24T15:32:17.138554+00:00
801790,非银金融,600318,2021-12-13,akshare:index_component_sw,2026-09-24T15:32:17.138554+00:00
801790,非银金融,600369,2021-12-13,akshare:index_component_sw,2026-09-24T15:32:17.138554+00:00
801790,非银金融,600390,2021-12-13,akshare:index_component_sw,2026-09-24T15:32:17.138554+00:00
801790,非银金融,600621,2021-12-13,akshare:index_component_sw,2026-09-24T15:32:17.138554+00:00
801790,非银金融,600643,2021-12-13,akshare:index_component_sw,2026-09-24T15:32:17.138554+00:00
801790,非银金融,600816,2021-12-13,akshare:index_component_sw,2026-09-24T15:32:17.138554+00:00
801790,非银金融,600830,2021-12-13,akshare:index_component_sw,2026-09-24T15:32:17.138554+00:00
801790,非银金融,600864,2021-12-13,akshare:index_component_sw,2026-09-24T15:32:17.138554+00:00
801790,非银金融,600901,2021-12-13,akshare:index_component_sw,2026-09-24T15:32:17.138554+00:00
801790,非银金融,600906,2021-12-13,akshare:index_component_sw,2026-09-24T15:32:17.138554+00:00
801790,非银金融,600909,2021-12-13,akshare:index_component_sw,2026-09-24T15:32:17.138554+00:00
801790,非银金融,600918,2021-12-13,akshare:index_component_sw,2026-09-24T15:32:17.138554+00:00
801790,非银金融,600958,2021-12-13,akshare:index_component_sw,2026-09-24T15:32:17.138554+00:00
801790,非银金融,600999,2021-12-13,akshare:index_component_sw,2026-09-24T15:32:17.138554+00:00
801790,非银金融,601066,2021-12-13,akshare:index_component_sw,2026-09-24T15:32:17.138554+00:00
801790,非银金融,601099,2021-12-13,akshare:index_component_sw,2026-09-24T15:32:17.138554+00:00
801790,非银金融,601108,2021-12-13,akshare:index_component_sw,2026-09-24T15:32:17.138554+00:00
801790,非银金融,601162,2021-12-13,akshare:index_component_sw,2026-09-24T15:32:17.138554+00:00
801790,非银金融,601198,2021-12-13,akshare:index_component_sw,2026-09-24T15:32:17.138554+00:00
801790,非银金融,601211,2021-12-13,akshare:index_component_sw,2026-09-24T15:32:17.138554+00:00
801790,非银金融,601236,2021-12-13,akshare:index_component_sw,2026-09-24T15:32:17.138554+00:00
801790,非银金融,601318,2021-12-13,akshare:index_component_sw,2026-09-24T15:32:17.138554+00:00
801790,非银金融,601319,2021-12-13,akshare:index_component_sw,2026-09-24T15:32:17.138554+00:00
801790,非银金融,601336,2021-12-13,akshare:index_component_sw,2026-09-24T15:32:17.138554+00:00
801790,非银金融,601375,2021-12-13,akshare:index_component_sw,2026-09-24T15:32:17.138554+00:00
801790,非银金融,601377,2021-12-13,akshare:index_component_sw,2026-09-24T15:32:17.138554+00:00
801790,非银金融,601456,2021-12-13,akshare:index_component_sw,2026-09-24T15:32:17.138554+00:00
801790,非银金融,601555,2021-12-13,akshare:index_component_sw,2026-09-24T15:32:17.138554+00:00
801790,非银金融,601601,2021-12-13,akshare:index_component_sw,2026-09-24T15:32:17.138554+00:00
801790,非银金融,601628,2021-12-13,akshare:index_component_sw,2026-09-24T15:32:17.138554+00:00
801790,非银金融,601688,2021-12-13,akshare:index_component_sw,2026-09-24T15:32:17.138554+00:00
801790,非银金融,601696,2021-12-13,akshare:index_component_sw,2026-09-24T15:32:17.138554+00:00
801790,非银金融,601788,2021-12-13,akshare:index_component_sw,2026-09-24T15:32:17.138554+00:00
801790,非银金融,601878,2021-12-13,akshare:index_component_sw,2026-09-24T15:32:17.138554+00:00
801790,非银金融,601881,2021-12-13,akshare:index_component_sw,2026-09-24T15:32:17.138554+00:00
801790,非银金融,601901,2021-12-13,akshare:index_component_sw,2026-09-24T15:32:17.138554+00:00
801790,非银金融,601990,2021-12-13,akshare:index_component_sw,2026-09-24T15:32:17.138554+00:00
801790,非银金融,601995,2021-12-13,akshare:index_component_sw,2026-09-24T15:32:17.138554+00:00
801790,非银金融,603093,2021-12-13,akshare:index_component_sw,2026-09-24T15:32:17.138554+00:00
801790,非银金融,603300,2021-12-13,akshare:index_component_sw,2026-09-24T15:32:17.138554+00:00
801790,非银金融,600927,2021-12-23,akshare:index_component_sw,2026-09-24T15:32:17.138554+00:00
801790,非银金融,600517,2022-08-01,akshare:index_component_sw,2026-09-24T15:32:17.138554+00:00
801790,非银金融,001236,2022-08-05,akshare:index_component_sw,2026-09-24T15:32:17.138554+00:00
801790,非银金融,601136,2022-12-22,akshare:index_component_sw,2026-09-24T15:32:17.138554+00:00
801790,非银金融,601059,2023-02-01,akshare:index_component_sw,2026-09-24T15:32:17.138554+00:00
801790,非银金融,000935,2023-07-06,akshare:index_component_sw,2026-09-24T15:32:17.138554+00:00
801790,非银金融,600061,2025-08-13,akshare:index_component_sw,2026-09-24T15:32:17.138554+00:00
801790,非银金融,000166,2021-12-13,akshare:index_component_sw,2026-09-24T15:32:17.138554+00:00
801230,综合,000652,2021-12-13,akshare:index_component_sw,2026-09-24T15:32:17.324083+00:00
801230,综合,000753,2021-12-13,akshare:index_component_sw,2026-09-24T15:32:17.324083+00:00
801230,综合,000833,2021-12-13,akshare:index_component_sw,2026-09-24T15:32:17.324083+00:00
801230,综合,600051,2021-12-13,akshare:index_component_sw,2026-09-24T15:32:17.324083+00:00
801230,综合,600620,2021-12-13,akshare:index_component_sw,2026-09-24T15:32:17.324083+00:00
801230,综合,600770,2021-12-13,akshare:index_component_sw,2026-09-24T15:32:17.324083+00:00
801230,综合,600805,2021-12-13,akshare:index_component_sw,2026-09-24T15:32:17.324083+00:00
801230,综合,600881,2021-12-13,akshare:index_component_sw,2026-09-24T15:32:17.324083+00:00
801230,综合,600689,2022-08-01,akshare:index_component_sw,2026-09-24T15:32:17.324083+00:00
801230,综合,000025,2023-07-06,akshare:index_component_sw,2026-09-24T15:32:17.324083+00:00
801230,综合,000421,2023-07-06,akshare:index_component_sw,2026-09-24T15:32:17.324083+00:00
801230,综合,600673,2023-07-06,akshare:index_component_sw,2026-09-24T15:32:17.324083+00:00
801230,综合,600682,2023-07-06,akshare:index_component_sw,2026-09-24T15:32:17.324083+00:00
801230,综合,000523,2024-07-31,akshare:index_component_sw,2026-09-24T15:32:17.324083+00:00
801230,综合,002316,2026-07-02,akshare:index_component_sw,2026-09-24T15:32:17.324083+00:00
801230,综合,002420,2026-07-02,akshare:index_component_sw,2026-09-24T15:32:17.324083+00:00
801230,综合,002575,2026-07-02,akshare:index_component_sw,2026-09-24T15:32:17.324083+00:00
801230,综合,600458,2026-07-02,akshare:index_component_sw,2026-09-24T15:32:17.324083+00:00
801230,综合,600807,2026-07-02,akshare:index_component_sw,2026-09-24T15:32:17.324083+00:00
801230,综合,000632,2021-12-13,akshare:index_component_sw,2026-09-24T15:32:17.324083+00:00
801710,建筑材料,000055,2021-12-13,akshare:index_component_sw,2026-09-24T15:32:17.397723+00:00
801710,建筑材料,000401,2021-12-13,akshare:index_component_sw,2026-09-24T15:32:17.397723+00:00
801710,建筑材料,000619,2021-12-13,akshare:index_component_sw,2026-09-24T15:32:17.397723+00:00
801710,建筑材料,000672,2021-12-13,akshare:index_component_sw,2026-09-24T15:32:17.397723+00:00
801710,建筑材料,000786,2021-12-13,akshare:index_component_sw,2026-09-24T15:32:17.397723+00:00
801710,建筑材料,000789,2021-12-13,akshare:index_component_sw,2026-09-24T15:32:17.397723+00:00
801710,建筑材料,000877,2021-12-13,akshare:index_component_sw,2026-09-24T15:32:17.397723+00:00
801710,建筑材料,001212,2021-12-13,akshare:index_component_sw,2026-09-24T15:32:17.397723+00:00
801710,建筑材料,002043,2021-12-13,akshare:index_component_sw,2026-09-24T15:32:17.397723+00:00
801710,建筑材料,002066,2021-12-13,akshare:index_component_sw,2026-09-24T15:32:17.397723+00:00
801710,建筑材料,002080,2021-12-13,akshare:index_component_sw,2026-09-24T15:32:17.397723+00:00
801710,建筑材料,002088,2021-12-13,akshare:index_component_sw,2026-09-24T15:32:17.397723+00:00
801710,建筑材料,002201,2021-12-13,akshare:index_component_sw,2026-09-24T15:32:17.397723+00:00
801710,建筑材料,002225,2021-12-13,akshare:index_component_sw,2026-09-24T15:32:17.397723+00:00
801710,建筑材料,002233,2021-12-13,akshare:index_component_sw,2026-09-24T15:32:17.397723+00:00
801710,建筑材料,002271,2021-12-13,akshare:index_component_sw,2026-09-24T15:32:17.397723+00:00
801710,建筑材料,002302,2021-12-13,akshare:index_component_sw,2026-09-24T15:32:17.397723+00:00
801710,建筑材料,002333,2021-12-13,akshare:index_component_sw,2026-09-24T15:32:17.397723+00:00
801710,建筑材料,002372,2021-12-13,akshare:index_component_sw,2026-09-24T15:32:17.397723+00:00
801710,建筑材料,002392,2021-12-13,akshare:index_component_sw,2026-09-24T15:32:17.397723+00:00
801710,建筑材料,002398,2021-12-13,akshare:index_component_sw,2026-09-24T15:32:17.397723+00:00
801710,建筑材料,002457,2021-12-13,akshare:index_component_sw,2026-09-24T15:32:17.397723+00:00
801710,建筑材料,002596,2021-12-13,akshare:index_component_sw,2026-09-24T15:32:17.397723+00:00
801710,建筑材料,002613,2021-12-13,akshare:index_component_sw,2026-09-24T15:32:17.397723+00:00
801710,建筑材料,002641,2021-12-13,akshare:index_component_sw,2026-09-24T15:32:17.397723+00:00
801710,建筑材料,002652,2021-12-13,akshare:index_component_sw,2026-09-24T15:32:17.397723+00:00
801710,建筑材料,002671,2021-12-13,akshare:index_component_sw,2026-09-24T15:32:17.397723+00:00
801710,建筑材料,002694,2021-12-13,akshare:index_component_sw,2026-09-24T15:32:17.397723+00:00
801710,建筑材料,002718,2021-12-13,akshare:index_component_sw,2026-09-24T15:32:17.397723+00:00
801710,建筑材料,002785,2021-12-13,akshare:index_component_sw,2026-09-24T15:32:17.397723+00:00
801710,建筑材料,002791,2021-12-13,akshare:index_component_sw,2026-09-24T15:32:17.397723+00:00
801710,建筑材料,300196,2021-12-13,akshare:index_component_sw,2026-09-24T15:32:17.397723+00:00
801710,建筑材料,300198,2021-12-13,akshare:index_component_sw,2026-09-24T15:32:17.397723+00:00
801710,建筑材料,300234,2021-12-13,akshare:index_component_sw,2026-09-24T15:32:17.397723+00:00
801710,建筑材料,300374,2021-12-13,akshare:index_component_sw,2026-09-24T15:32:17.397723+00:00
801710,建筑材料,300599,2021-12-13,akshare:index_component_sw,2026-09-24T15:32:17.397723+00:00
801710,建筑材料,300715,2021-12-13,akshare:index_component_sw,2026-09-24T15:32:17.397723+00:00
801710,建筑材料,300737,2021-12-13,akshare:index_component_sw,2026-09-24T15:32:17.397723+00:00
801710,建筑材料,301010,2021-12-13,akshare:index_component_sw,2026-09-24T15:32:17.397723+00:00
801710,建筑材料,600176,2021-12-13,akshare:index_component_sw,2026-09-24T15:32:17.397723+00:00
801710,建筑材料,600293,2021-12-13,akshare:index_component_sw,2026-09-24T15:32:17.397723+00:00
801710,建筑材料,600326,2021-12-13,akshare:index_component_sw,2026-09-24T15:32:17.397723+00:00
801710,建筑材料,600425,2021-12-13,akshare:index_component_sw,2026-09-24T15:32:17.397723+00:00
801710,建筑材料,600449,2021-12-13,akshare:index_component_sw,2026-09-24T15:32:17.397723+00:00
801710,建筑材料,600585,2021-12-13,akshare:index_component_sw,2026-09-24T15:32:17.397723+00:00
801710,建筑材料,600586,2021-12-13,akshare:index_component_sw,2026-09-24T15:32:17.397723+00:00
801710,建筑材料,600678,2021-12-13,akshare:index_component_sw,2026-09-24T15:32:17.397723+00:00
801710,建筑材料,600801,2021-12-13,akshare:index_component_sw,2026-09-24T15:32:17.397723+00:00
801710,建筑材料,600802,2021-12-13,akshare:index_component_sw,2026-09-24T15:32:17.397723+00:00
801710,建筑材料,600819,2021-12-13,akshare:index_component_sw,2026-09-24T15:32:17.397723+00:00
801710,建筑材料,600876,2021-12-13,akshare:index_component_sw,2026-09-24T15:32:17.397723+00:00
801710,建筑材料,601636,2021-12-13,akshare:index_component_sw,2026-09-24T15:32:17.397723+00:00
801710,建筑材料,601992,2021-12-13,akshare:index_component_sw,2026-09-24T15:32:17.397723+00:00
801710,建筑材料,603038,2021-12-13,akshare:index_component_sw,2026-09-24T15:32:17.397723+00:00
801710,建筑材料,603256,2021-12-13,akshare:index_component_sw,2026-09-24T15:32:17.397723+00:00
801710,建筑材料,603378,2021-12-13,akshare:index_component_sw,2026-09-24T15:32:17.397723+00:00
801710,建筑材料,603601,2021-12-13,akshare:index_component_sw,2026-09-24T15:32:17.397723+00:00
801710,建筑材料,603616,2021-12-13,akshare:index_component_sw,2026-09-24T15:32:17.397723+00:00
801710,建筑材料,603737,2021-12-13,akshare:index_component_sw,2026-09-24T15:32:17.397723+00:00
801710,建筑材料,603856,2021-12-13,akshare:index_component_sw,2026-09-24T15:32:17.397723+00:00
801710,建筑材料,605006,2021-12-13,akshare:index_component_sw,2026-09-24T15:32:17.397723+00:00
801710,建筑材料,605122,2021-12-13,akshare:index_component_sw,2026-09-24T15:32:17.397723+00:00
801710,建筑材料,605318,2021-12-13,akshare:index_component_sw,2026-09-24T15:32:17.397723+00:00
801710,建筑材料,688119,2022-06-06,akshare:index_component_sw,2026-09-24T15:32:17.397723+00:00
801710,建筑材料,002247,2022-08-01,akshare:index_component_sw,2026-09-24T15:32:17.397723+00:00
801710,建筑材料,003037,2022-08-01,akshare:index_component_sw,2026-09-24T15:32:17.397723+00:00
801710,建筑材料,600668,2022-08-01,akshare:index_component_sw,2026-09-24T15:32:17.397723+00:00
801710,建筑材料,301429,2023-04-17,akshare:index_component_sw,2026-09-24T15:32:17.397723+00:00
801710,建筑材料,002205,2023-07-06,akshare:index_component_sw,2026-09-24T15:32:17.397723+00:00
801710,建筑材料,301526,2023-12-26,akshare:index_component_sw,2026-09-24T15:32:17.397723+00:00
801710,建筑材料,601112,2026-01-29,akshare:index_component_sw,2026-09-24T15:32:17.397723+00:00
801710,建筑材料,000012,2021-12-13,akshare:index_component_sw,2026-09-24T15:32:17.397723+00:00
801720,建筑装饰,000065,2021-12-13,akshare:index_component_sw,2026-09-24T15:32:17.487885+00:00
801720,建筑装饰,000498,2021-12-13,akshare:index_component_sw,2026-09-24T15:32:17.487885+00:00
801720,建筑装饰,000628,2021-12-13,akshare:index_component_sw,2026-09-24T15:32:17.487885+00:00
801720,建筑装饰,000779,2021-12-13,akshare:index_component_sw,2026-09-24T15:32:17.487885+00:00
801720,建筑装饰,000928,2021-12-13,akshare:index_component_sw,2026-09-24T15:32:17.487885+00:00
801720,建筑装饰,002047,2021-12-13,akshare:index_component_sw,2026-09-24T15:32:17.487885+00:00
801720,建筑装饰,002051,2021-12-13,akshare:index_component_sw,2026-09-24T15:32:17.487885+00:00
801720,建筑装饰,002061,2021-12-13,akshare:index_component_sw,2026-09-24T15:32:17.487885+00:00
801720,建筑装饰,002062,2021-12-13,akshare:index_component_sw,2026-09-24T15:32:17.487885+00:00
801720,建筑装饰,002081,2021-12-13,akshare:index_component_sw,2026-09-24T15:32:17.487885+00:00
801720,建筑装饰,002116,2021-12-13,akshare:index_component_sw,2026-09-24T15:32:17.487885+00:00
801720,建筑装饰,002135,2021-12-13,akshare:index_component_sw,2026-09-24T15:32:17.487885+00:00
801720,建筑装饰,002140,2021-12-13,akshare:index_component_sw,2026-09-24T15:32:17.487885+00:00
801720,建筑装饰,002200,2021-12-13,akshare:index_component_sw,2026-09-24T15:32:17.487885+00:00
801720,建筑装饰,002307,2021-12-13,akshare:index_component_sw,2026-09-24T15:32:17.487885+00:00
801720,建筑装饰,002375,2021-12-13,akshare:index_component_sw,2026-09-24T15:32:17.487885+00:00
801720,建筑装饰,002431,2021-12-13,akshare:index_component_sw,2026-09-24T15:32:17.487885+00:00
801720,建筑装饰,002469,2021-12-13,akshare:index_component_sw,2026-09-24T15:32:17.487885+00:00
801720,建筑装饰,002482,2021-12-13,akshare:index_component_sw,2026-09-24T15:32:17.487885+00:00
801720,建筑装饰,002541,2021-12-13,akshare:index_component_sw,2026-09-24T15:32:17.487885+00:00
801720,建筑装饰,002542,2021-12-13,akshare:index_component_sw,2026-09-24T15:32:17.487885+00:00
801720,建筑装饰,002586,2021-12-13,akshare:index_component_sw,2026-09-24T15:32:17.487885+00:00
801720,建筑装饰,002593,2021-12-13,akshare:index_component_sw,2026-09-24T15:32:17.487885+00:00
801720,建筑装饰,002620,2021-12-13,akshare:index_component_sw,2026-09-24T15:32:17.487885+00:00
801720,建筑装饰,002628,2021-12-13,akshare:index_component_sw,2026-09-24T15:32:17.487885+00:00
801720,建筑装饰,002663,2021-12-13,akshare:index_component_sw,2026-09-24T15:32:17.487885+00:00
801720,建筑装饰,002713,2021-12-13,akshare:index_component_sw,2026-09-24T15:32:17.487885+00:00
801720,建筑装饰,002717,2021-12-13,akshare:index_component_sw,2026-09-24T15:32:17.487885+00:00
801720,建筑装饰,002743,2021-12-13,akshare:index_component_sw,2026-09-24T15:32:17.487885+00:00
801720,建筑装饰,002761,2021-12-13,akshare:index_component_sw,2026-09-24T15:32:17.487885+00:00
801720,建筑装饰,002775,2021-12-13,akshare:index_component_sw,2026-09-24T15:32:17.487885+00:00
801720,建筑装饰,002789,2021-12-13,akshare:index_component_sw,2026-09-24T15:32:17.487885+00:00
801720,建筑装饰,002811,2021-12-13,akshare:index_component_sw,2026-09-24T15:32:17.487885+00:00
801720,建筑装饰,002822,2021-12-13,akshare:index_component_sw,2026-09-24T15:32:17.487885+00:00
801720,建筑装饰,002830,2021-12-13,akshare:index_component_sw,2026-09-24T15:32:17.487885+00:00
801720,建筑装饰,002856,2021-12-13,akshare:index_component_sw,2026-09-24T15:32:17.487885+00:00
801720,建筑装饰,002883,2021-12-13,akshare:index_component_sw,2026-09-24T15:32:17.487885+00:00
801720,建筑装饰,002941,2021-12-13,akshare:index_component_sw,2026-09-24T15:32:17.487885+00:00
801720,建筑装饰,002949,2021-12-13,akshare:index_component_sw,2026-09-24T15:32:17.487885+00:00
801720,建筑装饰,002963,2021-12-13,akshare:index_component_sw,2026-09-24T15:32:17.487885+00:00
801720,建筑装饰,002989,2021-12-13,akshare:index_component_sw,2026-09-24T15:32:17.487885+00:00
801720,建筑装饰,003001,2021-12-13,akshare:index_component_sw,2026-09-24T15:32:17.487885+00:00
801720,建筑装饰,003013,2021-12-13,akshare:index_component_sw,2026-09-24T15:32:17.487885+00:00
801720,建筑装饰,300197,2021-12-13,akshare:index_component_sw,2026-09-24T15:32:17.487885+00:00
801720,建筑装饰,300284,2021-12-13,akshare:index_component_sw,2026-09-24T15:32:17.487885+00:00
801720,建筑装饰,300355,2021-12-13,akshare:index_component_sw,2026-09-24T15:32:17.487885+00:00
801720,建筑装饰,300384,2021-12-13,akshare:index_component_sw,2026-09-24T15:32:17.487885+00:00
801720,建筑装饰,300500,2021-12-13,akshare:index_component_sw,2026-09-24T15:32:17.487885+00:00
801720,建筑装饰,300506,2021-12-13,akshare:index_component_sw,2026-09-24T15:32:17.487885+00:00
801720,建筑装饰,300517,2021-12-13,akshare:index_component_sw,2026-09-24T15:32:17.487885+00:00
801720,建筑装饰,300564,2021-12-13,akshare:index_component_sw,2026-09-24T15:32:17.487885+00:00
801720,建筑装饰,300621,2021-12-13,akshare:index_component_sw,2026-09-24T15:32:17.487885+00:00
801720,建筑装饰,300635,2021-12-13,akshare:index_component_sw,2026-09-24T15:32:17.487885+00:00
801720,建筑装饰,300649,2021-12-13,akshare:index_component_sw,2026-09-24T15:32:17.487885+00:00
801720,建筑装饰,300668,2021-12-13,akshare:index_component_sw,2026-09-24T15:32:17.487885+00:00
801720,建筑装饰,300675,2021-12-13,akshare:index_component_sw,2026-09-24T15:32:17.487885+00:00
801720,建筑装饰,300712,2021-12-13,akshare:index_component_sw,2026-09-24T15:32:17.487885+00:00
801720,建筑装饰,300732,2021-12-13,akshare:index_component_sw,2026-09-24T15:32:17.487885+00:00
801720,建筑装饰,300746,2021-12-13,akshare:index_component_sw,2026-09-24T15:32:17.487885+00:00
801720,建筑装饰,300778,2021-12-13,akshare:index_component_sw,2026-09-24T15:32:17.487885+00:00
801720,建筑装饰,300826,2021-12-13,akshare:index_component_sw,2026-09-24T15:32:17.487885+00:00
801720,建筑装饰,300844,2021-12-13,akshare:index_component_sw,2026-09-24T15:32:17.487885+00:00
801720,建筑装饰,300948,2021-12-13,akshare:index_component_sw,2026-09-24T15:32:17.487885+00:00
801720,建筑装饰,300949,2021-12-13,akshare:index_component_sw,2026-09-24T15:32:17.487885+00:00
801720,建筑装饰,300977,2021-12-13,akshare:index_component_sw,2026-09-24T15:32:17.487885+00:00
801720,建筑装饰,300982,2021-12-13,akshare:index_component_sw,2026-09-24T15:32:17.487885+00:00
801720,建筑装饰,300983,2021-12-13,akshare:index_component_sw,2026-09-24T15:32:17.487885+00:00
801720,建筑装饰,300989,2021-12-13,akshare:index_component_sw,2026-09-24T15:32:17.487885+00:00
801720,建筑装饰,301024,2021-12-13,akshare:index_component_sw,2026-09-24T15:32:17.487885+00:00
801720,建筑装饰,301027,2021-12-13,akshare:index_component_sw,2026-09-24T15:32:17.487885+00:00
801720,建筑装饰,301038,2021-12-13,akshare:index_component_sw,2026-09-24T15:32:17.487885+00:00
801720,建筑装饰,301046,2021-12-13,akshare:index_component_sw,2026-09-24T15:32:17.487885+00:00
801720,建筑装饰,301058,2021-12-13,akshare:index_component_sw,2026-09-24T15:32:17.487885+00:00
801720,建筑装饰,301091,2021-12-13,akshare:index_component_sw,2026-09-24T15:32:17.487885+00:00
801720,建筑装饰,301098,2021-12-13,akshare:index_component_sw,2026-09-24T15:32:17.487885+00:00
801720,建筑装饰,301167,2021-12-13,akshare:index_component_sw,2026-09-24T15:32:17.487885+00:00
801720,建筑装饰,600039,2021-12-13,akshare:index_component_sw,2026-09-24T15:32:17.487885+00:00
801720,建筑装饰,600170,2021-12-13,akshare:index_component_sw,2026-09-24T15:32:17.487885+00:00
801720,建筑装饰,600248,2021-12-13,akshare:index_component_sw,2026-09-24T15:32:17.487885+00:00
801720,建筑装饰,600284,2021-12-13,akshare:index_component_sw,2026-09-24T15:32:17.487885+00:00
801720,建筑装饰,600477,2021-12-13,akshare:index_component_sw,2026-09-24T15:32:17.487885+00:00
801720,建筑装饰,600491,2021-12-13,akshare:index_component_sw,2026-09-24T15:32:17.487885+00:00
801720,建筑装饰,600496,2021-12-13,akshare:index_component_sw,2026-09-24T15:32:17.487885+00:00
801720,建筑装饰,600512,2021-12-13,akshare:index_component_sw,2026-09-24T15:32:17.487885+00:00
801720,建筑装饰,600629,2021-12-13,akshare:index_component_sw,2026-09-24T15:32:17.487885+00:00
801720,建筑装饰,600820,2021-12-13,akshare:index_component_sw,2026-09-24T15:32:17.487885+00:00
801720,建筑装饰,600853,2021-12-13,akshare:index_component_sw,2026-09-24T15:32:17.487885+00:00
801720,建筑装饰,600939,2021-12-13,akshare:index_component_sw,2026-09-24T15:32:17.487885+00:00
801720,建筑装饰,600970,2021-12-13,akshare:index_component_sw,2026-09-24T15:32:17.487885+00:00
801720,建筑装饰,601068,2021-12-13,akshare:index_component_sw,2026-09-24T15:32:17.487885+00:00
801720,建筑装饰,601117,2021-12-13,akshare:index_component_sw,2026-09-24T15:32:17.487885+00:00
801720,建筑装饰,601186,2021-12-13,akshare:index_component_sw,2026-09-24T15:32:17.487885+00:00
801720,建筑装饰,601226,2021-12-13,akshare:index_component_sw,2026-09-24T15:32:17.487885+00:00
801720,建筑装饰,601390,2021-12-13,akshare:index_component_sw,2026-09-24T15:32:17.487885+00:00
801720,建筑装饰,601611,2021-12-13,akshare:index_component_sw,2026-09-24T15:32:17.487885+00:00
801720,建筑装饰,601618,2021-12-13,akshare:index_component_sw,2026-09-24T15:32:17.487885+00:00
801720,建筑装饰,601668,2021-12-13,akshare:index_component_sw,2026-09-24T15:32:17.487885+00:00
801720,建筑装饰,601669,2021-12-13,akshare:index_component_sw,2026-09-24T15:32:17.487885+00:00
801720,建筑装饰,601789,2021-12-13,akshare:index_component_sw,2026-09-24T15:32:17.487885+00:00
801720,建筑装饰,601800,2021-12-13,akshare:index_component_sw,2026-09-24T15:32:17.487885+00:00
801720,建筑装饰,601868,2021-12-13,akshare:index_component_sw,2026-09-24T15:32:17.487885+00:00
801720,建筑装饰,601886,2021-12-13,akshare:index_component_sw,2026-09-24T15:32:17.487885+00:00
801720,建筑装饰,603017,2021-12-13,akshare:index_component_sw,2026-09-24T15:32:17.487885+00:00
801720,建筑装饰,603018,2021-12-13,akshare:index_component_sw,2026-09-24T15:32:17.487885+00:00
801720,建筑装饰,603030,2021-12-13,akshare:index_component_sw,2026-09-24T15:32:17.487885+00:00
801720,建筑装饰,603098,2021-12-13,akshare:index_component_sw,2026-09-24T15:32:17.487885+00:00
801720,建筑装饰,603357,2021-12-13,akshare:index_component_sw,2026-09-24T15:32:17.487885+00:00
801720,建筑装饰,603359,2021-12-13,akshare:index_component_sw,2026-09-24T15:32:17.487885+00:00
801720,建筑装饰,603458,2021-12-13,akshare:index_component_sw,2026-09-24T15:32:17.487885+00:00
801720,建筑装饰,603637,2021-12-13,akshare:index_component_sw,2026-09-24T15:32:17.487885+00:00
801720,建筑装饰,603815,2021-12-13,akshare:index_component_sw,2026-09-24T15:32:17.487885+00:00
801720,建筑装饰,603828,2021-12-13,akshare:index_component_sw,2026-09-24T15:32:17.487885+00:00
801720,建筑装饰,603843,2021-12-13,akshare:index_component_sw,2026-09-24T15:32:17.487885+00:00
801720,建筑装饰,603860,2021-12-13,akshare:index_component_sw,2026-09-24T15:32:17.487885+00:00
801720,建筑装饰,603909,2021-12-13,akshare:index_component_sw,2026-09-24T15:32:17.487885+00:00
801720,建筑装饰,603929,2021-12-13,akshare:index_component_sw,2026-09-24T15:32:17.487885+00:00
801720,建筑装饰,603955,2021-12-13,akshare:index_component_sw,2026-09-24T15:32:17.487885+00:00
801720,建筑装饰,603959,2021-12-13,akshare:index_component_sw,2026-09-24T15:32:17.487885+00:00
801720,建筑装饰,605167,2021-12-13,akshare:index_component_sw,2026-09-24T15:32:17.487885+00:00
801720,建筑装饰,605287,2021-12-13,akshare:index_component_sw,2026-09-24T15:32:17.487885+00:00
801720,建筑装饰,605289,2021-12-13,akshare:index_component_sw,2026-09-24T15:32:17.487885+00:00
801720,建筑装饰,605303,2021-12-13,akshare:index_component_sw,2026-09-24T15:32:17.487885+00:00
801720,建筑装饰,605598,2021-12-13,akshare:index_component_sw,2026-09-24T15:32:17.487885+00:00
801720,建筑装饰,603176,2021-12-31,akshare:index_component_sw,2026-09-24T15:32:17.487885+00:00
801720,建筑装饰,301136,2022-01-11,akshare:index_component_sw,2026-09-24T15:32:17.487885+00:00
801720,建筑装饰,300986,2022-07-28,akshare:index_component_sw,2026-09-24T15:32:17.487885+00:00
801720,建筑装饰,000032,2022-08-01,akshare:index_component_sw,2026-09-24T15:32:17.487885+00:00
801720,建筑装饰,002163,2022-08-01,akshare:index_component_sw,2026-09-24T15:32:17.487885+00:00
801720,建筑装饰,002323,2022-08-01,akshare:index_component_sw,2026-09-24T15:32:17.487885+00:00
801720,建筑装饰,600502,2022-08-01,akshare:index_component_sw,2026-09-24T15:32:17.487885+00:00
801720,建筑装饰,600667,2022-08-01,akshare:index_component_sw,2026-09-24T15:32:17.487885+00:00
801720,建筑装饰,605178,2022-08-01,akshare:index_component_sw,2026-09-24T15:32:17.487885+00:00
801720,建筑装饰,603163,2022-10-13,akshare:index_component_sw,2026-09-24T15:32:17.487885+00:00
801720,建筑装饰,301365,2022-11-22,akshare:index_component_sw,2026-09-24T15:32:17.487885+00:00
801720,建筑装饰,603153,2023-03-13,akshare:index_component_sw,2026-09-24T15:32:17.487885+00:00
801720,建筑装饰,601133,2023-04-10,akshare:index_component_sw,2026-09-24T15:32:17.487885+00:00
801720,建筑装饰,603137,2023-04-19,akshare:index_component_sw,2026-09-24T15:32:17.487885+00:00
801720,建筑装饰,600234,2023-07-06,akshare:index_component_sw,2026-09-24T15:32:17.487885+00:00
801720,建筑装饰,600846,2023-07-06,akshare:index_component_sw,2026-09-24T15:32:17.487885+00:00
801720,建筑装饰,301505,2023-07-19,akshare:index_component_sw,2026-09-24T15:32:17.487885+00:00
801720,建筑装饰,601096,2023-12-22,akshare:index_component_sw,2026-09-24T15:32:17.487885+00:00
801720,建筑装饰,600720,2024-01-22,akshare:index_component_sw,2026-09-24T15:32:17.487885+00:00
801720,建筑装饰,301390,2024-07-31,akshare:index_component_sw,2026-09-24T15:32:17.487885+00:00
801720,建筑装饰,603257,2025-04-08,akshare:index_component_sw,2026-09-24T15:32:17.487885+00:00
801720,建筑装饰,001396,2025-12-30,akshare:index_component_sw,2026-09-24T15:32:17.487885+00:00
801720,建筑装饰,002060,2026-07-02,akshare:index_component_sw,2026-09-24T15:32:17.487885+00:00
801720,建筑装饰,000010,2021-12-13,akshare:index_component_sw,2026-09-24T15:32:17.487885+00:00
801730,电力设备,000049,2021-12-13,akshare:index_component_sw,2026-09-24T15:32:17.661686+00:00
801730,电力设备,000400,2021-12-13,akshare:index_component_sw,2026-09-24T15:32:17.661686+00:00
801730,电力设备,000533,2021-12-13,akshare:index_component_sw,2026-09-24T15:32:17.661686+00:00
801730,电力设备,000682,2021-12-13,akshare:index_component_sw,2026-09-24T15:32:17.661686+00:00
801730,电力设备,000922,2021-12-13,akshare:index_component_sw,2026-09-24T15:32:17.661686+00:00
801730,电力设备,001208,2021-12-13,akshare:index_component_sw,2026-09-24T15:32:17.661686+00:00
801730,电力设备,002028,2021-12-13,akshare:index_component_sw,2026-09-24T15:32:17.661686+00:00
801730,电力设备,002074,2021-12-13,akshare:index_component_sw,2026-09-24T15:32:17.661686+00:00
801730,电力设备,002090,2021-12-13,akshare:index_component_sw,2026-09-24T15:32:17.661686+00:00
801730,电力设备,002112,2021-12-13,akshare:index_component_sw,2026-09-24T15:32:17.661686+00:00
801730,电力设备,002121,2021-12-13,akshare:index_component_sw,2026-09-24T15:32:17.661686+00:00
801730,电力设备,002129,2021-12-13,akshare:index_component_sw,2026-09-24T15:32:17.661686+00:00
801730,电力设备,002169,2021-12-13,akshare:index_component_sw,2026-09-24T15:32:17.661686+00:00
801730,电力设备,002196,2021-12-13,akshare:index_component_sw,2026-09-24T15:32:17.661686+00:00
801730,电力设备,002202,2021-12-13,akshare:index_component_sw,2026-09-24T15:32:17.661686+00:00
801730,电力设备,002245,2021-12-13,akshare:index_component_sw,2026-09-24T15:32:17.661686+00:00
801730,电力设备,002249,2021-12-13,akshare:index_component_sw,2026-09-24T15:32:17.661686+00:00
801730,电力设备,002255,2021-12-13,akshare:index_component_sw,2026-09-24T15:32:17.661686+00:00
801730,电力设备,002270,2021-12-13,akshare:index_component_sw,2026-09-24T15:32:17.661686+00:00
801730,电力设备,002276,2021-12-13,akshare:index_component_sw,2026-09-24T15:32:17.661686+00:00
801730,电力设备,002300,2021-12-13,akshare:index_component_sw,2026-09-24T15:32:17.661686+00:00
801730,电力设备,002335,2021-12-13,akshare:index_component_sw,2026-09-24T15:32:17.661686+00:00
801730,电力设备,002339,2021-12-13,akshare:index_component_sw,2026-09-24T15:32:17.661686+00:00
801730,电力设备,002340,2021-12-13,akshare:index_component_sw,2026-09-24T15:32:17.661686+00:00
801730,电力设备,002350,2021-12-13,akshare:index_component_sw,2026-09-24T15:32:17.661686+00:00
801730,电力设备,002358,2021-12-13,akshare:index_component_sw,2026-09-24T15:32:17.661686+00:00
801730,电力设备,002364,2021-12-13,akshare:index_component_sw,2026-09-24T15:32:17.661686+00:00
801730,电力设备,002366,2021-12-13,akshare:index_component_sw,2026-09-24T15:32:17.661686+00:00
801730,电力设备,002441,2021-12-13,akshare:index_component_sw,2026-09-24T15:32:17.661686+00:00
801730,电力设备,002451,2021-12-13,akshare:index_component_sw,2026-09-24T15:32:17.661686+00:00
801730,电力设备,002452,2021-12-13,akshare:index_component_sw,2026-09-24T15:32:17.661686+00:00
801730,电力设备,002459,2021-12-13,akshare:index_component_sw,2026-09-24T15:32:17.661686+00:00
801730,电力设备,002471,2021-12-13,akshare:index_component_sw,2026-09-24T15:32:17.661686+00:00
801730,电力设备,002487,2021-12-13,akshare:index_component_sw,2026-09-24T15:32:17.661686+00:00
801730,电力设备,002498,2021-12-13,akshare:index_component_sw,2026-09-24T15:32:17.661686+00:00
801730,电力设备,002506,2021-12-13,akshare:index_component_sw,2026-09-24T15:32:17.661686+00:00
801730,电力设备,002518,2021-12-13,akshare:index_component_sw,2026-09-24T15:32:17.661686+00:00
801730,电力设备,002531,2021-12-13,akshare:index_component_sw,2026-09-24T15:32:17.661686+00:00
801730,电力设备,002533,2021-12-13,akshare:index_component_sw,2026-09-24T15:32:17.661686+00:00
801730,电力设备,002534,2021-12-13,akshare:index_component_sw,2026-09-24T15:32:17.661686+00:00
801730,电力设备,002546,2021-12-13,akshare:index_component_sw,2026-09-24T15:32:17.661686+00:00
801730,电力设备,002560,2021-12-13,akshare:index_component_sw,2026-09-24T15:32:17.661686+00:00
801730,电力设备,002576,2021-12-13,akshare:index_component_sw,2026-09-24T15:32:17.661686+00:00
801730,电力设备,002580,2021-12-13,akshare:index_component_sw,2026-09-24T15:32:17.661686+00:00
801730,电力设备,002606,2021-12-13,akshare:index_component_sw,2026-09-24T15:32:17.661686+00:00
801730,电力设备,002623,2021-12-13,akshare:index_component_sw,2026-09-24T15:32:17.661686+00:00
801730,电力设备,002630,2021-12-13,akshare:index_component_sw,2026-09-24T15:32:17.661686+00:00
801730,电力设备,002692,2021-12-13,akshare:index_component_sw,2026-09-24T15:32:17.661686+00:00
801730,电力设备,002706,2021-12-13,akshare:index_component_sw,2026-09-24T15:32:17.661686+00:00
801730,电力设备,002709,2021-12-13,akshare:index_component_sw,2026-09-24T15:32:17.661686+00:00
801730,电力设备,002733,2021-12-13,akshare:index_component_sw,2026-09-24T15:32:17.661686+00:00
801730,电力设备,002759,2021-12-13,akshare:index_component_sw,2026-09-24T15:32:17.661686+00:00
801730,电力设备,002801,2021-12-13,akshare:index_component_sw,2026-09-24T15:32:17.661686+00:00
801730,电力设备,002812,2021-12-13,akshare:index_component_sw,2026-09-24T15:32:17.661686+00:00
801730,电力设备,002823,2021-12-13,akshare:index_component_sw,2026-09-24T15:32:17.661686+00:00
801730,电力设备,002850,2021-12-13,akshare:index_component_sw,2026-09-24T15:32:17.661686+00:00
801730,电力设备,002851,2021-12-13,akshare:index_component_sw,2026-09-24T15:32:17.661686+00:00
801730,电力设备,002857,2021-12-13,akshare:index_component_sw,2026-09-24T15:32:17.661686+00:00
801730,电力设备,002879,2021-12-13,akshare:index_component_sw,2026-09-24T15:32:17.661686+00:00
801730,电力设备,002882,2021-12-13,akshare:index_component_sw,2026-09-24T15:32:17.661686+00:00
801730,电力设备,002892,2021-12-13,akshare:index_component_sw,2026-09-24T15:32:17.661686+00:00
801730,电力设备,002927,2021-12-13,akshare:index_component_sw,2026-09-24T15:32:17.661686+00:00
801730,电力设备,002953,2021-12-13,akshare:index_component_sw,2026-09-24T15:32:17.661686+00:00
801730,电力设备,002980,2021-12-13,akshare:index_component_sw,2026-09-24T15:32:17.661686+00:00
801730,电力设备,003021,2021-12-13,akshare:index_component_sw,2026-09-24T15:32:17.661686+00:00
801730,电力设备,003022,2021-12-13,akshare:index_component_sw,2026-09-24T15:32:17.661686+00:00
801730,电力设备,300001,2021-12-13,akshare:index_component_sw,2026-09-24T15:32:17.661686+00:00
801730,电力设备,300014,2021-12-13,akshare:index_component_sw,2026-09-24T15:32:17.661686+00:00
801730,电力设备,300018,2021-12-13,akshare:index_component_sw,2026-09-24T15:32:17.661686+00:00
801730,电力设备,300035,2021-12-13,akshare:index_component_sw,2026-09-24T15:32:17.661686+00:00
801730,电力设备,300037,2021-12-13,akshare:index_component_sw,2026-09-24T15:32:17.661686+00:00
801730,电力设备,300062,2021-12-13,akshare:index_component_sw,2026-09-24T15:32:17.661686+00:00
801730,电力设备,300068,2021-12-13,akshare:index_component_sw,2026-09-24T15:32:17.661686+00:00
801730,电力设备,300069,2021-12-13,akshare:index_component_sw,2026-09-24T15:32:17.661686+00:00
801730,电力设备,300073,2021-12-13,akshare:index_component_sw,2026-09-24T15:32:17.661686+00:00
801730,电力设备,300118,2021-12-13,akshare:index_component_sw,2026-09-24T15:32:17.661686+00:00
801730,电力设备,300129,2021-12-13,akshare:index_component_sw,2026-09-24T15:32:17.661686+00:00
801730,电力设备,300141,2021-12-13,akshare:index_component_sw,2026-09-24T15:32:17.661686+00:00
801730,电力设备,300153,2021-12-13,akshare:index_component_sw,2026-09-24T15:32:17.661686+00:00
801730,电力设备,300185,2021-12-13,akshare:index_component_sw,2026-09-24T15:32:17.661686+00:00
801730,电力设备,300207,2021-12-13,akshare:index_component_sw,2026-09-24T15:32:17.661686+00:00
801730,电力设备,300222,2021-12-13,akshare:index_component_sw,2026-09-24T15:32:17.661686+00:00
801730,电力设备,300265,2021-12-13,akshare:index_component_sw,2026-09-24T15:32:17.661686+00:00
801730,电力设备,300274,2021-12-13,akshare:index_component_sw,2026-09-24T15:32:17.661686+00:00
801730,电力设备,300283,2021-12-13,akshare:index_component_sw,2026-09-24T15:32:17.661686+00:00
801730,电力设备,300286,2021-12-13,akshare:index_component_sw,2026-09-24T15:32:17.661686+00:00
801730,电力设备,300316,2021-12-13,akshare:index_component_sw,2026-09-24T15:32:17.661686+00:00
801730,电力设备,300340,2021-12-13,akshare:index_component_sw,2026-09-24T15:32:17.661686+00:00
801730,电力设备,300360,2021-12-13,akshare:index_component_sw,2026-09-24T15:32:17.661686+00:00
801730,电力设备,300376,2021-12-13,akshare:index_component_sw,2026-09-24T15:32:17.661686+00:00
801730,电力设备,300393,2021-12-13,akshare:index_component_sw,2026-09-24T15:32:17.661686+00:00
801730,电力设备,300407,2021-12-13,akshare:index_component_sw,2026-09-24T15:32:17.661686+00:00
801730,电力设备,300409,2021-12-13,akshare:index_component_sw,2026-09-24T15:32:17.661686+00:00
801730,电力设备,300423,2021-12-13,akshare:index_component_sw,2026-09-24T15:32:17.661686+00:00
801730,电力设备,300427,2021-12-13,akshare:index_component_sw,2026-09-24T15:32:17.661686+00:00
801730,电力设备,300438,2021-12-13,akshare:index_component_sw,2026-09-24T15:32:17.661686+00:00
801730,电力设备,300443,2021-12-13,akshare:index_component_sw,2026-09-24T15:32:17.661686+00:00
801730,电力设备,300444,2021-12-13,akshare:index_component_sw,2026-09-24T15:32:17.661686+00:00
801730,电力设备,300450,2021-12-13,akshare:index_component_sw,2026-09-24T15:32:17.661686+00:00
801730,电力设备,300457,2021-12-13,akshare:index_component_sw,2026-09-24T15:32:17.661686+00:00
801730,电力设备,300491,2021-12-13,akshare:index_component_sw,2026-09-24T15:32:17.661686+00:00
801730,电力设备,300510,2021-12-13,akshare:index_component_sw,2026-09-24T15:32:17.661686+00:00
801730,电力设备,300514,2021-12-13,akshare:index_component_sw,2026-09-24T15:32:17.661686+00:00
801730,电力设备,300568,2021-12-13,akshare:index_component_sw,2026-09-24T15:32:17.661686+00:00
801730,电力设备,300569,2021-12-13,akshare:index_component_sw,2026-09-24T15:32:17.661686+00:00
801730,电力设备,300593,2021-12-13,akshare:index_component_sw,2026-09-24T15:32:17.661686+00:00
801730,电力设备,300619,2021-12-13,akshare:index_component_sw,2026-09-24T15:32:17.661686+00:00
801730,电力设备,300626,2021-12-13,akshare:index_component_sw,2026-09-24T15:32:17.661686+00:00
801730,电力设备,300648,2021-12-13,akshare:index_component_sw,2026-09-24T15:32:17.661686+00:00
801730,电力设备,300660,2021-12-13,akshare:index_component_sw,2026-09-24T15:32:17.661686+00:00
801730,电力设备,300670,2021-12-13,akshare:index_component_sw,2026-09-24T15:32:17.661686+00:00
801730,电力设备,300690,2021-12-13,akshare:index_component_sw,2026-09-24T15:32:17.661686+00:00
801730,电力设备,300693,2021-12-13,akshare:index_component_sw,2026-09-24T15:32:17.661686+00:00
801730,电力设备,300713,2021-12-13,akshare:index_component_sw,2026-09-24T15:32:17.661686+00:00
801730,电力设备,300724,2021-12-13,akshare:index_component_sw,2026-09-24T15:32:17.661686+00:00
801730,电力设备,300750,2021-12-13,akshare:index_component_sw,2026-09-24T15:32:17.661686+00:00
801730,电力设备,300751,2021-12-13,akshare:index_component_sw,2026-09-24T15:32:17.661686+00:00
801730,电力设备,300763,2021-12-13,akshare:index_component_sw,2026-09-24T15:32:17.661686+00:00
801730,电力设备,300769,2021-12-13,akshare:index_component_sw,2026-09-24T15:32:17.661686+00:00
801730,电力设备,300772,2021-12-13,akshare:index_component_sw,2026-09-24T15:32:17.661686+00:00
801730,电力设备,300776,2021-12-13,akshare:index_component_sw,2026-09-24T15:32:17.661686+00:00
801730,电力设备,300820,2021-12-13,akshare:index_component_sw,2026-09-24T15:32:17.661686+00:00
801730,电力设备,300827,2021-12-13,akshare:index_component_sw,2026-09-24T15:32:17.661686+00:00
801730,电力设备,300842,2021-12-13,akshare:index_component_sw,2026-09-24T15:32:17.661686+00:00
801730,电力设备,300850,2021-12-13,akshare:index_component_sw,2026-09-24T15:32:17.661686+00:00
801730,电力设备,300870,2021-12-13,akshare:index_component_sw,2026-09-24T15:32:17.661686+00:00
801730,电力设备,300880,2021-12-13,akshare:index_component_sw,2026-09-24T15:32:17.661686+00:00
801730,电力设备,300882,2021-12-13,akshare:index_component_sw,2026-09-24T15:32:17.661686+00:00
801730,电力设备,300890,2021-12-13,akshare:index_component_sw,2026-09-24T15:32:17.661686+00:00
801730,电力设备,300907,2021-12-13,akshare:index_component_sw,2026-09-24T15:32:17.661686+00:00
801730,电力设备,300919,2021-12-13,akshare:index_component_sw,2026-09-24T15:32:17.661686+00:00
801730,电力设备,300932,2021-12-13,akshare:index_component_sw,2026-09-24T15:32:17.661686+00:00
801730,电力设备,300933,2021-12-13,akshare:index_component_sw,2026-09-24T15:32:17.661686+00:00
801730,电力设备,301002,2021-12-13,akshare:index_component_sw,2026-09-24T15:32:17.661686+00:00
801730,电力设备,301012,2021-12-13,akshare:index_component_sw,2026-09-24T15:32:17.661686+00:00
801730,电力设备,301023,2021-12-13,akshare:index_component_sw,2026-09-24T15:32:17.661686+00:00
801730,电力设备,301040,2021-12-13,akshare:index_component_sw,2026-09-24T15:32:17.661686+00:00
801730,电力设备,301082,2021-12-13,akshare:index_component_sw,2026-09-24T15:32:17.661686+00:00
801730,电力设备,301155,2021-12-13,akshare:index_component_sw,2026-09-24T15:32:17.661686+00:00
801730,电力设备,301179,2021-12-13,akshare:index_component_sw,2026-09-24T15:32:17.661686+00:00
801730,电力设备,600089,2021-12-13,akshare:index_component_sw,2026-09-24T15:32:17.661686+00:00
801730,电力设备,600152,2021-12-13,akshare:index_component_sw,2026-09-24T15:32:17.661686+00:00
801730,电力设备,600192,2021-12-13,akshare:index_component_sw,2026-09-24T15:32:17.661686+00:00
801730,电力设备,600207,2021-12-13,akshare:index_component_sw,2026-09-24T15:32:17.661686+00:00
801730,电力设备,600268,2021-12-13,akshare:index_component_sw,2026-09-24T15:32:17.661686+00:00
801730,电力设备,600312,2021-12-13,akshare:index_component_sw,2026-09-24T15:32:17.661686+00:00
801730,电力设备,600379,2021-12-13,akshare:index_component_sw,2026-09-24T15:32:17.661686+00:00
801730,电力设备,600405,2021-12-13,akshare:index_component_sw,2026-09-24T15:32:17.661686+00:00
801730,电力设备,600406,2021-12-13,akshare:index_component_sw,2026-09-24T15:32:17.661686+00:00
801730,电力设备,600438,2021-12-13,akshare:index_component_sw,2026-09-24T15:32:17.661686+00:00
801730,电力设备,600468,2021-12-13,akshare:index_component_sw,2026-09-24T15:32:17.661686+00:00
801730,电力设备,600478,2021-12-13,akshare:index_component_sw,2026-09-24T15:32:17.661686+00:00
801730,电力设备,600525,2021-12-13,akshare:index_component_sw,2026-09-24T15:32:17.661686+00:00
801730,电力设备,600537,2021-12-13,akshare:index_component_sw,2026-09-24T15:32:17.661686+00:00
801730,电力设备,600550,2021-12-13,akshare:index_component_sw,2026-09-24T15:32:17.661686+00:00
801730,电力设备,600577,2021-12-13,akshare:index_component_sw,2026-09-24T15:32:17.661686+00:00
801730,电力设备,600580,2021-12-13,akshare:index_component_sw,2026-09-24T15:32:17.661686+00:00
801730,电力设备,600732,2021-12-13,akshare:index_component_sw,2026-09-24T15:32:17.661686+00:00
801730,电力设备,600847,2021-12-13,akshare:index_component_sw,2026-09-24T15:32:17.661686+00:00
801730,电力设备,600869,2021-12-13,akshare:index_component_sw,2026-09-24T15:32:17.661686+00:00
801730,电力设备,600875,2021-12-13,akshare:index_component_sw,2026-09-24T15:32:17.661686+00:00
801730,电力设备,600884,2021-12-13,akshare:index_component_sw,2026-09-24T15:32:17.661686+00:00
801730,电力设备,600885,2021-12-13,akshare:index_component_sw,2026-09-24T15:32:17.661686+00:00
801730,电力设备,600973,2021-12-13,akshare:index_component_sw,2026-09-24T15:32:17.661686+00:00
801730,电力设备,601126,2021-12-13,akshare:index_component_sw,2026-09-24T15:32:17.661686+00:00
801730,电力设备,601179,2021-12-13,akshare:index_component_sw,2026-09-24T15:32:17.661686+00:00
801730,电力设备,601218,2021-12-13,akshare:index_component_sw,2026-09-24T15:32:17.661686+00:00
801730,电力设备,601311,2021-12-13,akshare:index_component_sw,2026-09-24T15:32:17.661686+00:00
801730,电力设备,601615,2021-12-13,akshare:index_component_sw,2026-09-24T15:32:17.661686+00:00
801730,电力设备,601616,2021-12-13,akshare:index_component_sw,2026-09-24T15:32:17.661686+00:00
801730,电力设备,601700,2021-12-13,akshare:index_component_sw,2026-09-24T15:32:17.661686+00:00
801730,电力设备,601727,2021-12-13,akshare:index_component_sw,2026-09-24T15:32:17.661686+00:00
801730,电力设备,601865,2021-12-13,akshare:index_component_sw,2026-09-24T15:32:17.661686+00:00
801730,电力设备,601877,2021-12-13,akshare:index_component_sw,2026-09-24T15:32:17.661686+00:00
801730,电力设备,603016,2021-12-13,akshare:index_component_sw,2026-09-24T15:32:17.661686+00:00
801730,电力设备,603026,2021-12-13,akshare:index_component_sw,2026-09-24T15:32:17.661686+00:00
801730,电力设备,603050,2021-12-13,akshare:index_component_sw,2026-09-24T15:32:17.661686+00:00
801730,电力设备,603063,2021-12-13,akshare:index_component_sw,2026-09-24T15:32:17.661686+00:00
801730,电力设备,603212,2021-12-13,akshare:index_component_sw,2026-09-24T15:32:17.661686+00:00
801730,电力设备,603218,2021-12-13,akshare:index_component_sw,2026-09-24T15:32:17.661686+00:00
801730,电力设备,603320,2021-12-13,akshare:index_component_sw,2026-09-24T15:32:17.661686+00:00
801730,电力设备,603333,2021-12-13,akshare:index_component_sw,2026-09-24T15:32:17.661686+00:00
801730,电力设备,603396,2021-12-13,akshare:index_component_sw,2026-09-24T15:32:17.661686+00:00
801730,电力设备,603489,2021-12-13,akshare:index_component_sw,2026-09-24T15:32:17.661686+00:00
801730,电力设备,603507,2021-12-13,akshare:index_component_sw,2026-09-24T15:32:17.661686+00:00
801730,电力设备,603530,2021-12-13,akshare:index_component_sw,2026-09-24T15:32:17.661686+00:00
801730,电力设备,603556,2021-12-13,akshare:index_component_sw,2026-09-24T15:32:17.661686+00:00
801730,电力设备,603577,2021-12-13,akshare:index_component_sw,2026-09-24T15:32:17.661686+00:00
801730,电力设备,603606,2021-12-13,akshare:index_component_sw,2026-09-24T15:32:17.661686+00:00
801730,电力设备,603618,2021-12-13,akshare:index_component_sw,2026-09-24T15:32:17.661686+00:00
801730,电力设备,603628,2021-12-13,akshare:index_component_sw,2026-09-24T15:32:17.661686+00:00
801730,电力设备,603659,2021-12-13,akshare:index_component_sw,2026-09-24T15:32:17.661686+00:00
801730,电力设备,603728,2021-12-13,akshare:index_component_sw,2026-09-24T15:32:17.661686+00:00
801730,电力设备,603806,2021-12-13,akshare:index_component_sw,2026-09-24T15:32:17.661686+00:00
801730,电力设备,603819,2021-12-13,akshare:index_component_sw,2026-09-24T15:32:17.661686+00:00
801730,电力设备,603829,2021-12-13,akshare:index_component_sw,2026-09-24T15:32:17.661686+00:00
801730,电力设备,603861,2021-12-13,akshare:index_component_sw,2026-09-24T15:32:17.661686+00:00
801730,电力设备,603897,2021-12-13,akshare:index_component_sw,2026-09-24T15:32:17.661686+00:00
801730,电力设备,603988,2021-12-13,akshare:index_component_sw,2026-09-24T15:32:17.661686+00:00
801730,电力设备,605066,2021-12-13,akshare:index_component_sw,2026-09-24T15:32:17.661686+00:00
801730,电力设备,605196,2021-12-13,akshare:index_component_sw,2026-09-24T15:32:17.661686+00:00
801730,电力设备,605222,2021-12-13,akshare:index_component_sw,2026-09-24T15:32:17.661686+00:00
801730,电力设备,605378,2021-12-13,akshare:index_component_sw,2026-09-24T15:32:17.661686+00:00
801730,电力设备,688005,2021-12-13,akshare:index_component_sw,2026-09-24T15:32:17.661686+00:00
801730,电力设备,688006,2021-12-13,akshare:index_component_sw,2026-09-24T15:32:17.661686+00:00
801730,电力设备,688063,2021-12-13,akshare:index_component_sw,2026-09-24T15:32:17.661686+00:00
801730,电力设备,688116,2021-12-13,akshare:index_component_sw,2026-09-24T15:32:17.661686+00:00
801730,电力设备,688148,2021-12-13,akshare:index_component_sw,2026-09-24T15:32:17.661686+00:00
801730,电力设备,688155,2021-12-13,akshare:index_component_sw,2026-09-24T15:32:17.661686+00:00
801730,电力设备,688191,2021-12-13,akshare:index_component_sw,2026-09-24T15:32:17.661686+00:00
801730,电力设备,688226,2021-12-13,akshare:index_component_sw,2026-09-24T15:32:17.661686+00:00
801730,电力设备,688248,2021-12-13,akshare:index_component_sw,2026-09-24T15:32:17.661686+00:00
801730,电力设备,688303,2021-12-13,akshare:index_component_sw,2026-09-24T15:32:17.661686+00:00
801730,电力设备,688330,2021-12-13,akshare:index_component_sw,2026-09-24T15:32:17.661686+00:00
801730,电力设备,688339,2021-12-13,akshare:index_component_sw,2026-09-24T15:32:17.661686+00:00
801730,电力设备,688345,2021-12-13,akshare:index_component_sw,2026-09-24T15:32:17.661686+00:00
801730,电力设备,688390,2021-12-13,akshare:index_component_sw,2026-09-24T15:32:17.661686+00:00
801730,电力设备,688408,2021-12-13,akshare:index_component_sw,2026-09-24T15:32:17.661686+00:00
801730,电力设备,688499,2021-12-13,akshare:index_component_sw,2026-09-24T15:32:17.661686+00:00
801730,电力设备,688516,2021-12-13,akshare:index_component_sw,2026-09-24T15:32:17.661686+00:00
801730,电力设备,688517,2021-12-13,akshare:index_component_sw,2026-09-24T15:32:17.661686+00:00
801730,电力设备,688551,2021-12-13,akshare:index_component_sw,2026-09-24T15:32:17.661686+00:00
801730,电力设备,688556,2021-12-13,akshare:index_component_sw,2026-09-24T15:32:17.661686+00:00
801730,电力设备,688560,2021-12-13,akshare:index_component_sw,2026-09-24T15:32:17.661686+00:00
801730,电力设备,688567,2021-12-13,akshare:index_component_sw,2026-09-24T15:32:17.661686+00:00
801730,电力设备,688597,2021-12-13,akshare:index_component_sw,2026-09-24T15:32:17.661686+00:00
801730,电力设备,688599,2021-12-13,akshare:index_component_sw,2026-09-24T15:32:17.661686+00:00
801730,电力设备,688611,2021-12-13,akshare:index_component_sw,2026-09-24T15:32:17.661686+00:00
801730,电力设备,688616,2021-12-13,akshare:index_component_sw,2026-09-24T15:32:17.661686+00:00
801730,电力设备,688660,2021-12-13,akshare:index_component_sw,2026-09-24T15:32:17.661686+00:00
801730,电力设备,688676,2021-12-13,akshare:index_component_sw,2026-09-24T15:32:17.661686+00:00
801730,电力设备,688680,2021-12-13,akshare:index_component_sw,2026-09-24T15:32:17.661686+00:00
801730,电力设备,688681,2021-12-13,akshare:index_component_sw,2026-09-24T15:32:17.661686+00:00
801730,电力设备,688707,2021-12-13,akshare:index_component_sw,2026-09-24T15:32:17.661686+00:00
801730,电力设备,688733,2021-12-13,akshare:index_component_sw,2026-09-24T15:32:17.661686+00:00
801730,电力设备,688772,2021-12-13,akshare:index_component_sw,2026-09-24T15:32:17.661686+00:00
801730,电力设备,688778,2021-12-13,akshare:index_component_sw,2026-09-24T15:32:17.661686+00:00
801730,电力设备,688779,2021-12-13,akshare:index_component_sw,2026-09-24T15:32:17.661686+00:00
801730,电力设备,688819,2021-12-13,akshare:index_component_sw,2026-09-24T15:32:17.661686+00:00
801730,电力设备,688032,2021-12-20,akshare:index_component_sw,2026-09-24T15:32:17.661686+00:00
801730,电力设备,688223,2022-01-26,akshare:index_component_sw,2026-09-24T15:32:17.661686+00:00
801730,电力设备,301222,2022-03-09,akshare:index_component_sw,2026-09-24T15:32:17.661686+00:00
801730,电力设备,603070,2022-03-10,akshare:index_component_sw,2026-09-24T15:32:17.661686+00:00
801730,电力设备,301226,2022-03-25,akshare:index_component_sw,2026-09-24T15:32:17.661686+00:00
801730,电力设备,301120,2022-04-19,akshare:index_component_sw,2026-09-24T15:32:17.661686+00:00
801730,电力设备,603191,2022-04-28,akshare:index_component_sw,2026-09-24T15:32:17.661686+00:00
801730,电力设备,603097,2022-05-12,akshare:index_component_sw,2026-09-24T15:32:17.661686+00:00
801730,电力设备,301266,2022-06-08,akshare:index_component_sw,2026-09-24T15:32:17.661686+00:00
801730,电力设备,688348,2022-06-08,akshare:index_component_sw,2026-09-24T15:32:17.661686+00:00
801730,电力设备,301238,2022-06-17,akshare:index_component_sw,2026-09-24T15:32:17.661686+00:00
801730,电力设备,688349,2022-06-22,akshare:index_component_sw,2026-09-24T15:32:17.661686+00:00
801730,电力设备,688353,2022-07-13,akshare:index_component_sw,2026-09-24T15:32:17.661686+00:00
801730,电力设备,000720,2022-08-01,akshare:index_component_sw,2026-09-24T15:32:17.661686+00:00
801730,电力设备,000821,2022-08-01,akshare:index_component_sw,2026-09-24T15:32:17.661686+00:00
801730,电力设备,002125,2022-08-01,akshare:index_component_sw,2026-09-24T15:32:17.661686+00:00
801730,电力设备,002227,2022-08-01,akshare:index_component_sw,2026-09-24T15:32:17.661686+00:00
801730,电力设备,002309,2022-08-01,akshare:index_component_sw,2026-09-24T15:32:17.661686+00:00
801730,电力设备,002346,2022-08-01,akshare:index_component_sw,2026-09-24T15:32:17.661686+00:00
801730,电力设备,002805,2022-08-01,akshare:index_component_sw,2026-09-24T15:32:17.661686+00:00
801730,电力设备,002865,2022-08-01,akshare:index_component_sw,2026-09-24T15:32:17.661686+00:00
801730,电力设备,300173,2022-08-01,akshare:index_component_sw,2026-09-24T15:32:17.661686+00:00
801730,电力设备,300410,2022-08-01,akshare:index_component_sw,2026-09-24T15:32:17.661686+00:00
801730,电力设备,300853,2022-08-01,akshare:index_component_sw,2026-09-24T15:32:17.661686+00:00
801730,电力设备,300953,2022-08-01,akshare:index_component_sw,2026-09-24T15:32:17.661686+00:00
801730,电力设备,301150,2022-08-01,akshare:index_component_sw,2026-09-24T15:32:17.661686+00:00
801730,电力设备,301163,2022-08-01,akshare:index_component_sw,2026-09-24T15:32:17.661686+00:00
801730,电力设备,600110,2022-08-01,akshare:index_component_sw,2026-09-24T15:32:17.661686+00:00
801730,电力设备,600241,2022-08-01,akshare:index_component_sw,2026-09-24T15:32:17.661686+00:00
801730,电力设备,600482,2022-08-01,akshare:index_component_sw,2026-09-24T15:32:17.661686+00:00
801730,电力设备,601012,2022-08-01,akshare:index_component_sw,2026-09-24T15:32:17.661686+00:00
801730,电力设备,601567,2022-08-01,akshare:index_component_sw,2026-09-24T15:32:17.661686+00:00
801730,电力设备,603985,2022-08-01,akshare:index_component_sw,2026-09-24T15:32:17.661686+00:00
801730,电力设备,688388,2022-08-01,akshare:index_component_sw,2026-09-24T15:32:17.661686+00:00
801730,电力设备,688663,2022-08-01,akshare:index_component_sw,2026-09-24T15:32:17.661686+00:00
801730,电力设备,301121,2022-08-08,akshare:index_component_sw,2026-09-24T15:32:17.661686+00:00
801730,电力设备,301152,2022-08-29,akshare:index_component_sw,2026-09-24T15:32:17.661686+00:00
801730,电力设备,001283,2022-09-05,akshare:index_component_sw,2026-09-24T15:32:17.661686+00:00
801730,电力设备,301349,2022-09-09,akshare:index_component_sw,2026-09-24T15:32:17.661686+00:00
801730,电力设备,301327,2022-09-19,akshare:index_component_sw,2026-09-24T15:32:17.661686+00:00
801730,电力设备,688392,2022-09-27,akshare:index_component_sw,2026-09-24T15:32:17.661686+00:00
801730,电力设备,688275,2022-09-29,akshare:index_component_sw,2026-09-24T15:32:17.661686+00:00
801730,电力设备,001269,2022-09-30,akshare:index_component_sw,2026-09-24T15:32:17.661686+00:00
801730,电力设备,301388,2022-11-09,akshare:index_component_sw,2026-09-24T15:32:17.661686+00:00
801730,电力设备,301361,2022-11-16,akshare:index_component_sw,2026-09-24T15:32:17.661686+00:00
801730,电力设备,688147,2022-12-23,akshare:index_component_sw,2026-09-24T15:32:17.661686+00:00
801730,电力设备,001301,2022-12-28,akshare:index_component_sw,2026-09-24T15:32:17.661686+00:00
801730,电力设备,301358,2023-02-09,akshare:index_component_sw,2026-09-24T15:32:17.661686+00:00
801730,电力设备,301157,2023-03-13,akshare:index_component_sw,2026-09-24T15:32:17.661686+00:00
801730,电力设备,301439,2023-03-17,akshare:index_component_sw,2026-09-24T15:32:17.661686+00:00
801730,电力设备,301386,2023-03-28,akshare:index_component_sw,2026-09-24T15:32:17.661686+00:00
801730,电力设备,301325,2023-05-12,akshare:index_component_sw,2026-09-24T15:32:17.661686+00:00
801730,电力设备,688472,2023-06-09,akshare:index_component_sw,2026-09-24T15:32:17.661686+00:00
801730,电力设备,301232,2023-06-15,akshare:index_component_sw,2026-09-24T15:32:17.661686+00:00
801730,电力设备,301295,2023-06-28,akshare:index_component_sw,2026-09-24T15:32:17.661686+00:00
801730,电力设备,688429,2023-06-29,akshare:index_component_sw,2026-09-24T15:32:17.661686+00:00
801730,电力设备,301210,2023-06-30,akshare:index_component_sw,2026-09-24T15:32:17.661686+00:00
801730,电力设备,301291,2023-06-30,akshare:index_component_sw,2026-09-24T15:32:17.661686+00:00
801730,电力设备,002056,2023-07-06,akshare:index_component_sw,2026-09-24T15:32:17.661686+00:00
801730,电力设备,002168,2023-07-06,akshare:index_component_sw,2026-09-24T15:32:17.661686+00:00
801730,电力设备,300080,2023-07-06,akshare:index_component_sw,2026-09-24T15:32:17.661686+00:00
801730,电力设备,300432,2023-07-06,akshare:index_component_sw,2026-09-24T15:32:17.661686+00:00
801730,电力设备,300477,2023-07-06,akshare:index_component_sw,2026-09-24T15:32:17.661686+00:00
801730,电力设备,300490,2023-07-06,akshare:index_component_sw,2026-09-24T15:32:17.661686+00:00
801730,电力设备,301217,2023-07-06,akshare:index_component_sw,2026-09-24T15:32:17.661686+00:00
801730,电力设备,600212,2023-07-06,akshare:index_component_sw,2026-09-24T15:32:17.661686+00:00
801730,电力设备,600481,2023-07-06,akshare:index_component_sw,2026-09-24T15:32:17.661686+00:00
801730,电力设备,603031,2023-07-06,akshare:index_component_sw,2026-09-24T15:32:17.661686+00:00
801730,电力设备,603185,2023-07-06,akshare:index_component_sw,2026-09-24T15:32:17.661686+00:00
801730,电力设备,603398,2023-07-06,akshare:index_component_sw,2026-09-24T15:32:17.661686+00:00
801730,电力设备,605117,2023-07-06,akshare:index_component_sw,2026-09-24T15:32:17.661686+00:00
801730,电力设备,688184,2023-07-06,akshare:index_component_sw,2026-09-24T15:32:17.661686+00:00
801730,电力设备,688503,2023-07-06,akshare:index_component_sw,2026-09-24T15:32:17.661686+00:00
801730,电力设备,301292,2023-07-07,akshare:index_component_sw,2026-09-24T15:32:17.661686+00:00
801730,电力设备,688638,2023-07-12,akshare:index_component_sw,2026-09-24T15:32:17.661686+00:00
801730,电力设备,301456,2023-07-14,akshare:index_component_sw,2026-09-24T15:32:17.661686+00:00
801730,电力设备,300904,2023-08-09,akshare:index_component_sw,2026-09-24T15:32:17.661686+00:00
801730,电力设备,301487,2023-08-09,akshare:index_component_sw,2026-09-24T15:32:17.661686+00:00
801730,电力设备,301511,2023-08-17,akshare:index_component_sw,2026-09-24T15:32:17.661686+00:00
801730,电力设备,688573,2023-08-17,akshare:index_component_sw,2026-09-24T15:32:17.661686+00:00
801730,电力设备,300390,2023-09-19,akshare:index_component_sw,2026-09-24T15:32:17.661686+00:00
801730,电力设备,603906,2023-09-19,akshare:index_component_sw,2026-09-24T15:32:17.661686+00:00
801730,电力设备,603032,2023-09-21,akshare:index_component_sw,2026-09-24T15:32:17.661686+00:00
801730,电力设备,688719,2023-09-28,akshare:index_component_sw,2026-09-24T15:32:17.661686+00:00
801730,电力设备,301516,2023-12-08,akshare:index_component_sw,2026-09-24T15:32:17.661686+00:00
801730,电力设备,688717,2024-01-03,akshare:index_component_sw,2026-09-24T15:32:17.661686+00:00
801730,电力设备,603312,2024-01-11,akshare:index_component_sw,2026-09-24T15:32:17.661686+00:00
801730,电力设备,301502,2024-02-02,akshare:index_component_sw,2026-09-24T15:32:17.661686+00:00
801730,电力设备,603344,2024-03-20,akshare:index_component_sw,2026-09-24T15:32:17.661686+00:00
801730,电力设备,301587,2024-04-08,akshare:index_component_sw,2026-09-24T15:32:17.661686+00:00
801730,电力设备,300051,2024-04-09,akshare:index_component_sw,2026-09-24T15:32:17.661686+00:00
801730,电力设备,603381,2024-06-26,akshare:index_component_sw,2026-09-24T15:32:17.661686+00:00
801730,电力设备,603350,2024-07-03,akshare:index_component_sw,2026-09-24T15:32:17.661686+00:00
801730,电力设备,000159,2024-07-31,akshare:index_component_sw,2026-09-24T15:32:17.661686+00:00
801730,电力设备,000695,2024-07-31,akshare:index_component_sw,2026-09-24T15:32:17.661686+00:00
801730,电力设备,002176,2024-07-31,akshare:index_component_sw,2026-09-24T15:32:17.661686+00:00
801730,电力设备,300093,2024-07-31,akshare:index_component_sw,2026-09-24T15:32:17.661686+00:00
801730,电力设备,300345,2024-07-31,akshare:index_component_sw,2026-09-24T15:32:17.661686+00:00
801730,电力设备,300617,2024-07-31,akshare:index_component_sw,2026-09-24T15:32:17.661686+00:00
801730,电力设备,301168,2024-07-31,akshare:index_component_sw,2026-09-24T15:32:17.661686+00:00
801730,电力设备,301278,2024-07-31,akshare:index_component_sw,2026-09-24T15:32:17.661686+00:00
801730,电力设备,600072,2024-07-31,akshare:index_component_sw,2026-09-24T15:32:17.661686+00:00
801730,电力设备,600416,2024-07-31,akshare:index_component_sw,2026-09-24T15:32:17.661686+00:00
801730,电力设备,600067,2024-08-09,akshare:index_component_sw,2026-09-24T15:32:17.661686+00:00
801730,电力设备,688726,2024-10-29,akshare:index_component_sw,2026-09-24T15:32:17.661686+00:00
801730,电力设备,688411,2025-01-27,akshare:index_component_sw,2026-09-24T15:32:17.661686+00:00
801730,电力设备,301557,2025-03-04,akshare:index_component_sw,2026-09-24T15:32:17.661686+00:00
801730,电力设备,001382,2025-03-21,akshare:index_component_sw,2026-09-24T15:32:17.661686+00:00
801730,电力设备,301658,2025-04-02,akshare:index_component_sw,2026-09-24T15:32:17.661686+00:00
801730,电力设备,301662,2025-04-17,akshare:index_component_sw,2026-09-24T15:32:17.661686+00:00
801730,电力设备,688186,2025-05-13,akshare:index_component_sw,2026-09-24T15:32:17.661686+00:00
801730,电力设备,301636,2025-05-16,akshare:index_component_sw,2026-09-24T15:32:17.661686+00:00
801730,电力设备,301590,2025-06-05,akshare:index_component_sw,2026-09-24T15:32:17.661686+00:00
801730,电力设备,001388,2025-07-01,akshare:index_component_sw,2026-09-24T15:32:17.661686+00:00
801730,电力设备,301609,2025-07-23,akshare:index_component_sw,2026-09-24T15:32:17.661686+00:00
801730,电力设备,002951,2025-08-13,akshare:index_component_sw,2026-09-24T15:32:17.661686+00:00
801730,电力设备,300716,2025-08-13,akshare:index_component_sw,2026-09-24T15:32:17.661686+00:00
801730,电力设备,603370,2025-09-05,akshare:index_component_sw,2026-09-24T15:32:17.661686+00:00
801730,电力设备,301668,2025-09-26,akshare:index_component_sw,2026-09-24T15:32:17.661686+00:00
801730,电力设备,603092,2025-11-07,akshare:index_component_sw,2026-09-24T15:32:17.661686+00:00
801730,电力设备,603248,2025-12-23,akshare:index_component_sw,2026-09-24T15:32:17.661686+00:00
801730,电力设备,301696,2026-04-10,akshare:index_component_sw,2026-09-24T15:32:17.661686+00:00
801730,电力设备,301513,2026-04-17,akshare:index_component_sw,2026-09-24T15:32:17.661686+00:00
801730,电力设备,301599,2026-04-30,akshare:index_component_sw,2026-09-24T15:32:17.661686+00:00
801730,电力设备,001393,2026-05-15,akshare:index_component_sw,2026-09-24T15:32:17.661686+00:00
801730,电力设备,301669,2026-06-09,akshare:index_component_sw,2026-09-24T15:32:17.661686+00:00
801730,电力设备,000809,2026-07-02,akshare:index_component_sw,2026-09-24T15:32:17.661686+00:00
801730,电力设备,002052,2026-07-02,akshare:index_component_sw,2026-09-24T15:32:17.661686+00:00
801730,电力设备,002058,2026-07-02,akshare:index_component_sw,2026-09-24T15:32:17.661686+00:00
801730,电力设备,002079,2026-07-02,akshare:index_component_sw,2026-09-24T15:32:17.661686+00:00
801730,电力设备,002150,2026-07-02,akshare:index_component_sw,2026-09-24T15:32:17.661686+00:00
801730,电力设备,300530,2026-07-02,akshare:index_component_sw,2026-09-24T15:32:17.661686+00:00
801730,电力设备,301030,2026-07-02,akshare:index_component_sw,2026-09-24T15:32:17.661686+00:00
801730,电力设备,600590,2026-07-02,akshare:index_component_sw,2026-09-24T15:32:17.661686+00:00
801730,电力设备,601222,2026-07-02,akshare:index_component_sw,2026-09-24T15:32:17.661686+00:00
801730,电力设备,603778,2026-07-02,akshare:index_component_sw,2026-09-24T15:32:17.661686+00:00
801730,电力设备,688450,2026-07-02,akshare:index_component_sw,2026-09-24T15:32:17.661686+00:00
801730,电力设备,301697,2026-09-01,akshare:index_component_sw,2026-09-24T15:32:17.661686+00:00
801730,电力设备,301699,2026-09-09,akshare:index_component_sw,2026-09-24T15:32:17.661686+00:00
801730,电力设备,000009,2021-12-13,akshare:index_component_sw,2026-09-24T15:32:17.661686+00:00
801890,机械设备,000039,2021-12-13,akshare:index_component_sw,2026-09-24T15:32:17.824822+00:00
801890,机械设备,000157,2021-12-13,akshare:index_component_sw,2026-09-24T15:32:17.824822+00:00
801890,机械设备,000410,2021-12-13,akshare:index_component_sw,2026-09-24T15:32:17.824822+00:00
801890,机械设备,000425,2021-12-13,akshare:index_component_sw,2026-09-24T15:32:17.824822+00:00
801890,机械设备,000528,2021-12-13,akshare:index_component_sw,2026-09-24T15:32:17.824822+00:00
801890,机械设备,000530,2021-12-13,akshare:index_component_sw,2026-09-24T15:32:17.824822+00:00
801890,机械设备,000680,2021-12-13,akshare:index_component_sw,2026-09-24T15:32:17.824822+00:00
801890,机械设备,000777,2021-12-13,akshare:index_component_sw,2026-09-24T15:32:17.824822+00:00
801890,机械设备,000811,2021-12-13,akshare:index_component_sw,2026-09-24T15:32:17.824822+00:00
801890,机械设备,000837,2021-12-13,akshare:index_component_sw,2026-09-24T15:32:17.824822+00:00
801890,机械设备,000852,2021-12-13,akshare:index_component_sw,2026-09-24T15:32:17.824822+00:00
801890,机械设备,000856,2021-12-13,akshare:index_component_sw,2026-09-24T15:32:17.824822+00:00
801890,机械设备,000925,2021-12-13,akshare:index_component_sw,2026-09-24T15:32:17.824822+00:00
801890,机械设备,000988,2021-12-13,akshare:index_component_sw,2026-09-24T15:32:17.824822+00:00
801890,机械设备,001288,2021-12-13,akshare:index_component_sw,2026-09-24T15:32:17.824822+00:00
801890,机械设备,001696,2021-12-13,akshare:index_component_sw,2026-09-24T15:32:17.824822+00:00
801890,机械设备,002006,2021-12-13,akshare:index_component_sw,2026-09-24T15:32:17.824822+00:00
801890,机械设备,002008,2021-12-13,akshare:index_component_sw,2026-09-24T15:32:17.824822+00:00
801890,机械设备,002009,2021-12-13,akshare:index_component_sw,2026-09-24T15:32:17.824822+00:00
801890,机械设备,002021,2021-12-13,akshare:index_component_sw,2026-09-24T15:32:17.824822+00:00
801890,机械设备,002026,2021-12-13,akshare:index_component_sw,2026-09-24T15:32:17.824822+00:00
801890,机械设备,002031,2021-12-13,akshare:index_component_sw,2026-09-24T15:32:17.824822+00:00
801890,机械设备,002073,2021-12-13,akshare:index_component_sw,2026-09-24T15:32:17.824822+00:00
801890,机械设备,002097,2021-12-13,akshare:index_component_sw,2026-09-24T15:32:17.824822+00:00
801890,机械设备,002132,2021-12-13,akshare:index_component_sw,2026-09-24T15:32:17.824822+00:00
801890,机械设备,002158,2021-12-13,akshare:index_component_sw,2026-09-24T15:32:17.824822+00:00
801890,机械设备,002164,2021-12-13,akshare:index_component_sw,2026-09-24T15:32:17.824822+00:00
801890,机械设备,002184,2021-12-13,akshare:index_component_sw,2026-09-24T15:32:17.824822+00:00
801890,机械设备,002204,2021-12-13,akshare:index_component_sw,2026-09-24T15:32:17.824822+00:00
801890,机械设备,002209,2021-12-13,akshare:index_component_sw,2026-09-24T15:32:17.824822+00:00
801890,机械设备,002248,2021-12-13,akshare:index_component_sw,2026-09-24T15:32:17.824822+00:00
801890,机械设备,002278,2021-12-13,akshare:index_component_sw,2026-09-24T15:32:17.824822+00:00
801890,机械设备,002282,2021-12-13,akshare:index_component_sw,2026-09-24T15:32:17.824822+00:00
801890,机械设备,002334,2021-12-13,akshare:index_component_sw,2026-09-24T15:32:17.824822+00:00
801890,机械设备,002337,2021-12-13,akshare:index_component_sw,2026-09-24T15:32:17.824822+00:00
801890,机械设备,002342,2021-12-13,akshare:index_component_sw,2026-09-24T15:32:17.824822+00:00
801890,机械设备,002347,2021-12-13,akshare:index_component_sw,2026-09-24T15:32:17.824822+00:00
801890,机械设备,002353,2021-12-13,akshare:index_component_sw,2026-09-24T15:32:17.824822+00:00
801890,机械设备,002367,2021-12-13,akshare:index_component_sw,2026-09-24T15:32:17.824822+00:00
801890,机械设备,002438,2021-12-13,akshare:index_component_sw,2026-09-24T15:32:17.824822+00:00
801890,机械设备,002444,2021-12-13,akshare:index_component_sw,2026-09-24T15:32:17.824822+00:00
801890,机械设备,002483,2021-12-13,akshare:index_component_sw,2026-09-24T15:32:17.824822+00:00
801890,机械设备,002490,2021-12-13,akshare:index_component_sw,2026-09-24T15:32:17.824822+00:00
801890,机械设备,002514,2021-12-13,akshare:index_component_sw,2026-09-24T15:32:17.824822+00:00
801890,机械设备,002520,2021-12-13,akshare:index_component_sw,2026-09-24T15:32:17.824822+00:00
801890,机械设备,002523,2021-12-13,akshare:index_component_sw,2026-09-24T15:32:17.824822+00:00
801890,机械设备,002526,2021-12-13,akshare:index_component_sw,2026-09-24T15:32:17.824822+00:00
801890,机械设备,002529,2021-12-13,akshare:index_component_sw,2026-09-24T15:32:17.824822+00:00
801890,机械设备,002535,2021-12-13,akshare:index_component_sw,2026-09-24T15:32:17.824822+00:00
801890,机械设备,002559,2021-12-13,akshare:index_component_sw,2026-09-24T15:32:17.824822+00:00
801890,机械设备,002595,2021-12-13,akshare:index_component_sw,2026-09-24T15:32:17.824822+00:00
801890,机械设备,002598,2021-12-13,akshare:index_component_sw,2026-09-24T15:32:17.824822+00:00
801890,机械设备,002611,2021-12-13,akshare:index_component_sw,2026-09-24T15:32:17.824822+00:00
801890,机械设备,002633,2021-12-13,akshare:index_component_sw,2026-09-24T15:32:17.824822+00:00
801890,机械设备,002639,2021-12-13,akshare:index_component_sw,2026-09-24T15:32:17.824822+00:00
801890,机械设备,002667,2021-12-13,akshare:index_component_sw,2026-09-24T15:32:17.824822+00:00
801890,机械设备,002686,2021-12-13,akshare:index_component_sw,2026-09-24T15:32:17.824822+00:00
801890,机械设备,002689,2021-12-13,akshare:index_component_sw,2026-09-24T15:32:17.824822+00:00
801890,机械设备,002690,2021-12-13,akshare:index_component_sw,2026-09-24T15:32:17.824822+00:00
801890,机械设备,002691,2021-12-13,akshare:index_component_sw,2026-09-24T15:32:17.824822+00:00
801890,机械设备,002698,2021-12-13,akshare:index_component_sw,2026-09-24T15:32:17.824822+00:00
801890,机械设备,002730,2021-12-13,akshare:index_component_sw,2026-09-24T15:32:17.824822+00:00
801890,机械设备,002747,2021-12-13,akshare:index_component_sw,2026-09-24T15:32:17.824822+00:00
801890,机械设备,002757,2021-12-13,akshare:index_component_sw,2026-09-24T15:32:17.824822+00:00
801890,机械设备,002760,2021-12-13,akshare:index_component_sw,2026-09-24T15:32:17.824822+00:00
801890,机械设备,002767,2021-12-13,akshare:index_component_sw,2026-09-24T15:32:17.824822+00:00
801890,机械设备,002774,2021-12-13,akshare:index_component_sw,2026-09-24T15:32:17.824822+00:00
801890,机械设备,002779,2021-12-13,akshare:index_component_sw,2026-09-24T15:32:17.824822+00:00
801890,机械设备,002786,2021-12-13,akshare:index_component_sw,2026-09-24T15:32:17.824822+00:00
801890,机械设备,002795,2021-12-13,akshare:index_component_sw,2026-09-24T15:32:17.824822+00:00
801890,机械设备,002816,2021-12-13,akshare:index_component_sw,2026-09-24T15:32:17.824822+00:00
801890,机械设备,002819,2021-12-13,akshare:index_component_sw,2026-09-24T15:32:17.824822+00:00
801890,机械设备,002833,2021-12-13,akshare:index_component_sw,2026-09-24T15:32:17.824822+00:00
801890,机械设备,002837,2021-12-13,akshare:index_component_sw,2026-09-24T15:32:17.824822+00:00
801890,机械设备,002843,2021-12-13,akshare:index_component_sw,2026-09-24T15:32:17.824822+00:00
801890,机械设备,002849,2021-12-13,akshare:index_component_sw,2026-09-24T15:32:17.824822+00:00
801890,机械设备,002871,2021-12-13,akshare:index_component_sw,2026-09-24T15:32:17.824822+00:00
801890,机械设备,002877,2021-12-13,akshare:index_component_sw,2026-09-24T15:32:17.824822+00:00
801890,机械设备,002884,2021-12-13,akshare:index_component_sw,2026-09-24T15:32:17.824822+00:00
801890,机械设备,002890,2021-12-13,akshare:index_component_sw,2026-09-24T15:32:17.824822+00:00
801890,机械设备,002896,2021-12-13,akshare:index_component_sw,2026-09-24T15:32:17.824822+00:00
801890,机械设备,002903,2021-12-13,akshare:index_component_sw,2026-09-24T15:32:17.824822+00:00
801890,机械设备,002931,2021-12-13,akshare:index_component_sw,2026-09-24T15:32:17.824822+00:00
801890,机械设备,002943,2021-12-13,akshare:index_component_sw,2026-09-24T15:32:17.824822+00:00
801890,机械设备,002957,2021-12-13,akshare:index_component_sw,2026-09-24T15:32:17.824822+00:00
801890,机械设备,002960,2021-12-13,akshare:index_component_sw,2026-09-24T15:32:17.824822+00:00
801890,机械设备,002972,2021-12-13,akshare:index_component_sw,2026-09-24T15:32:17.824822+00:00
801890,机械设备,002975,2021-12-13,akshare:index_component_sw,2026-09-24T15:32:17.824822+00:00
801890,机械设备,002979,2021-12-13,akshare:index_component_sw,2026-09-24T15:32:17.824822+00:00
801890,机械设备,003025,2021-12-13,akshare:index_component_sw,2026-09-24T15:32:17.824822+00:00
801890,机械设备,003036,2021-12-13,akshare:index_component_sw,2026-09-24T15:32:17.824822+00:00
801890,机械设备,300004,2021-12-13,akshare:index_component_sw,2026-09-24T15:32:17.824822+00:00
801890,机械设备,300007,2021-12-13,akshare:index_component_sw,2026-09-24T15:32:17.824822+00:00
801890,机械设备,300011,2021-12-13,akshare:index_component_sw,2026-09-24T15:32:17.824822+00:00
801890,机械设备,300024,2021-12-13,akshare:index_component_sw,2026-09-24T15:32:17.824822+00:00
801890,机械设备,300048,2021-12-13,akshare:index_component_sw,2026-09-24T15:32:17.824822+00:00
801890,机械设备,300066,2021-12-13,akshare:index_component_sw,2026-09-24T15:32:17.824822+00:00
801890,机械设备,300083,2021-12-13,akshare:index_component_sw,2026-09-24T15:32:17.824822+00:00
801890,机械设备,300084,2021-12-13,akshare:index_component_sw,2026-09-24T15:32:17.824822+00:00
801890,机械设备,300091,2021-12-13,akshare:index_component_sw,2026-09-24T15:32:17.824822+00:00
801890,机械设备,300097,2021-12-13,akshare:index_component_sw,2026-09-24T15:32:17.824822+00:00
801890,机械设备,300099,2021-12-13,akshare:index_component_sw,2026-09-24T15:32:17.824822+00:00
801890,机械设备,300103,2021-12-13,akshare:index_component_sw,2026-09-24T15:32:17.824822+00:00
801890,机械设备,300112,2021-12-13,akshare:index_component_sw,2026-09-24T15:32:17.824822+00:00
801890,机械设备,300124,2021-12-13,akshare:index_component_sw,2026-09-24T15:32:17.824822+00:00
801890,机械设备,300126,2021-12-13,akshare:index_component_sw,2026-09-24T15:32:17.824822+00:00
801890,机械设备,300145,2021-12-13,akshare:index_component_sw,2026-09-24T15:32:17.824822+00:00
801890,机械设备,300151,2021-12-13,akshare:index_component_sw,2026-09-24T15:32:17.824822+00:00
801890,机械设备,300154,2021-12-13,akshare:index_component_sw,2026-09-24T15:32:17.824822+00:00
801890,机械设备,300161,2021-12-13,akshare:index_component_sw,2026-09-24T15:32:17.824822+00:00
801890,机械设备,300165,2021-12-13,akshare:index_component_sw,2026-09-24T15:32:17.824822+00:00
801890,机械设备,300179,2021-12-13,akshare:index_component_sw,2026-09-24T15:32:17.824822+00:00
801890,机械设备,300193,2021-12-13,akshare:index_component_sw,2026-09-24T15:32:17.824822+00:00
801890,机械设备,300195,2021-12-13,akshare:index_component_sw,2026-09-24T15:32:17.824822+00:00
801890,机械设备,300201,2021-12-13,akshare:index_component_sw,2026-09-24T15:32:17.824822+00:00
801890,机械设备,300227,2021-12-13,akshare:index_component_sw,2026-09-24T15:32:17.824822+00:00
801890,机械设备,300228,2021-12-13,akshare:index_component_sw,2026-09-24T15:32:17.824822+00:00
801890,机械设备,300257,2021-12-13,akshare:index_component_sw,2026-09-24T15:32:17.824822+00:00
801890,机械设备,300259,2021-12-13,akshare:index_component_sw,2026-09-24T15:32:17.824822+00:00
801890,机械设备,300260,2021-12-13,akshare:index_component_sw,2026-09-24T15:32:17.824822+00:00
801890,机械设备,300263,2021-12-13,akshare:index_component_sw,2026-09-24T15:32:17.824822+00:00
801890,机械设备,300276,2021-12-13,akshare:index_component_sw,2026-09-24T15:32:17.824822+00:00
801890,机械设备,300278,2021-12-13,akshare:index_component_sw,2026-09-24T15:32:17.824822+00:00
801890,机械设备,300281,2021-12-13,akshare:index_component_sw,2026-09-24T15:32:17.824822+00:00
801890,机械设备,300293,2021-12-13,akshare:index_component_sw,2026-09-24T15:32:17.824822+00:00
801890,机械设备,300306,2021-12-13,akshare:index_component_sw,2026-09-24T15:32:17.824822+00:00
801890,机械设备,300307,2021-12-13,akshare:index_component_sw,2026-09-24T15:32:17.824822+00:00
801890,机械设备,300349,2021-12-13,akshare:index_component_sw,2026-09-24T15:32:17.824822+00:00
801890,机械设备,300351,2021-12-13,akshare:index_component_sw,2026-09-24T15:32:17.824822+00:00
801890,机械设备,300354,2021-12-13,akshare:index_component_sw,2026-09-24T15:32:17.824822+00:00
801890,机械设备,300370,2021-12-13,akshare:index_component_sw,2026-09-24T15:32:17.824822+00:00
801890,机械设备,300371,2021-12-13,akshare:index_component_sw,2026-09-24T15:32:17.824822+00:00
801890,机械设备,300382,2021-12-13,akshare:index_component_sw,2026-09-24T15:32:17.824822+00:00
801890,机械设备,300400,2021-12-13,akshare:index_component_sw,2026-09-24T15:32:17.824822+00:00
801890,机械设备,300402,2021-12-13,akshare:index_component_sw,2026-09-24T15:32:17.824822+00:00
801890,机械设备,300411,2021-12-13,akshare:index_component_sw,2026-09-24T15:32:17.824822+00:00
801890,机械设备,300412,2021-12-13,akshare:index_component_sw,2026-09-24T15:32:17.824822+00:00
801890,机械设备,300415,2021-12-13,akshare:index_component_sw,2026-09-24T15:32:17.824822+00:00
801890,机械设备,300417,2021-12-13,akshare:index_component_sw,2026-09-24T15:32:17.824822+00:00
801890,机械设备,300420,2021-12-13,akshare:index_component_sw,2026-09-24T15:32:17.824822+00:00
801890,机械设备,300421,2021-12-13,akshare:index_component_sw,2026-09-24T15:32:17.824822+00:00
801890,机械设备,300441,2021-12-13,akshare:index_component_sw,2026-09-24T15:32:17.824822+00:00
801890,机械设备,300445,2021-12-13,akshare:index_component_sw,2026-09-24T15:32:17.824822+00:00
801890,机械设备,300461,2021-12-13,akshare:index_component_sw,2026-09-24T15:32:17.824822+00:00
801890,机械设备,300470,2021-12-13,akshare:index_component_sw,2026-09-24T15:32:17.824822+00:00
801890,机械设备,300471,2021-12-13,akshare:index_component_sw,2026-09-24T15:32:17.824822+00:00
801890,机械设备,300472,2021-12-13,akshare:index_component_sw,2026-09-24T15:32:17.824822+00:00
801890,机械设备,300480,2021-12-13,akshare:index_component_sw,2026-09-24T15:32:17.824822+00:00
801890,机械设备,300484,2021-12-13,akshare:index_component_sw,2026-09-24T15:32:17.824822+00:00
801890,机械设备,300486,2021-12-13,akshare:index_component_sw,2026-09-24T15:32:17.824822+00:00
801890,机械设备,300488,2021-12-13,akshare:index_component_sw,2026-09-24T15:32:17.824822+00:00
801890,机械设备,300499,2021-12-13,akshare:index_component_sw,2026-09-24T15:32:17.824822+00:00
801890,机械设备,300503,2021-12-13,akshare:index_component_sw,2026-09-24T15:32:17.824822+00:00
801890,机械设备,300509,2021-12-13,akshare:index_component_sw,2026-09-24T15:32:17.824822+00:00
801890,机械设备,300512,2021-12-13,akshare:index_component_sw,2026-09-24T15:32:17.824822+00:00
801890,机械设备,300515,2021-12-13,akshare:index_component_sw,2026-09-24T15:32:17.824822+00:00
801890,机械设备,300521,2021-12-13,akshare:index_component_sw,2026-09-24T15:32:17.824822+00:00
801890,机械设备,300540,2021-12-13,akshare:index_component_sw,2026-09-24T15:32:17.824822+00:00
801890,机械设备,300549,2021-12-13,akshare:index_component_sw,2026-09-24T15:32:17.824822+00:00
801890,机械设备,300553,2021-12-13,akshare:index_component_sw,2026-09-24T15:32:17.824822+00:00
801890,机械设备,300554,2021-12-13,akshare:index_component_sw,2026-09-24T15:32:17.824822+00:00
801890,机械设备,300557,2021-12-13,akshare:index_component_sw,2026-09-24T15:32:17.824822+00:00
801890,机械设备,300567,2021-12-13,akshare:index_component_sw,2026-09-24T15:32:17.824822+00:00
801890,机械设备,300594,2021-12-13,akshare:index_component_sw,2026-09-24T15:32:17.824822+00:00
801890,机械设备,300606,2021-12-13,akshare:index_component_sw,2026-09-24T15:32:17.824822+00:00
801890,机械设备,300607,2021-12-13,akshare:index_component_sw,2026-09-24T15:32:17.824822+00:00
801890,机械设备,300667,2021-12-13,akshare:index_component_sw,2026-09-24T15:32:17.824822+00:00
801890,机械设备,300669,2021-12-13,akshare:index_component_sw,2026-09-24T15:32:17.824822+00:00
801890,机械设备,300700,2021-12-13,akshare:index_component_sw,2026-09-24T15:32:17.824822+00:00
801890,机械设备,300720,2021-12-13,akshare:index_component_sw,2026-09-24T15:32:17.824822+00:00
801890,机械设备,300747,2021-12-13,akshare:index_component_sw,2026-09-24T15:32:17.824822+00:00
801890,机械设备,300757,2021-12-13,akshare:index_component_sw,2026-09-24T15:32:17.824822+00:00
801890,机械设备,300780,2021-12-13,akshare:index_component_sw,2026-09-24T15:32:17.824822+00:00
801890,机械设备,300802,2021-12-13,akshare:index_component_sw,2026-09-24T15:32:17.824822+00:00
801890,机械设备,300809,2021-12-13,akshare:index_component_sw,2026-09-24T15:32:17.824822+00:00
801890,机械设备,300813,2021-12-13,akshare:index_component_sw,2026-09-24T15:32:17.824822+00:00
801890,机械设备,300817,2021-12-13,akshare:index_component_sw,2026-09-24T15:32:17.824822+00:00
801890,机械设备,300818,2021-12-13,akshare:index_component_sw,2026-09-24T15:32:17.824822+00:00
801890,机械设备,300823,2021-12-13,akshare:index_component_sw,2026-09-24T15:32:17.824822+00:00
801890,机械设备,300828,2021-12-13,akshare:index_component_sw,2026-09-24T15:32:17.824822+00:00
801890,机械设备,300833,2021-12-13,akshare:index_component_sw,2026-09-24T15:32:17.824822+00:00
801890,机械设备,300836,2021-12-13,akshare:index_component_sw,2026-09-24T15:32:17.824822+00:00
801890,机械设备,300837,2021-12-13,akshare:index_component_sw,2026-09-24T15:32:17.824822+00:00
801890,机械设备,300838,2021-12-13,akshare:index_component_sw,2026-09-24T15:32:17.824822+00:00
801890,机械设备,300851,2021-12-13,akshare:index_component_sw,2026-09-24T15:32:17.824822+00:00
801890,机械设备,300861,2021-12-13,akshare:index_component_sw,2026-09-24T15:32:17.824822+00:00
801890,机械设备,300862,2021-12-13,akshare:index_component_sw,2026-09-24T15:32:17.824822+00:00
801890,机械设备,300865,2021-12-13,akshare:index_component_sw,2026-09-24T15:32:17.824822+00:00
801890,机械设备,300885,2021-12-13,akshare:index_component_sw,2026-09-24T15:32:17.824822+00:00
801890,机械设备,300897,2021-12-13,akshare:index_component_sw,2026-09-24T15:32:17.824822+00:00
801890,机械设备,300902,2021-12-13,akshare:index_component_sw,2026-09-24T15:32:17.824822+00:00
801890,机械设备,300906,2021-12-13,akshare:index_component_sw,2026-09-24T15:32:17.824822+00:00
801890,机械设备,300923,2021-12-13,akshare:index_component_sw,2026-09-24T15:32:17.824822+00:00
801890,机械设备,300931,2021-12-13,akshare:index_component_sw,2026-09-24T15:32:17.824822+00:00
801890,机械设备,300943,2021-12-13,akshare:index_component_sw,2026-09-24T15:32:17.824822+00:00
801890,机械设备,300946,2021-12-13,akshare:index_component_sw,2026-09-24T15:32:17.824822+00:00
801890,机械设备,300950,2021-12-13,akshare:index_component_sw,2026-09-24T15:32:17.824822+00:00
801890,机械设备,300960,2021-12-13,akshare:index_component_sw,2026-09-24T15:32:17.824822+00:00
801890,机械设备,300971,2021-12-13,akshare:index_component_sw,2026-09-24T15:32:17.824822+00:00
801890,机械设备,300984,2021-12-13,akshare:index_component_sw,2026-09-24T15:32:17.824822+00:00
801890,机械设备,300985,2021-12-13,akshare:index_component_sw,2026-09-24T15:32:17.824822+00:00
801890,机械设备,300988,2021-12-13,akshare:index_component_sw,2026-09-24T15:32:17.824822+00:00
801890,机械设备,300990,2021-12-13,akshare:index_component_sw,2026-09-24T15:32:17.824822+00:00
801890,机械设备,300992,2021-12-13,akshare:index_component_sw,2026-09-24T15:32:17.824822+00:00
801890,机械设备,301006,2021-12-13,akshare:index_component_sw,2026-09-24T15:32:17.824822+00:00
801890,机械设备,301013,2021-12-13,akshare:index_component_sw,2026-09-24T15:32:17.824822+00:00
801890,机械设备,301016,2021-12-13,akshare:index_component_sw,2026-09-24T15:32:17.824822+00:00
801890,机械设备,301018,2021-12-13,akshare:index_component_sw,2026-09-24T15:32:17.824822+00:00
801890,机械设备,301021,2021-12-13,akshare:index_component_sw,2026-09-24T15:32:17.824822+00:00
801890,机械设备,301028,2021-12-13,akshare:index_component_sw,2026-09-24T15:32:17.824822+00:00
801890,机械设备,301029,2021-12-13,akshare:index_component_sw,2026-09-24T15:32:17.824822+00:00
801890,机械设备,301032,2021-12-13,akshare:index_component_sw,2026-09-24T15:32:17.824822+00:00
801890,机械设备,301048,2021-12-13,akshare:index_component_sw,2026-09-24T15:32:17.824822+00:00
801890,机械设备,301053,2021-12-13,akshare:index_component_sw,2026-09-24T15:32:17.824822+00:00
801890,机械设备,301056,2021-12-13,akshare:index_component_sw,2026-09-24T15:32:17.824822+00:00
801890,机械设备,301079,2021-12-13,akshare:index_component_sw,2026-09-24T15:32:17.824822+00:00
801890,机械设备,301083,2021-12-13,akshare:index_component_sw,2026-09-24T15:32:17.824822+00:00
801890,机械设备,301128,2021-12-13,akshare:index_component_sw,2026-09-24T15:32:17.824822+00:00
801890,机械设备,301129,2021-12-13,akshare:index_component_sw,2026-09-24T15:32:17.824822+00:00
801890,机械设备,301199,2021-12-13,akshare:index_component_sw,2026-09-24T15:32:17.824822+00:00
801890,机械设备,600031,2021-12-13,akshare:index_component_sw,2026-09-24T15:32:17.824822+00:00
801890,机械设备,600114,2021-12-13,akshare:index_component_sw,2026-09-24T15:32:17.824822+00:00
801890,机械设备,600169,2021-12-13,akshare:index_component_sw,2026-09-24T15:32:17.824822+00:00
801890,机械设备,600172,2021-12-13,akshare:index_component_sw,2026-09-24T15:32:17.824822+00:00
801890,机械设备,600232,2021-12-13,akshare:index_component_sw,2026-09-24T15:32:17.824822+00:00
801890,机械设备,600243,2021-12-13,akshare:index_component_sw,2026-09-24T15:32:17.824822+00:00
801890,机械设备,600262,2021-12-13,akshare:index_component_sw,2026-09-24T15:32:17.824822+00:00
801890,机械设备,600302,2021-12-13,akshare:index_component_sw,2026-09-24T15:32:17.824822+00:00
801890,机械设备,600320,2021-12-13,akshare:index_component_sw,2026-09-24T15:32:17.824822+00:00
801890,机械设备,600444,2021-12-13,akshare:index_component_sw,2026-09-24T15:32:17.824822+00:00
801890,机械设备,600495,2021-12-13,akshare:index_component_sw,2026-09-24T15:32:17.824822+00:00
801890,机械设备,600499,2021-12-13,akshare:index_component_sw,2026-09-24T15:32:17.824822+00:00
801890,机械设备,600501,2021-12-13,akshare:index_component_sw,2026-09-24T15:32:17.824822+00:00
801890,机械设备,600520,2021-12-13,akshare:index_component_sw,2026-09-24T15:32:17.824822+00:00
801890,机械设备,600528,2021-12-13,akshare:index_component_sw,2026-09-24T15:32:17.824822+00:00
801890,机械设备,600545,2021-12-13,akshare:index_component_sw,2026-09-24T15:32:17.824822+00:00
801890,机械设备,600558,2021-12-13,akshare:index_component_sw,2026-09-24T15:32:17.824822+00:00
801890,机械设备,600560,2021-12-13,akshare:index_component_sw,2026-09-24T15:32:17.824822+00:00
801890,机械设备,600579,2021-12-13,akshare:index_component_sw,2026-09-24T15:32:17.824822+00:00
801890,机械设备,600582,2021-12-13,akshare:index_component_sw,2026-09-24T15:32:17.824822+00:00
801890,机械设备,600592,2021-12-13,akshare:index_component_sw,2026-09-24T15:32:17.824822+00:00
801890,机械设备,600761,2021-12-13,akshare:index_component_sw,2026-09-24T15:32:17.824822+00:00
801890,机械设备,600815,2021-12-13,akshare:index_component_sw,2026-09-24T15:32:17.824822+00:00
801890,机械设备,600835,2021-12-13,akshare:index_component_sw,2026-09-24T15:32:17.824822+00:00
801890,机械设备,600843,2021-12-13,akshare:index_component_sw,2026-09-24T15:32:17.824822+00:00
801890,机械设备,600860,2021-12-13,akshare:index_component_sw,2026-09-24T15:32:17.824822+00:00
801890,机械设备,600894,2021-12-13,akshare:index_component_sw,2026-09-24T15:32:17.824822+00:00
801890,机械设备,600984,2021-12-13,akshare:index_component_sw,2026-09-24T15:32:17.824822+00:00
801890,机械设备,600992,2021-12-13,akshare:index_component_sw,2026-09-24T15:32:17.824822+00:00
801890,机械设备,601002,2021-12-13,akshare:index_component_sw,2026-09-24T15:32:17.824822+00:00
801890,机械设备,601038,2021-12-13,akshare:index_component_sw,2026-09-24T15:32:17.824822+00:00
801890,机械设备,601100,2021-12-13,akshare:index_component_sw,2026-09-24T15:32:17.824822+00:00
801890,机械设备,601106,2021-12-13,akshare:index_component_sw,2026-09-24T15:32:17.824822+00:00
801890,机械设备,601177,2021-12-13,akshare:index_component_sw,2026-09-24T15:32:17.824822+00:00
801890,机械设备,601399,2021-12-13,akshare:index_component_sw,2026-09-24T15:32:17.824822+00:00
801890,机械设备,601608,2021-12-13,akshare:index_component_sw,2026-09-24T15:32:17.824822+00:00
801890,机械设备,601717,2021-12-13,akshare:index_component_sw,2026-09-24T15:32:17.824822+00:00
801890,机械设备,601766,2021-12-13,akshare:index_component_sw,2026-09-24T15:32:17.824822+00:00
801890,机械设备,601798,2021-12-13,akshare:index_component_sw,2026-09-24T15:32:17.824822+00:00
801890,机械设备,601882,2021-12-13,akshare:index_component_sw,2026-09-24T15:32:17.824822+00:00
801890,机械设备,603011,2021-12-13,akshare:index_component_sw,2026-09-24T15:32:17.824822+00:00
801890,机械设备,603012,2021-12-13,akshare:index_component_sw,2026-09-24T15:32:17.824822+00:00
801890,机械设备,603015,2021-12-13,akshare:index_component_sw,2026-09-24T15:32:17.824822+00:00
801890,机械设备,603025,2021-12-13,akshare:index_component_sw,2026-09-24T15:32:17.824822+00:00
801890,机械设备,603028,2021-12-13,akshare:index_component_sw,2026-09-24T15:32:17.824822+00:00
801890,机械设备,603036,2021-12-13,akshare:index_component_sw,2026-09-24T15:32:17.824822+00:00
801890,机械设备,603076,2021-12-13,akshare:index_component_sw,2026-09-24T15:32:17.824822+00:00
801890,机械设备,603088,2021-12-13,akshare:index_component_sw,2026-09-24T15:32:17.824822+00:00
801890,机械设备,603090,2021-12-13,akshare:index_component_sw,2026-09-24T15:32:17.824822+00:00
801890,机械设备,603095,2021-12-13,akshare:index_component_sw,2026-09-24T15:32:17.824822+00:00
801890,机械设备,603100,2021-12-13,akshare:index_component_sw,2026-09-24T15:32:17.824822+00:00
801890,机械设备,603111,2021-12-13,akshare:index_component_sw,2026-09-24T15:32:17.824822+00:00
801890,机械设备,603131,2021-12-13,akshare:index_component_sw,2026-09-24T15:32:17.824822+00:00
801890,机械设备,603159,2021-12-13,akshare:index_component_sw,2026-09-24T15:32:17.824822+00:00
801890,机械设备,603169,2021-12-13,akshare:index_component_sw,2026-09-24T15:32:17.824822+00:00
801890,机械设备,603187,2021-12-13,akshare:index_component_sw,2026-09-24T15:32:17.824822+00:00
801890,机械设备,603203,2021-12-13,akshare:index_component_sw,2026-09-24T15:32:17.824822+00:00
801890,机械设备,603269,2021-12-13,akshare:index_component_sw,2026-09-24T15:32:17.824822+00:00
801890,机械设备,603277,2021-12-13,akshare:index_component_sw,2026-09-24T15:32:17.824822+00:00
801890,机械设备,603278,2021-12-13,akshare:index_component_sw,2026-09-24T15:32:17.824822+00:00
801890,机械设备,603283,2021-12-13,akshare:index_component_sw,2026-09-24T15:32:17.824822+00:00
801890,机械设备,603289,2021-12-13,akshare:index_component_sw,2026-09-24T15:32:17.824822+00:00
801890,机械设备,603298,2021-12-13,akshare:index_component_sw,2026-09-24T15:32:17.824822+00:00
801890,机械设备,603308,2021-12-13,akshare:index_component_sw,2026-09-24T15:32:17.824822+00:00
801890,机械设备,603321,2021-12-13,akshare:index_component_sw,2026-09-24T15:32:17.824822+00:00
801890,机械设备,603331,2021-12-13,akshare:index_component_sw,2026-09-24T15:32:17.824822+00:00
801890,机械设备,603337,2021-12-13,akshare:index_component_sw,2026-09-24T15:32:17.824822+00:00
801890,机械设备,603338,2021-12-13,akshare:index_component_sw,2026-09-24T15:32:17.824822+00:00
801890,机械设备,603339,2021-12-13,akshare:index_component_sw,2026-09-24T15:32:17.824822+00:00
801890,机械设备,603356,2021-12-13,akshare:index_component_sw,2026-09-24T15:32:17.824822+00:00
801890,机械设备,603416,2021-12-13,akshare:index_component_sw,2026-09-24T15:32:17.824822+00:00
801890,机械设备,603488,2021-12-13,akshare:index_component_sw,2026-09-24T15:32:17.824822+00:00
801890,机械设备,603500,2021-12-13,akshare:index_component_sw,2026-09-24T15:32:17.824822+00:00
801890,机械设备,603583,2021-12-13,akshare:index_component_sw,2026-09-24T15:32:17.824822+00:00
801890,机械设备,603617,2021-12-13,akshare:index_component_sw,2026-09-24T15:32:17.824822+00:00
801890,机械设备,603638,2021-12-13,akshare:index_component_sw,2026-09-24T15:32:17.824822+00:00
801890,机械设备,603656,2021-12-13,akshare:index_component_sw,2026-09-24T15:32:17.824822+00:00
801890,机械设备,603662,2021-12-13,akshare:index_component_sw,2026-09-24T15:32:17.824822+00:00
801890,机械设备,603666,2021-12-13,akshare:index_component_sw,2026-09-24T15:32:17.824822+00:00
801890,机械设备,603667,2021-12-13,akshare:index_component_sw,2026-09-24T15:32:17.824822+00:00
801890,机械设备,603680,2021-12-13,akshare:index_component_sw,2026-09-24T15:32:17.824822+00:00
801890,机械设备,603698,2021-12-13,akshare:index_component_sw,2026-09-24T15:32:17.824822+00:00
801890,机械设备,603699,2021-12-13,akshare:index_component_sw,2026-09-24T15:32:17.824822+00:00
801890,机械设备,603700,2021-12-13,akshare:index_component_sw,2026-09-24T15:32:17.824822+00:00
801890,机械设备,603757,2021-12-13,akshare:index_component_sw,2026-09-24T15:32:17.824822+00:00
801890,机械设备,603789,2021-12-13,akshare:index_component_sw,2026-09-24T15:32:17.824822+00:00
801890,机械设备,603800,2021-12-13,akshare:index_component_sw,2026-09-24T15:32:17.824822+00:00
801890,机械设备,603855,2021-12-13,akshare:index_component_sw,2026-09-24T15:32:17.824822+00:00
801890,机械设备,603895,2021-12-13,akshare:index_component_sw,2026-09-24T15:32:17.824822+00:00
801890,机械设备,603901,2021-12-13,akshare:index_component_sw,2026-09-24T15:32:17.824822+00:00
801890,机械设备,603912,2021-12-13,akshare:index_component_sw,2026-09-24T15:32:17.824822+00:00
801890,机械设备,603915,2021-12-13,akshare:index_component_sw,2026-09-24T15:32:17.824822+00:00
801890,机械设备,603956,2021-12-13,akshare:index_component_sw,2026-09-24T15:32:17.824822+00:00
801890,机械设备,603966,2021-12-13,akshare:index_component_sw,2026-09-24T15:32:17.824822+00:00
801890,机械设备,603969,2021-12-13,akshare:index_component_sw,2026-09-24T15:32:17.824822+00:00
801890,机械设备,605001,2021-12-13,akshare:index_component_sw,2026-09-24T15:32:17.824822+00:00
801890,机械设备,605056,2021-12-13,akshare:index_component_sw,2026-09-24T15:32:17.824822+00:00
801890,机械设备,605060,2021-12-13,akshare:index_component_sw,2026-09-24T15:32:17.824822+00:00
801890,机械设备,605100,2021-12-13,akshare:index_component_sw,2026-09-24T15:32:17.824822+00:00
801890,机械设备,605186,2021-12-13,akshare:index_component_sw,2026-09-24T15:32:17.824822+00:00
801890,机械设备,605259,2021-12-13,akshare:index_component_sw,2026-09-24T15:32:17.824822+00:00
801890,机械设备,605286,2021-12-13,akshare:index_component_sw,2026-09-24T15:32:17.824822+00:00
801890,机械设备,605288,2021-12-13,akshare:index_component_sw,2026-09-24T15:32:17.824822+00:00
801890,机械设备,605298,2021-12-13,akshare:index_component_sw,2026-09-24T15:32:17.824822+00:00
801890,机械设备,605305,2021-12-13,akshare:index_component_sw,2026-09-24T15:32:17.824822+00:00
801890,机械设备,605389,2021-12-13,akshare:index_component_sw,2026-09-24T15:32:17.824822+00:00
801890,机械设备,688001,2021-12-13,akshare:index_component_sw,2026-09-24T15:32:17.824822+00:00
801890,机械设备,688003,2021-12-13,akshare:index_component_sw,2026-09-24T15:32:17.824822+00:00
801890,机械设备,688009,2021-12-13,akshare:index_component_sw,2026-09-24T15:32:17.824822+00:00
801890,机械设备,688015,2021-12-13,akshare:index_component_sw,2026-09-24T15:32:17.824822+00:00
801890,机械设备,688017,2021-12-13,akshare:index_component_sw,2026-09-24T15:32:17.824822+00:00
801890,机械设备,688022,2021-12-13,akshare:index_component_sw,2026-09-24T15:32:17.824822+00:00
801890,机械设备,688025,2021-12-13,akshare:index_component_sw,2026-09-24T15:32:17.824822+00:00
801890,机械设备,688028,2021-12-13,akshare:index_component_sw,2026-09-24T15:32:17.824822+00:00
801890,机械设备,688033,2021-12-13,akshare:index_component_sw,2026-09-24T15:32:17.824822+00:00
801890,机械设备,688056,2021-12-13,akshare:index_component_sw,2026-09-24T15:32:17.824822+00:00
801890,机械设备,688059,2021-12-13,akshare:index_component_sw,2026-09-24T15:32:17.824822+00:00
801890,机械设备,688071,2021-12-13,akshare:index_component_sw,2026-09-24T15:32:17.824822+00:00
801890,机械设备,688090,2021-12-13,akshare:index_component_sw,2026-09-24T15:32:17.824822+00:00
801890,机械设备,688092,2021-12-13,akshare:index_component_sw,2026-09-24T15:32:17.824822+00:00
801890,机械设备,688097,2021-12-13,akshare:index_component_sw,2026-09-24T15:32:17.824822+00:00
801890,机械设备,688112,2021-12-13,akshare:index_component_sw,2026-09-24T15:32:17.824822+00:00
801890,机械设备,688113,2021-12-13,akshare:index_component_sw,2026-09-24T15:32:17.824822+00:00
801890,机械设备,688121,2021-12-13,akshare:index_component_sw,2026-09-24T15:32:17.824822+00:00
801890,机械设备,688128,2021-12-13,akshare:index_component_sw,2026-09-24T15:32:17.824822+00:00
801890,机械设备,688160,2021-12-13,akshare:index_component_sw,2026-09-24T15:32:17.824822+00:00
801890,机械设备,688165,2021-12-13,akshare:index_component_sw,2026-09-24T15:32:17.824822+00:00
801890,机械设备,688187,2021-12-13,akshare:index_component_sw,2026-09-24T15:32:17.824822+00:00
801890,机械设备,688211,2021-12-13,akshare:index_component_sw,2026-09-24T15:32:17.824822+00:00
801890,机械设备,688215,2021-12-13,akshare:index_component_sw,2026-09-24T15:32:17.824822+00:00
801890,机械设备,688218,2021-12-13,akshare:index_component_sw,2026-09-24T15:32:17.824822+00:00
801890,机械设备,688255,2021-12-13,akshare:index_component_sw,2026-09-24T15:32:17.824822+00:00
801890,机械设备,688257,2021-12-13,akshare:index_component_sw,2026-09-24T15:32:17.824822+00:00
801890,机械设备,688285,2021-12-13,akshare:index_component_sw,2026-09-24T15:32:17.824822+00:00
801890,机械设备,688305,2021-12-13,akshare:index_component_sw,2026-09-24T15:32:17.824822+00:00
801890,机械设备,688308,2021-12-13,akshare:index_component_sw,2026-09-24T15:32:17.824822+00:00
801890,机械设备,688310,2021-12-13,akshare:index_component_sw,2026-09-24T15:32:17.824822+00:00
801890,机械设备,688312,2021-12-13,akshare:index_component_sw,2026-09-24T15:32:17.824822+00:00
801890,机械设备,688328,2021-12-13,akshare:index_component_sw,2026-09-24T15:32:17.824822+00:00
801890,机械设备,688329,2021-12-13,akshare:index_component_sw,2026-09-24T15:32:17.824822+00:00
801890,机械设备,688355,2021-12-13,akshare:index_component_sw,2026-09-24T15:32:17.824822+00:00
801890,机械设备,688360,2021-12-13,akshare:index_component_sw,2026-09-24T15:32:17.824822+00:00
801890,机械设备,688367,2021-12-13,akshare:index_component_sw,2026-09-24T15:32:17.824822+00:00
801890,机械设备,688377,2021-12-13,akshare:index_component_sw,2026-09-24T15:32:17.824822+00:00
801890,机械设备,688379,2021-12-13,akshare:index_component_sw,2026-09-24T15:32:17.824822+00:00
801890,机械设备,688383,2021-12-13,akshare:index_component_sw,2026-09-24T15:32:17.824822+00:00
801890,机械设备,688395,2021-12-13,akshare:index_component_sw,2026-09-24T15:32:17.824822+00:00
801890,机械设备,688425,2021-12-13,akshare:index_component_sw,2026-09-24T15:32:17.824822+00:00
801890,机械设备,688518,2021-12-13,akshare:index_component_sw,2026-09-24T15:32:17.824822+00:00
801890,机械设备,688528,2021-12-13,akshare:index_component_sw,2026-09-24T15:32:17.824822+00:00
801890,机械设备,688529,2021-12-13,akshare:index_component_sw,2026-09-24T15:32:17.824822+00:00
801890,机械设备,688557,2021-12-13,akshare:index_component_sw,2026-09-24T15:32:17.824822+00:00
801890,机械设备,688558,2021-12-13,akshare:index_component_sw,2026-09-24T15:32:17.824822+00:00
801890,机械设备,688559,2021-12-13,akshare:index_component_sw,2026-09-24T15:32:17.824822+00:00
801890,机械设备,688569,2021-12-13,akshare:index_component_sw,2026-09-24T15:32:17.824822+00:00
801890,机械设备,688577,2021-12-13,akshare:index_component_sw,2026-09-24T15:32:17.824822+00:00
801890,机械设备,688596,2021-12-13,akshare:index_component_sw,2026-09-24T15:32:17.824822+00:00
801890,机械设备,688622,2021-12-13,akshare:index_component_sw,2026-09-24T15:32:17.824822+00:00
801890,机械设备,688628,2021-12-13,akshare:index_component_sw,2026-09-24T15:32:17.824822+00:00
801890,机械设备,688630,2021-12-13,akshare:index_component_sw,2026-09-24T15:32:17.824822+00:00
801890,机械设备,688633,2021-12-13,akshare:index_component_sw,2026-09-24T15:32:17.824822+00:00
801890,机械设备,688665,2021-12-13,akshare:index_component_sw,2026-09-24T15:32:17.824822+00:00
801890,机械设备,688686,2021-12-13,akshare:index_component_sw,2026-09-24T15:32:17.824822+00:00
801890,机械设备,688697,2021-12-13,akshare:index_component_sw,2026-09-24T15:32:17.824822+00:00
801890,机械设备,688698,2021-12-13,akshare:index_component_sw,2026-09-24T15:32:17.824822+00:00
801890,机械设备,688700,2021-12-13,akshare:index_component_sw,2026-09-24T15:32:17.824822+00:00
801890,机械设备,688768,2021-12-13,akshare:index_component_sw,2026-09-24T15:32:17.824822+00:00
801890,机械设备,688777,2021-12-13,akshare:index_component_sw,2026-09-24T15:32:17.824822+00:00
801890,机械设备,688789,2021-12-13,akshare:index_component_sw,2026-09-24T15:32:17.824822+00:00
801890,机械设备,301158,2022-01-17,akshare:index_component_sw,2026-09-24T15:32:17.824822+00:00
801890,机械设备,001266,2022-02-28,akshare:index_component_sw,2026-09-24T15:32:17.824822+00:00
801890,机械设备,301200,2022-02-28,akshare:index_component_sw,2026-09-24T15:32:17.824822+00:00
801890,机械设备,688115,2022-03-14,akshare:index_component_sw,2026-09-24T15:32:17.824822+00:00
801890,机械设备,301137,2022-03-22,akshare:index_component_sw,2026-09-24T15:32:17.824822+00:00
801890,机械设备,688306,2022-03-22,akshare:index_component_sw,2026-09-24T15:32:17.824822+00:00
801890,机械设备,000927,2022-03-30,akshare:index_component_sw,2026-09-24T15:32:17.824822+00:00
801890,机械设备,301268,2022-04-07,akshare:index_component_sw,2026-09-24T15:32:17.824822+00:00
801890,机械设备,688337,2022-04-08,akshare:index_component_sw,2026-09-24T15:32:17.824822+00:00
801890,机械设备,301151,2022-04-11,akshare:index_component_sw,2026-09-24T15:32:17.824822+00:00
801890,机械设备,301279,2022-04-13,akshare:index_component_sw,2026-09-24T15:32:17.824822+00:00
801890,机械设备,688125,2022-04-15,akshare:index_component_sw,2026-09-24T15:32:17.824822+00:00
801890,机械设备,688320,2022-04-28,akshare:index_component_sw,2026-09-24T15:32:17.824822+00:00
801890,机械设备,688170,2022-04-29,akshare:index_component_sw,2026-09-24T15:32:17.824822+00:00
801890,机械设备,688290,2022-04-29,akshare:index_component_sw,2026-09-24T15:32:17.824822+00:00
801890,机械设备,301107,2022-05-24,akshare:index_component_sw,2026-09-24T15:32:17.824822+00:00
801890,机械设备,301125,2022-06-08,akshare:index_component_sw,2026-09-24T15:32:17.824822+00:00
801890,机械设备,001226,2022-06-22,akshare:index_component_sw,2026-09-24T15:32:17.824822+00:00
801890,机械设备,301112,2022-06-29,akshare:index_component_sw,2026-09-24T15:32:17.824822+00:00
801890,机械设备,301312,2022-07-11,akshare:index_component_sw,2026-09-24T15:32:17.824822+00:00
801890,机械设备,688400,2022-07-12,akshare:index_component_sw,2026-09-24T15:32:17.824822+00:00
801890,机械设备,002046,2022-08-01,akshare:index_component_sw,2026-09-24T15:32:17.824822+00:00
801890,机械设备,002122,2022-08-01,akshare:index_component_sw,2026-09-24T15:32:17.824822+00:00
801890,机械设备,002175,2022-08-01,akshare:index_component_sw,2026-09-24T15:32:17.824822+00:00
801890,机械设备,002445,2022-08-01,akshare:index_component_sw,2026-09-24T15:32:17.824822+00:00
801890,机械设备,300095,2022-08-01,akshare:index_component_sw,2026-09-24T15:32:17.824822+00:00
801890,机械设备,300159,2022-08-01,akshare:index_component_sw,2026-09-24T15:32:17.824822+00:00
801890,机械设备,300756,2022-08-01,akshare:index_component_sw,2026-09-24T15:32:17.824822+00:00
801890,机械设备,300879,2022-08-01,akshare:index_component_sw,2026-09-24T15:32:17.824822+00:00
801890,机械设备,301138,2022-08-01,akshare:index_component_sw,2026-09-24T15:32:17.824822+00:00
801890,机械设备,600202,2022-08-01,akshare:index_component_sw,2026-09-24T15:32:17.824822+00:00
801890,机械设备,600215,2022-08-01,akshare:index_component_sw,2026-09-24T15:32:17.824822+00:00
801890,机械设备,600343,2022-08-01,akshare:index_component_sw,2026-09-24T15:32:17.824822+00:00
801890,机械设备,600783,2022-08-01,akshare:index_component_sw,2026-09-24T15:32:17.824822+00:00
801890,机械设备,603029,2022-08-01,akshare:index_component_sw,2026-09-24T15:32:17.824822+00:00
801890,机械设备,688162,2022-08-01,akshare:index_component_sw,2026-09-24T15:32:17.824822+00:00
801890,机械设备,688333,2022-08-01,akshare:index_component_sw,2026-09-24T15:32:17.824822+00:00
801890,机械设备,301197,2022-08-08,akshare:index_component_sw,2026-09-24T15:32:17.824822+00:00
801890,机械设备,301338,2022-08-16,akshare:index_component_sw,2026-09-24T15:32:17.824822+00:00
801890,机械设备,603081,2022-08-16,akshare:index_component_sw,2026-09-24T15:32:17.824822+00:00
801890,机械设备,301161,2022-09-14,akshare:index_component_sw,2026-09-24T15:32:17.824822+00:00
801890,机械设备,688455,2022-09-15,akshare:index_component_sw,2026-09-24T15:32:17.824822+00:00
801890,机械设备,301309,2022-09-19,akshare:index_component_sw,2026-09-24T15:32:17.824822+00:00
801890,机械设备,001332,2022-09-20,akshare:index_component_sw,2026-09-24T15:32:17.824822+00:00
801890,机械设备,688448,2022-09-21,akshare:index_component_sw,2026-09-24T15:32:17.824822+00:00
801890,机械设备,688459,2022-10-12,akshare:index_component_sw,2026-09-24T15:32:17.824822+00:00
801890,机械设备,301273,2022-10-25,akshare:index_component_sw,2026-09-24T15:32:17.824822+00:00
801890,机械设备,603280,2022-11-09,akshare:index_component_sw,2026-09-24T15:32:17.824822+00:00
801890,机械设备,301377,2022-11-22,akshare:index_component_sw,2026-09-24T15:32:17.824822+00:00
801890,机械设备,301311,2022-11-30,akshare:index_component_sw,2026-09-24T15:32:17.824822+00:00
801890,机械设备,001256,2022-12-05,akshare:index_component_sw,2026-09-24T15:32:17.824822+00:00
801890,机械设备,001223,2022-12-12,akshare:index_component_sw,2026-09-24T15:32:17.824822+00:00
801890,机械设备,301368,2022-12-15,akshare:index_component_sw,2026-09-24T15:32:17.824822+00:00
801890,机械设备,301255,2022-12-27,akshare:index_component_sw,2026-09-24T15:32:17.824822+00:00
801890,机械设备,301105,2022-12-30,akshare:index_component_sw,2026-09-24T15:32:17.824822+00:00
801890,机械设备,688485,2023-01-18,akshare:index_component_sw,2026-09-24T15:32:17.824822+00:00
801890,机械设备,301317,2023-01-19,akshare:index_component_sw,2026-09-24T15:32:17.824822+00:00
801890,机械设备,301260,2023-02-08,akshare:index_component_sw,2026-09-24T15:32:17.824822+00:00
801890,机械设备,301303,2023-02-20,akshare:index_component_sw,2026-09-24T15:32:17.824822+00:00
801890,机械设备,001225,2023-02-22,akshare:index_component_sw,2026-09-24T15:32:17.824822+00:00
801890,机械设备,688531,2023-03-31,akshare:index_component_sw,2026-09-24T15:32:17.824822+00:00
801890,机械设备,001360,2023-04-10,akshare:index_component_sw,2026-09-24T15:32:17.824822+00:00
801890,机械设备,603135,2023-04-10,akshare:index_component_sw,2026-09-24T15:32:17.824822+00:00
801890,机械设备,688433,2023-04-17,akshare:index_component_sw,2026-09-24T15:32:17.824822+00:00
801890,机械设备,301360,2023-04-25,akshare:index_component_sw,2026-09-24T15:32:17.824822+00:00
801890,机械设备,001324,2023-05-22,akshare:index_component_sw,2026-09-24T15:32:17.824822+00:00
801890,机械设备,301399,2023-05-23,akshare:index_component_sw,2026-09-24T15:32:17.824822+00:00
801890,机械设备,301353,2023-05-30,akshare:index_component_sw,2026-09-24T15:32:17.824822+00:00
801890,机械设备,688570,2023-06-05,akshare:index_component_sw,2026-09-24T15:32:17.824822+00:00
801890,机械设备,688623,2023-06-08,akshare:index_component_sw,2026-09-24T15:32:17.824822+00:00
801890,机械设备,301320,2023-06-09,akshare:index_component_sw,2026-09-24T15:32:17.824822+00:00
801890,机械设备,301448,2023-06-19,akshare:index_component_sw,2026-09-24T15:32:17.824822+00:00
801890,机械设备,002131,2023-07-06,akshare:index_component_sw,2026-09-24T15:32:17.824822+00:00
801890,机械设备,002272,2023-07-06,akshare:index_component_sw,2026-09-24T15:32:17.824822+00:00
801890,机械设备,300157,2023-07-06,akshare:index_component_sw,2026-09-24T15:32:17.824822+00:00
801890,机械设备,603173,2023-07-06,akshare:index_component_sw,2026-09-24T15:32:17.824822+00:00
801890,机械设备,301261,2023-07-10,akshare:index_component_sw,2026-09-24T15:32:17.824822+00:00
801890,机械设备,301272,2023-07-13,akshare:index_component_sw,2026-09-24T15:32:17.824822+00:00
801890,机械设备,688627,2023-07-18,akshare:index_component_sw,2026-09-24T15:32:17.824822+00:00
801890,机械设备,688610,2023-07-19,akshare:index_component_sw,2026-09-24T15:32:17.824822+00:00
801890,机械设备,301512,2023-07-20,akshare:index_component_sw,2026-09-24T15:32:17.824822+00:00
801890,机械设备,301468,2023-07-24,akshare:index_component_sw,2026-09-24T15:32:17.824822+00:00
801890,机械设备,301446,2023-07-25,akshare:index_component_sw,2026-09-24T15:32:17.824822+00:00
801890,机械设备,688646,2023-07-28,akshare:index_component_sw,2026-09-24T15:32:17.824822+00:00
801890,机械设备,301510,2023-08-15,akshare:index_component_sw,2026-09-24T15:32:17.824822+00:00
801890,机械设备,301533,2023-08-18,akshare:index_component_sw,2026-09-24T15:32:17.824822+00:00
801890,机械设备,301418,2023-08-21,akshare:index_component_sw,2026-09-24T15:32:17.824822+00:00
801890,机械设备,603275,2023-08-23,akshare:index_component_sw,2026-09-24T15:32:17.824822+00:00
801890,机械设备,301528,2023-08-28,akshare:index_component_sw,2026-09-24T15:32:17.824822+00:00
801890,机械设备,301525,2023-08-30,akshare:index_component_sw,2026-09-24T15:32:17.824822+00:00
801890,机械设备,603270,2023-09-01,akshare:index_component_sw,2026-09-24T15:32:17.824822+00:00
801890,机械设备,301548,2023-09-20,akshare:index_component_sw,2026-09-24T15:32:17.824822+00:00
801890,机械设备,301559,2023-10-11,akshare:index_component_sw,2026-09-24T15:32:17.824822+00:00
801890,机械设备,603273,2023-10-23,akshare:index_component_sw,2026-09-24T15:32:17.824822+00:00
801890,机械设备,688648,2023-11-13,akshare:index_component_sw,2026-09-24T15:32:17.824822+00:00
801890,机械设备,001306,2023-11-16,akshare:index_component_sw,2026-09-24T15:32:17.824822+00:00
801890,机械设备,301568,2023-11-28,akshare:index_component_sw,2026-09-24T15:32:17.824822+00:00
801890,机械设备,301413,2023-12-01,akshare:index_component_sw,2026-09-24T15:32:17.824822+00:00
801890,机械设备,001239,2023-12-12,akshare:index_component_sw,2026-09-24T15:32:17.824822+00:00
801890,机械设备,603325,2024-01-10,akshare:index_component_sw,2026-09-24T15:32:17.824822+00:00
801890,机械设备,001379,2024-01-19,akshare:index_component_sw,2026-09-24T15:32:17.824822+00:00
801890,机械设备,603082,2024-01-30,akshare:index_component_sw,2026-09-24T15:32:17.824822+00:00
801890,机械设备,301596,2024-05-13,akshare:index_component_sw,2026-09-24T15:32:17.824822+00:00
801890,机械设备,301392,2024-06-05,akshare:index_component_sw,2026-09-24T15:32:17.824822+00:00
801890,机械设备,301603,2024-07-10,akshare:index_component_sw,2026-09-24T15:32:17.824822+00:00
801890,机械设备,002527,2024-07-31,akshare:index_component_sw,2026-09-24T15:32:17.824822+00:00
801890,机械设备,002530,2024-07-31,akshare:index_component_sw,2026-09-24T15:32:17.824822+00:00
801890,机械设备,002685,2024-07-31,akshare:index_component_sw,2026-09-24T15:32:17.824822+00:00
801890,机械设备,002722,2024-07-31,akshare:index_component_sw,2026-09-24T15:32:17.824822+00:00
801890,机械设备,300092,2024-07-31,akshare:index_component_sw,2026-09-24T15:32:17.824822+00:00
801890,机械设备,300466,2024-07-31,akshare:index_component_sw,2026-09-24T15:32:17.824822+00:00
801890,机械设备,300718,2024-07-31,akshare:index_component_sw,2026-09-24T15:32:17.824822+00:00
801890,机械设备,301043,2024-07-31,akshare:index_component_sw,2026-09-24T15:32:17.824822+00:00
801890,机械设备,301063,2024-07-31,akshare:index_component_sw,2026-09-24T15:32:17.824822+00:00
801890,机械设备,301070,2024-07-31,akshare:index_component_sw,2026-09-24T15:32:17.824822+00:00
801890,机械设备,600980,2024-07-31,akshare:index_component_sw,2026-09-24T15:32:17.824822+00:00
801890,机械设备,601369,2024-07-31,akshare:index_component_sw,2026-09-24T15:32:17.824822+00:00
801890,机械设备,603391,2024-07-31,akshare:index_component_sw,2026-09-24T15:32:17.824822+00:00
801890,机械设备,603611,2024-07-31,akshare:index_component_sw,2026-09-24T15:32:17.824822+00:00
801890,机械设备,688420,2024-07-31,akshare:index_component_sw,2026-09-24T15:32:17.824822+00:00
801890,机械设备,001277,2024-09-03,akshare:index_component_sw,2026-09-24T15:32:17.824822+00:00
801890,机械设备,301633,2024-11-07,akshare:index_component_sw,2026-09-24T15:32:17.824822+00:00
801890,机械设备,301598,2024-12-20,akshare:index_component_sw,2026-09-24T15:32:17.824822+00:00
801890,机械设备,603194,2024-12-24,akshare:index_component_sw,2026-09-24T15:32:17.824822+00:00
801890,机械设备,301601,2025-01-15,akshare:index_component_sw,2026-09-24T15:32:17.824822+00:00
801890,机械设备,688583,2025-01-15,akshare:index_component_sw,2026-09-24T15:32:17.824822+00:00
801890,机械设备,001395,2025-01-27,akshare:index_component_sw,2026-09-24T15:32:17.824822+00:00
801890,机械设备,301616,2025-03-27,akshare:index_component_sw,2026-09-24T15:32:17.824822+00:00
801890,机械设备,603279,2025-04-11,akshare:index_component_sw,2026-09-24T15:32:17.824822+00:00
801890,机械设备,001400,2025-04-24,akshare:index_component_sw,2026-09-24T15:32:17.824822+00:00
801890,机械设备,603400,2025-06-20,akshare:index_component_sw,2026-09-24T15:32:17.824822+00:00
801890,机械设备,688600,2025-09-29,akshare:index_component_sw,2026-09-24T15:32:17.824822+00:00
801890,机械设备,688816,2026-02-11,akshare:index_component_sw,2026-09-24T15:32:17.824822+00:00
801890,机械设备,688813,2026-03-31,akshare:index_component_sw,2026-09-24T15:32:17.824822+00:00
801890,机械设备,688808,2026-04-24,akshare:index_component_sw,2026-09-24T15:32:17.824822+00:00
801890,机械设备,001237,2026-05-22,akshare:index_component_sw,2026-09-24T15:32:17.824822+00:00
801890,机械设备,000880,2026-07-02,akshare:index_component_sw,2026-09-24T15:32:17.824822+00:00
801890,机械设备,002564,2026-07-02,akshare:index_component_sw,2026-09-24T15:32:17.824822+00:00
801890,机械设备,300220,2026-07-02,akshare:index_component_sw,2026-09-24T15:32:17.824822+00:00
801890,机械设备,300435,2026-07-02,akshare:index_component_sw,2026-09-24T15:32:17.824822+00:00
801890,机械设备,300572,2026-07-02,akshare:index_component_sw,2026-09-24T15:32:17.824822+00:00
801890,机械设备,301160,2026-07-02,akshare:index_component_sw,2026-09-24T15:32:17.824822+00:00
801890,机械设备,301307,2026-07-02,akshare:index_component_sw,2026-09-24T15:32:17.824822+00:00
801890,机械设备,600397,2026-07-02,akshare:index_component_sw,2026-09-24T15:32:17.824822+00:00
801890,机械设备,600889,2026-07-02,akshare:index_component_sw,2026-09-24T15:32:17.824822+00:00
801890,机械设备,301677,2026-07-30,akshare:index_component_sw,2026-09-24T15:32:17.824822+00:00
801890,机械设备,688828,2026-08-11,akshare:index_component_sw,2026-09-24T15:32:17.824822+00:00
801890,机械设备,688826,2026-08-18,akshare:index_component_sw,2026-09-24T15:32:17.824822+00:00
801890,机械设备,688836,2026-08-19,akshare:index_component_sw,2026-09-24T15:32:17.824822+00:00
801890,机械设备,688835,2026-08-25,akshare:index_component_sw,2026-09-24T15:32:17.824822+00:00
801890,机械设备,301689,2026-09-10,akshare:index_component_sw,2026-09-24T15:32:17.824822+00:00
801890,机械设备,601091,2026-09-17,akshare:index_component_sw,2026-09-24T15:32:17.824822+00:00
801890,机械设备,000008,2021-12-13,akshare:index_component_sw,2026-09-24T15:32:17.824822+00:00
801740,国防军工,000547,2021-12-13,akshare:index_component_sw,2026-09-24T15:32:17.880095+00:00
801740,国防军工,000561,2021-12-13,akshare:index_component_sw,2026-09-24T15:32:17.880095+00:00
801740,国防军工,000576,2021-12-13,akshare:index_component_sw,2026-09-24T15:32:17.880095+00:00
801740,国防军工,000697,2021-12-13,akshare:index_component_sw,2026-09-24T15:32:17.880095+00:00
801740,国防军工,000733,2021-12-13,akshare:index_component_sw,2026-09-24T15:32:17.880095+00:00
801740,国防军工,000738,2021-12-13,akshare:index_component_sw,2026-09-24T15:32:17.880095+00:00
801740,国防军工,000768,2021-12-13,akshare:index_component_sw,2026-09-24T15:32:17.880095+00:00
801740,国防军工,002023,2021-12-13,akshare:index_component_sw,2026-09-24T15:32:17.880095+00:00
801740,国防军工,002025,2021-12-13,akshare:index_component_sw,2026-09-24T15:32:17.880095+00:00
801740,国防军工,002151,2021-12-13,akshare:index_component_sw,2026-09-24T15:32:17.880095+00:00
801740,国防军工,002179,2021-12-13,akshare:index_component_sw,2026-09-24T15:32:17.880095+00:00
801740,国防军工,002189,2021-12-13,akshare:index_component_sw,2026-09-24T15:32:17.880095+00:00
801740,国防军工,002214,2021-12-13,akshare:index_component_sw,2026-09-24T15:32:17.880095+00:00
801740,国防军工,002297,2021-12-13,akshare:index_component_sw,2026-09-24T15:32:17.880095+00:00
801740,国防军工,002338,2021-12-13,akshare:index_component_sw,2026-09-24T15:32:17.880095+00:00
801740,国防军工,002383,2021-12-13,akshare:index_component_sw,2026-09-24T15:32:17.880095+00:00
801740,国防军工,002389,2021-12-13,akshare:index_component_sw,2026-09-24T15:32:17.880095+00:00
801740,国防军工,002413,2021-12-13,akshare:index_component_sw,2026-09-24T15:32:17.880095+00:00
801740,国防军工,002414,2021-12-13,akshare:index_component_sw,2026-09-24T15:32:17.880095+00:00
801740,国防军工,002446,2021-12-13,akshare:index_component_sw,2026-09-24T15:32:17.880095+00:00
801740,国防军工,002465,2021-12-13,akshare:index_component_sw,2026-09-24T15:32:17.880095+00:00
801740,国防军工,002625,2021-12-13,akshare:index_component_sw,2026-09-24T15:32:17.880095+00:00
801740,国防军工,002829,2021-12-13,akshare:index_component_sw,2026-09-24T15:32:17.880095+00:00
801740,国防军工,002933,2021-12-13,akshare:index_component_sw,2026-09-24T15:32:17.880095+00:00
801740,国防军工,002935,2021-12-13,akshare:index_component_sw,2026-09-24T15:32:17.880095+00:00
801740,国防军工,002977,2021-12-13,akshare:index_component_sw,2026-09-24T15:32:17.880095+00:00
801740,国防军工,002985,2021-12-13,akshare:index_component_sw,2026-09-24T15:32:17.880095+00:00
801740,国防军工,003009,2021-12-13,akshare:index_component_sw,2026-09-24T15:32:17.880095+00:00
801740,国防军工,300008,2021-12-13,akshare:index_component_sw,2026-09-24T15:32:17.880095+00:00
801740,国防军工,300034,2021-12-13,akshare:index_component_sw,2026-09-24T15:32:17.880095+00:00
801740,国防军工,300045,2021-12-13,akshare:index_component_sw,2026-09-24T15:32:17.880095+00:00
801740,国防军工,300065,2021-12-13,akshare:index_component_sw,2026-09-24T15:32:17.880095+00:00
801740,国防军工,300101,2021-12-13,akshare:index_component_sw,2026-09-24T15:32:17.880095+00:00
801740,国防军工,300123,2021-12-13,akshare:index_component_sw,2026-09-24T15:32:17.880095+00:00
801740,国防军工,300177,2021-12-13,akshare:index_component_sw,2026-09-24T15:32:17.880095+00:00
801740,国防军工,300252,2021-12-13,akshare:index_component_sw,2026-09-24T15:32:17.880095+00:00
801740,国防军工,300395,2021-12-13,akshare:index_component_sw,2026-09-24T15:32:17.880095+00:00
801740,国防军工,300424,2021-12-13,akshare:index_component_sw,2026-09-24T15:32:17.880095+00:00
801740,国防军工,300447,2021-12-13,akshare:index_component_sw,2026-09-24T15:32:17.880095+00:00
801740,国防军工,300474,2021-12-13,akshare:index_component_sw,2026-09-24T15:32:17.880095+00:00
801740,国防军工,300527,2021-12-13,akshare:index_component_sw,2026-09-24T15:32:17.880095+00:00
801740,国防军工,300581,2021-12-13,akshare:index_component_sw,2026-09-24T15:32:17.880095+00:00
801740,国防军工,300589,2021-12-13,akshare:index_component_sw,2026-09-24T15:32:17.880095+00:00
801740,国防军工,300600,2021-12-13,akshare:index_component_sw,2026-09-24T15:32:17.880095+00:00
801740,国防军工,300696,2021-12-13,akshare:index_component_sw,2026-09-24T15:32:17.880095+00:00
801740,国防军工,300699,2021-12-13,akshare:index_component_sw,2026-09-24T15:32:17.880095+00:00
801740,国防军工,300719,2021-12-13,akshare:index_component_sw,2026-09-24T15:32:17.880095+00:00
801740,国防军工,300722,2021-12-13,akshare:index_component_sw,2026-09-24T15:32:17.880095+00:00
801740,国防军工,300726,2021-12-13,akshare:index_component_sw,2026-09-24T15:32:17.880095+00:00
801740,国防军工,300762,2021-12-13,akshare:index_component_sw,2026-09-24T15:32:17.880095+00:00
801740,国防军工,300775,2021-12-13,akshare:index_component_sw,2026-09-24T15:32:17.880095+00:00
801740,国防军工,300777,2021-12-13,akshare:index_component_sw,2026-09-24T15:32:17.880095+00:00
801740,国防军工,300810,2021-12-13,akshare:index_component_sw,2026-09-24T15:32:17.880095+00:00
801740,国防军工,300875,2021-12-13,akshare:index_component_sw,2026-09-24T15:32:17.880095+00:00
801740,国防军工,300900,2021-12-13,akshare:index_component_sw,2026-09-24T15:32:17.880095+00:00
801740,国防军工,300922,2021-12-13,akshare:index_component_sw,2026-09-24T15:32:17.880095+00:00
801740,国防军工,300965,2021-12-13,akshare:index_component_sw,2026-09-24T15:32:17.880095+00:00
801740,国防军工,301050,2021-12-13,akshare:index_component_sw,2026-09-24T15:32:17.880095+00:00
801740,国防军工,301213,2021-12-13,akshare:index_component_sw,2026-09-24T15:32:17.880095+00:00
801740,国防军工,600038,2021-12-13,akshare:index_component_sw,2026-09-24T15:32:17.880095+00:00
801740,国防军工,600118,2021-12-13,akshare:index_component_sw,2026-09-24T15:32:17.880095+00:00
801740,国防军工,600150,2021-12-13,akshare:index_component_sw,2026-09-24T15:32:17.880095+00:00
801740,国防军工,600184,2021-12-13,akshare:index_component_sw,2026-09-24T15:32:17.880095+00:00
801740,国防军工,600316,2021-12-13,akshare:index_component_sw,2026-09-24T15:32:17.880095+00:00
801740,国防军工,600372,2021-12-13,akshare:index_component_sw,2026-09-24T15:32:17.880095+00:00
801740,国防军工,600391,2021-12-13,akshare:index_component_sw,2026-09-24T15:32:17.880095+00:00
801740,国防军工,600435,2021-12-13,akshare:index_component_sw,2026-09-24T15:32:17.880095+00:00
801740,国防军工,600562,2021-12-13,akshare:index_component_sw,2026-09-24T15:32:17.880095+00:00
801740,国防军工,600685,2021-12-13,akshare:index_component_sw,2026-09-24T15:32:17.880095+00:00
801740,国防军工,600760,2021-12-13,akshare:index_component_sw,2026-09-24T15:32:17.880095+00:00
801740,国防军工,600764,2021-12-13,akshare:index_component_sw,2026-09-24T15:32:17.880095+00:00
801740,国防军工,600765,2021-12-13,akshare:index_component_sw,2026-09-24T15:32:17.880095+00:00
801740,国防军工,600862,2021-12-13,akshare:index_component_sw,2026-09-24T15:32:17.880095+00:00
801740,国防军工,600879,2021-12-13,akshare:index_component_sw,2026-09-24T15:32:17.880095+00:00
801740,国防军工,600893,2021-12-13,akshare:index_component_sw,2026-09-24T15:32:17.880095+00:00
801740,国防军工,600967,2021-12-13,akshare:index_component_sw,2026-09-24T15:32:17.880095+00:00
801740,国防军工,600990,2021-12-13,akshare:index_component_sw,2026-09-24T15:32:17.880095+00:00
801740,国防军工,601606,2021-12-13,akshare:index_component_sw,2026-09-24T15:32:17.880095+00:00
801740,国防军工,601698,2021-12-13,akshare:index_component_sw,2026-09-24T15:32:17.880095+00:00
801740,国防军工,601890,2021-12-13,akshare:index_component_sw,2026-09-24T15:32:17.880095+00:00
801740,国防军工,603267,2021-12-13,akshare:index_component_sw,2026-09-24T15:32:17.880095+00:00
801740,国防军工,603678,2021-12-13,akshare:index_component_sw,2026-09-24T15:32:17.880095+00:00
801740,国防军工,603712,2021-12-13,akshare:index_component_sw,2026-09-24T15:32:17.880095+00:00
801740,国防军工,605123,2021-12-13,akshare:index_component_sw,2026-09-24T15:32:17.880095+00:00
801740,国防军工,688011,2021-12-13,akshare:index_component_sw,2026-09-24T15:32:17.880095+00:00
801740,国防军工,688070,2021-12-13,akshare:index_component_sw,2026-09-24T15:32:17.880095+00:00
801740,国防军工,688081,2021-12-13,akshare:index_component_sw,2026-09-24T15:32:17.880095+00:00
801740,国防军工,688122,2021-12-13,akshare:index_component_sw,2026-09-24T15:32:17.880095+00:00
801740,国防军工,688239,2021-12-13,akshare:index_component_sw,2026-09-24T15:32:17.880095+00:00
801740,国防军工,688272,2021-12-13,akshare:index_component_sw,2026-09-24T15:32:17.880095+00:00
801740,国防军工,688311,2021-12-13,akshare:index_component_sw,2026-09-24T15:32:17.880095+00:00
801740,国防军工,688510,2021-12-13,akshare:index_component_sw,2026-09-24T15:32:17.880095+00:00
801740,国防军工,688511,2021-12-13,akshare:index_component_sw,2026-09-24T15:32:17.880095+00:00
801740,国防军工,688586,2021-12-13,akshare:index_component_sw,2026-09-24T15:32:17.880095+00:00
801740,国防军工,688636,2021-12-13,akshare:index_component_sw,2026-09-24T15:32:17.880095+00:00
801740,国防军工,688682,2021-12-13,akshare:index_component_sw,2026-09-24T15:32:17.880095+00:00
801740,国防军工,688685,2021-12-13,akshare:index_component_sw,2026-09-24T15:32:17.880095+00:00
801740,国防军工,688776,2021-12-13,akshare:index_component_sw,2026-09-24T15:32:17.880095+00:00
801740,国防军工,688788,2021-12-13,akshare:index_component_sw,2026-09-24T15:32:17.880095+00:00
801740,国防军工,688281,2022-03-07,akshare:index_component_sw,2026-09-24T15:32:17.880095+00:00
801740,国防军工,603261,2022-03-15,akshare:index_component_sw,2026-09-24T15:32:17.880095+00:00
801740,国防军工,688175,2022-03-15,akshare:index_component_sw,2026-09-24T15:32:17.880095+00:00
801740,国防军工,688282,2022-03-18,akshare:index_component_sw,2026-09-24T15:32:17.880095+00:00
801740,国防军工,001270,2022-06-06,akshare:index_component_sw,2026-09-24T15:32:17.880095+00:00
801740,国防军工,301302,2022-06-23,akshare:index_component_sw,2026-09-24T15:32:17.880095+00:00
801740,国防军工,688297,2022-06-29,akshare:index_component_sw,2026-09-24T15:32:17.880095+00:00
801740,国防军工,688237,2022-07-01,akshare:index_component_sw,2026-09-24T15:32:17.880095+00:00
801740,国防军工,688053,2022-07-12,akshare:index_component_sw,2026-09-24T15:32:17.880095+00:00
801740,国防军工,688375,2022-07-22,akshare:index_component_sw,2026-09-24T15:32:17.880095+00:00
801740,国防军工,301306,2022-07-26,akshare:index_component_sw,2026-09-24T15:32:17.880095+00:00
801740,国防军工,002651,2022-08-01,akshare:index_component_sw,2026-09-24T15:32:17.880095+00:00
801740,国防军工,300397,2022-08-01,akshare:index_component_sw,2026-09-24T15:32:17.880095+00:00
801740,国防军工,300629,2022-08-01,akshare:index_component_sw,2026-09-24T15:32:17.880095+00:00
801740,国防军工,688439,2022-08-26,akshare:index_component_sw,2026-09-24T15:32:17.880095+00:00
801740,国防军工,688132,2022-09-23,akshare:index_component_sw,2026-09-24T15:32:17.880095+00:00
801740,国防军工,688084,2022-12-08,akshare:index_component_sw,2026-09-24T15:32:17.880095+00:00
801740,国防军工,688522,2023-03-01,akshare:index_component_sw,2026-09-24T15:32:17.880095+00:00
801740,国防军工,301357,2023-04-18,akshare:index_component_sw,2026-09-24T15:32:17.880095+00:00
801740,国防军工,688552,2023-05-18,akshare:index_component_sw,2026-09-24T15:32:17.880095+00:00
801740,国防军工,688523,2023-06-02,akshare:index_component_sw,2026-09-24T15:32:17.880095+00:00
801740,国防军工,688543,2023-06-21,akshare:index_component_sw,2026-09-24T15:32:17.880095+00:00
801740,国防军工,688629,2023-06-27,akshare:index_component_sw,2026-09-24T15:32:17.880095+00:00
801740,国防军工,002111,2023-07-06,akshare:index_component_sw,2026-09-24T15:32:17.880095+00:00
801740,国防军工,688563,2023-07-19,akshare:index_component_sw,2026-09-24T15:32:17.880095+00:00
801740,国防军工,002519,2023-08-24,akshare:index_component_sw,2026-09-24T15:32:17.880095+00:00
801740,国防军工,301517,2023-10-17,akshare:index_component_sw,2026-09-24T15:32:17.880095+00:00
801740,国防军工,600855,2024-07-31,akshare:index_component_sw,2026-09-24T15:32:17.880095+00:00
801740,国防军工,301571,2024-08-21,akshare:index_component_sw,2026-09-24T15:32:17.880095+00:00
801740,国防军工,301586,2024-08-28,akshare:index_component_sw,2026-09-24T15:32:17.880095+00:00
801740,国防军工,301592,2024-10-24,akshare:index_component_sw,2026-09-24T15:32:17.880095+00:00
801740,国防军工,688708,2024-12-05,akshare:index_component_sw,2026-09-24T15:32:17.880095+00:00
801740,国防军工,603268,2026-02-03,akshare:index_component_sw,2026-09-24T15:32:17.880095+00:00
801740,国防军工,688818,2026-02-10,akshare:index_component_sw,2026-09-24T15:32:17.880095+00:00
801740,国防军工,301682,2026-03-25,akshare:index_component_sw,2026-09-24T15:32:17.880095+00:00
801740,国防军工,301707,2026-08-07,akshare:index_component_sw,2026-09-24T15:32:17.880095+00:00
801740,国防军工,302132,2026-08-25,akshare:index_component_sw,2026-09-24T15:32:17.880095+00:00
801740,国防军工,000519,2021-12-13,akshare:index_component_sw,2026-09-24T15:32:17.880095+00:00
801750,计算机,000066,2021-12-13,akshare:index_component_sw,2026-09-24T15:32:17.967933+00:00
801750,计算机,000158,2021-12-13,akshare:index_component_sw,2026-09-24T15:32:17.967933+00:00
801750,计算机,000503,2021-12-13,akshare:index_component_sw,2026-09-24T15:32:17.967933+00:00
801750,计算机,000555,2021-12-13,akshare:index_component_sw,2026-09-24T15:32:17.967933+00:00
801750,计算机,000938,2021-12-13,akshare:index_component_sw,2026-09-24T15:32:17.967933+00:00
801750,计算机,000948,2021-12-13,akshare:index_component_sw,2026-09-24T15:32:17.967933+00:00
801750,计算机,000977,2021-12-13,akshare:index_component_sw,2026-09-24T15:32:17.967933+00:00
801750,计算机,000997,2021-12-13,akshare:index_component_sw,2026-09-24T15:32:17.967933+00:00
801750,计算机,002063,2021-12-13,akshare:index_component_sw,2026-09-24T15:32:17.967933+00:00
801750,计算机,002065,2021-12-13,akshare:index_component_sw,2026-09-24T15:32:17.967933+00:00
801750,计算机,002152,2021-12-13,akshare:index_component_sw,2026-09-24T15:32:17.967933+00:00
801750,计算机,002153,2021-12-13,akshare:index_component_sw,2026-09-24T15:32:17.967933+00:00
801750,计算机,002178,2021-12-13,akshare:index_component_sw,2026-09-24T15:32:17.967933+00:00
801750,计算机,002195,2021-12-13,akshare:index_component_sw,2026-09-24T15:32:17.967933+00:00
801750,计算机,002197,2021-12-13,akshare:index_component_sw,2026-09-24T15:32:17.967933+00:00
801750,计算机,002212,2021-12-13,akshare:index_component_sw,2026-09-24T15:32:17.967933+00:00
801750,计算机,002230,2021-12-13,akshare:index_component_sw,2026-09-24T15:32:17.967933+00:00
801750,计算机,002232,2021-12-13,akshare:index_component_sw,2026-09-24T15:32:17.967933+00:00
801750,计算机,002236,2021-12-13,akshare:index_component_sw,2026-09-24T15:32:17.967933+00:00
801750,计算机,002253,2021-12-13,akshare:index_component_sw,2026-09-24T15:32:17.967933+00:00
801750,计算机,002268,2021-12-13,akshare:index_component_sw,2026-09-24T15:32:17.967933+00:00
801750,计算机,002279,2021-12-13,akshare:index_component_sw,2026-09-24T15:32:17.967933+00:00
801750,计算机,002298,2021-12-13,akshare:index_component_sw,2026-09-24T15:32:17.967933+00:00
801750,计算机,002322,2021-12-13,akshare:index_component_sw,2026-09-24T15:32:17.967933+00:00
801750,计算机,002331,2021-12-13,akshare:index_component_sw,2026-09-24T15:32:17.967933+00:00
801750,计算机,002362,2021-12-13,akshare:index_component_sw,2026-09-24T15:32:17.967933+00:00
801750,计算机,002368,2021-12-13,akshare:index_component_sw,2026-09-24T15:32:17.967933+00:00
801750,计算机,002373,2021-12-13,akshare:index_component_sw,2026-09-24T15:32:17.967933+00:00
801750,计算机,002376,2021-12-13,akshare:index_component_sw,2026-09-24T15:32:17.967933+00:00
801750,计算机,002380,2021-12-13,akshare:index_component_sw,2026-09-24T15:32:17.967933+00:00
801750,计算机,002401,2021-12-13,akshare:index_component_sw,2026-09-24T15:32:17.967933+00:00
801750,计算机,002405,2021-12-13,akshare:index_component_sw,2026-09-24T15:32:17.967933+00:00
801750,计算机,002410,2021-12-13,akshare:index_component_sw,2026-09-24T15:32:17.967933+00:00
801750,计算机,002415,2021-12-13,akshare:index_component_sw,2026-09-24T15:32:17.967933+00:00
801750,计算机,002421,2021-12-13,akshare:index_component_sw,2026-09-24T15:32:17.967933+00:00
801750,计算机,002439,2021-12-13,akshare:index_component_sw,2026-09-24T15:32:17.967933+00:00
801750,计算机,002474,2021-12-13,akshare:index_component_sw,2026-09-24T15:32:17.967933+00:00
801750,计算机,002512,2021-12-13,akshare:index_component_sw,2026-09-24T15:32:17.967933+00:00
801750,计算机,002528,2021-12-13,akshare:index_component_sw,2026-09-24T15:32:17.967933+00:00
801750,计算机,002577,2021-12-13,akshare:index_component_sw,2026-09-24T15:32:17.967933+00:00
801750,计算机,002609,2021-12-13,akshare:index_component_sw,2026-09-24T15:32:17.967933+00:00
801750,计算机,002642,2021-12-13,akshare:index_component_sw,2026-09-24T15:32:17.967933+00:00
801750,计算机,002649,2021-12-13,akshare:index_component_sw,2026-09-24T15:32:17.967933+00:00
801750,计算机,002657,2021-12-13,akshare:index_component_sw,2026-09-24T15:32:17.967933+00:00
801750,计算机,002771,2021-12-13,akshare:index_component_sw,2026-09-24T15:32:17.967933+00:00
801750,计算机,002777,2021-12-13,akshare:index_component_sw,2026-09-24T15:32:17.967933+00:00
801750,计算机,002835,2021-12-13,akshare:index_component_sw,2026-09-24T15:32:17.967933+00:00
801750,计算机,002912,2021-12-13,akshare:index_component_sw,2026-09-24T15:32:17.967933+00:00
801750,计算机,002920,2021-12-13,akshare:index_component_sw,2026-09-24T15:32:17.967933+00:00
801750,计算机,002970,2021-12-13,akshare:index_component_sw,2026-09-24T15:32:17.967933+00:00
801750,计算机,002987,2021-12-13,akshare:index_component_sw,2026-09-24T15:32:17.967933+00:00
801750,计算机,002990,2021-12-13,akshare:index_component_sw,2026-09-24T15:32:17.967933+00:00
801750,计算机,003004,2021-12-13,akshare:index_component_sw,2026-09-24T15:32:17.967933+00:00
801750,计算机,003005,2021-12-13,akshare:index_component_sw,2026-09-24T15:32:17.967933+00:00
801750,计算机,003007,2021-12-13,akshare:index_component_sw,2026-09-24T15:32:17.967933+00:00
801750,计算机,003029,2021-12-13,akshare:index_component_sw,2026-09-24T15:32:17.967933+00:00
801750,计算机,300017,2021-12-13,akshare:index_component_sw,2026-09-24T15:32:17.967933+00:00
801750,计算机,300020,2021-12-13,akshare:index_component_sw,2026-09-24T15:32:17.967933+00:00
801750,计算机,300033,2021-12-13,akshare:index_component_sw,2026-09-24T15:32:17.967933+00:00
801750,计算机,300036,2021-12-13,akshare:index_component_sw,2026-09-24T15:32:17.967933+00:00
801750,计算机,300042,2021-12-13,akshare:index_component_sw,2026-09-24T15:32:17.967933+00:00
801750,计算机,300044,2021-12-13,akshare:index_component_sw,2026-09-24T15:32:17.967933+00:00
801750,计算机,300047,2021-12-13,akshare:index_component_sw,2026-09-24T15:32:17.967933+00:00
801750,计算机,300074,2021-12-13,akshare:index_component_sw,2026-09-24T15:32:17.967933+00:00
801750,计算机,300075,2021-12-13,akshare:index_component_sw,2026-09-24T15:32:17.967933+00:00
801750,计算机,300078,2021-12-13,akshare:index_component_sw,2026-09-24T15:32:17.967933+00:00
801750,计算机,300079,2021-12-13,akshare:index_component_sw,2026-09-24T15:32:17.967933+00:00
801750,计算机,300085,2021-12-13,akshare:index_component_sw,2026-09-24T15:32:17.967933+00:00
801750,计算机,300096,2021-12-13,akshare:index_component_sw,2026-09-24T15:32:17.967933+00:00
801750,计算机,300130,2021-12-13,akshare:index_component_sw,2026-09-24T15:32:17.967933+00:00
801750,计算机,300150,2021-12-13,akshare:index_component_sw,2026-09-24T15:32:17.967933+00:00
801750,计算机,300155,2021-12-13,akshare:index_component_sw,2026-09-24T15:32:17.967933+00:00
801750,计算机,300166,2021-12-13,akshare:index_component_sw,2026-09-24T15:32:17.967933+00:00
801750,计算机,300167,2021-12-13,akshare:index_component_sw,2026-09-24T15:32:17.967933+00:00
801750,计算机,300168,2021-12-13,akshare:index_component_sw,2026-09-24T15:32:17.967933+00:00
801750,计算机,300170,2021-12-13,akshare:index_component_sw,2026-09-24T15:32:17.967933+00:00
801750,计算机,300188,2021-12-13,akshare:index_component_sw,2026-09-24T15:32:17.967933+00:00
801750,计算机,300209,2021-12-13,akshare:index_component_sw,2026-09-24T15:32:17.967933+00:00
801750,计算机,300212,2021-12-13,akshare:index_component_sw,2026-09-24T15:32:17.967933+00:00
801750,计算机,300226,2021-12-13,akshare:index_component_sw,2026-09-24T15:32:17.967933+00:00
801750,计算机,300229,2021-12-13,akshare:index_component_sw,2026-09-24T15:32:17.967933+00:00
801750,计算机,300231,2021-12-13,akshare:index_component_sw,2026-09-24T15:32:17.967933+00:00
801750,计算机,300235,2021-12-13,akshare:index_component_sw,2026-09-24T15:32:17.967933+00:00
801750,计算机,300245,2021-12-13,akshare:index_component_sw,2026-09-24T15:32:17.967933+00:00
801750,计算机,300248,2021-12-13,akshare:index_component_sw,2026-09-24T15:32:17.967933+00:00
801750,计算机,300249,2021-12-13,akshare:index_component_sw,2026-09-24T15:32:17.967933+00:00
801750,计算机,300250,2021-12-13,akshare:index_component_sw,2026-09-24T15:32:17.967933+00:00
801750,计算机,300253,2021-12-13,akshare:index_component_sw,2026-09-24T15:32:17.967933+00:00
801750,计算机,300264,2021-12-13,akshare:index_component_sw,2026-09-24T15:32:17.967933+00:00
801750,计算机,300270,2021-12-13,akshare:index_component_sw,2026-09-24T15:32:17.967933+00:00
801750,计算机,300271,2021-12-13,akshare:index_component_sw,2026-09-24T15:32:17.967933+00:00
801750,计算机,300277,2021-12-13,akshare:index_component_sw,2026-09-24T15:32:17.967933+00:00
801750,计算机,300287,2021-12-13,akshare:index_component_sw,2026-09-24T15:32:17.967933+00:00
801750,计算机,300288,2021-12-13,akshare:index_component_sw,2026-09-24T15:32:17.967933+00:00
801750,计算机,300290,2021-12-13,akshare:index_component_sw,2026-09-24T15:32:17.967933+00:00
801750,计算机,300300,2021-12-13,akshare:index_component_sw,2026-09-24T15:32:17.967933+00:00
801750,计算机,300302,2021-12-13,akshare:index_component_sw,2026-09-24T15:32:17.967933+00:00
801750,计算机,300311,2021-12-13,akshare:index_component_sw,2026-09-24T15:32:17.967933+00:00
801750,计算机,300324,2021-12-13,akshare:index_component_sw,2026-09-24T15:32:17.967933+00:00
801750,计算机,300333,2021-12-13,akshare:index_component_sw,2026-09-24T15:32:17.967933+00:00
801750,计算机,300339,2021-12-13,akshare:index_component_sw,2026-09-24T15:32:17.967933+00:00
801750,计算机,300348,2021-12-13,akshare:index_component_sw,2026-09-24T15:32:17.967933+00:00
801750,计算机,300352,2021-12-13,akshare:index_component_sw,2026-09-24T15:32:17.967933+00:00
801750,计算机,300365,2021-12-13,akshare:index_component_sw,2026-09-24T15:32:17.967933+00:00
801750,计算机,300366,2021-12-13,akshare:index_component_sw,2026-09-24T15:32:17.967933+00:00
801750,计算机,300368,2021-12-13,akshare:index_component_sw,2026-09-24T15:32:17.967933+00:00
801750,计算机,300369,2021-12-13,akshare:index_component_sw,2026-09-24T15:32:17.967933+00:00
801750,计算机,300377,2021-12-13,akshare:index_component_sw,2026-09-24T15:32:17.967933+00:00
801750,计算机,300378,2021-12-13,akshare:index_component_sw,2026-09-24T15:32:17.967933+00:00
801750,计算机,300380,2021-12-13,akshare:index_component_sw,2026-09-24T15:32:17.967933+00:00
801750,计算机,300386,2021-12-13,akshare:index_component_sw,2026-09-24T15:32:17.967933+00:00
801750,计算机,300399,2021-12-13,akshare:index_component_sw,2026-09-24T15:32:17.967933+00:00
801750,计算机,300419,2021-12-13,akshare:index_component_sw,2026-09-24T15:32:17.967933+00:00
801750,计算机,300440,2021-12-13,akshare:index_component_sw,2026-09-24T15:32:17.967933+00:00
801750,计算机,300448,2021-12-13,akshare:index_component_sw,2026-09-24T15:32:17.967933+00:00
801750,计算机,300449,2021-12-13,akshare:index_component_sw,2026-09-24T15:32:17.967933+00:00
801750,计算机,300451,2021-12-13,akshare:index_component_sw,2026-09-24T15:32:17.967933+00:00
801750,计算机,300454,2021-12-13,akshare:index_component_sw,2026-09-24T15:32:17.967933+00:00
801750,计算机,300455,2021-12-13,akshare:index_component_sw,2026-09-24T15:32:17.967933+00:00
801750,计算机,300462,2021-12-13,akshare:index_component_sw,2026-09-24T15:32:17.967933+00:00
801750,计算机,300465,2021-12-13,akshare:index_component_sw,2026-09-24T15:32:17.967933+00:00
801750,计算机,300468,2021-12-13,akshare:index_component_sw,2026-09-24T15:32:17.967933+00:00
801750,计算机,300469,2021-12-13,akshare:index_component_sw,2026-09-24T15:32:17.967933+00:00
801750,计算机,300479,2021-12-13,akshare:index_component_sw,2026-09-24T15:32:17.967933+00:00
801750,计算机,300496,2021-12-13,akshare:index_component_sw,2026-09-24T15:32:17.967933+00:00
801750,计算机,300508,2021-12-13,akshare:index_component_sw,2026-09-24T15:32:17.967933+00:00
801750,计算机,300520,2021-12-13,akshare:index_component_sw,2026-09-24T15:32:17.967933+00:00
801750,计算机,300523,2021-12-13,akshare:index_component_sw,2026-09-24T15:32:17.967933+00:00
801750,计算机,300525,2021-12-13,akshare:index_component_sw,2026-09-24T15:32:17.967933+00:00
801750,计算机,300531,2021-12-13,akshare:index_component_sw,2026-09-24T15:32:17.967933+00:00
801750,计算机,300532,2021-12-13,akshare:index_component_sw,2026-09-24T15:32:17.967933+00:00
801750,计算机,300541,2021-12-13,akshare:index_component_sw,2026-09-24T15:32:17.967933+00:00
801750,计算机,300542,2021-12-13,akshare:index_component_sw,2026-09-24T15:32:17.967933+00:00
801750,计算机,300546,2021-12-13,akshare:index_component_sw,2026-09-24T15:32:17.967933+00:00
801750,计算机,300550,2021-12-13,akshare:index_component_sw,2026-09-24T15:32:17.967933+00:00
801750,计算机,300551,2021-12-13,akshare:index_component_sw,2026-09-24T15:32:17.967933+00:00
801750,计算机,300552,2021-12-13,akshare:index_component_sw,2026-09-24T15:32:17.967933+00:00
801750,计算机,300556,2021-12-13,akshare:index_component_sw,2026-09-24T15:32:17.967933+00:00
801750,计算机,300559,2021-12-13,akshare:index_component_sw,2026-09-24T15:32:17.967933+00:00
801750,计算机,300561,2021-12-13,akshare:index_component_sw,2026-09-24T15:32:17.967933+00:00
801750,计算机,300579,2021-12-13,akshare:index_component_sw,2026-09-24T15:32:17.967933+00:00
801750,计算机,300588,2021-12-13,akshare:index_component_sw,2026-09-24T15:32:17.967933+00:00
801750,计算机,300598,2021-12-13,akshare:index_component_sw,2026-09-24T15:32:17.967933+00:00
801750,计算机,300605,2021-12-13,akshare:index_component_sw,2026-09-24T15:32:17.967933+00:00
801750,计算机,300608,2021-12-13,akshare:index_component_sw,2026-09-24T15:32:17.967933+00:00
801750,计算机,300609,2021-12-13,akshare:index_component_sw,2026-09-24T15:32:17.967933+00:00
801750,计算机,300624,2021-12-13,akshare:index_component_sw,2026-09-24T15:32:17.967933+00:00
801750,计算机,300634,2021-12-13,akshare:index_component_sw,2026-09-24T15:32:17.967933+00:00
801750,计算机,300645,2021-12-13,akshare:index_component_sw,2026-09-24T15:32:17.967933+00:00
801750,计算机,300659,2021-12-13,akshare:index_component_sw,2026-09-24T15:32:17.967933+00:00
801750,计算机,300663,2021-12-13,akshare:index_component_sw,2026-09-24T15:32:17.967933+00:00
801750,计算机,300674,2021-12-13,akshare:index_component_sw,2026-09-24T15:32:17.967933+00:00
801750,计算机,300678,2021-12-13,akshare:index_component_sw,2026-09-24T15:32:17.967933+00:00
801750,计算机,300682,2021-12-13,akshare:index_component_sw,2026-09-24T15:32:17.967933+00:00
801750,计算机,300687,2021-12-13,akshare:index_component_sw,2026-09-24T15:32:17.967933+00:00
801750,计算机,300691,2021-12-13,akshare:index_component_sw,2026-09-24T15:32:17.967933+00:00
801750,计算机,300730,2021-12-13,akshare:index_component_sw,2026-09-24T15:32:17.967933+00:00
801750,计算机,300743,2021-12-13,akshare:index_component_sw,2026-09-24T15:32:17.967933+00:00
801750,计算机,300768,2021-12-13,akshare:index_component_sw,2026-09-24T15:32:17.967933+00:00
801750,计算机,300771,2021-12-13,akshare:index_component_sw,2026-09-24T15:32:17.967933+00:00
801750,计算机,300789,2021-12-13,akshare:index_component_sw,2026-09-24T15:32:17.967933+00:00
801750,计算机,300790,2021-12-13,akshare:index_component_sw,2026-09-24T15:32:17.967933+00:00
801750,计算机,300803,2021-12-13,akshare:index_component_sw,2026-09-24T15:32:17.967933+00:00
801750,计算机,300807,2021-12-13,akshare:index_component_sw,2026-09-24T15:32:17.967933+00:00
801750,计算机,300830,2021-12-13,akshare:index_component_sw,2026-09-24T15:32:17.967933+00:00
801750,计算机,300845,2021-12-13,akshare:index_component_sw,2026-09-24T15:32:17.967933+00:00
801750,计算机,300846,2021-12-13,akshare:index_component_sw,2026-09-24T15:32:17.967933+00:00
801750,计算机,300872,2021-12-13,akshare:index_component_sw,2026-09-24T15:32:17.967933+00:00
801750,计算机,300884,2021-12-13,akshare:index_component_sw,2026-09-24T15:32:17.967933+00:00
801750,计算机,300895,2021-12-13,akshare:index_component_sw,2026-09-24T15:32:17.967933+00:00
801750,计算机,300925,2021-12-13,akshare:index_component_sw,2026-09-24T15:32:17.967933+00:00
801750,计算机,300935,2021-12-13,akshare:index_component_sw,2026-09-24T15:32:17.967933+00:00
801750,计算机,300941,2021-12-13,akshare:index_component_sw,2026-09-24T15:32:17.967933+00:00
801750,计算机,300996,2021-12-13,akshare:index_component_sw,2026-09-24T15:32:17.967933+00:00
801750,计算机,301042,2021-12-13,akshare:index_component_sw,2026-09-24T15:32:17.967933+00:00
801750,计算机,301085,2021-12-13,akshare:index_component_sw,2026-09-24T15:32:17.967933+00:00
801750,计算机,301178,2021-12-13,akshare:index_component_sw,2026-09-24T15:32:17.967933+00:00
801750,计算机,301185,2021-12-13,akshare:index_component_sw,2026-09-24T15:32:17.967933+00:00
801750,计算机,600100,2021-12-13,akshare:index_component_sw,2026-09-24T15:32:17.967933+00:00
801750,计算机,600131,2021-12-13,akshare:index_component_sw,2026-09-24T15:32:17.967933+00:00
801750,计算机,600271,2021-12-13,akshare:index_component_sw,2026-09-24T15:32:17.967933+00:00
801750,计算机,600410,2021-12-13,akshare:index_component_sw,2026-09-24T15:32:17.967933+00:00
801750,计算机,600446,2021-12-13,akshare:index_component_sw,2026-09-24T15:32:17.967933+00:00
801750,计算机,600455,2021-12-13,akshare:index_component_sw,2026-09-24T15:32:17.967933+00:00
801750,计算机,600476,2021-12-13,akshare:index_component_sw,2026-09-24T15:32:17.967933+00:00
801750,计算机,600536,2021-12-13,akshare:index_component_sw,2026-09-24T15:32:17.967933+00:00
801750,计算机,600570,2021-12-13,akshare:index_component_sw,2026-09-24T15:32:17.967933+00:00
801750,计算机,600571,2021-12-13,akshare:index_component_sw,2026-09-24T15:32:17.967933+00:00
801750,计算机,600588,2021-12-13,akshare:index_component_sw,2026-09-24T15:32:17.967933+00:00
801750,计算机,600602,2021-12-13,akshare:index_component_sw,2026-09-24T15:32:17.967933+00:00
801750,计算机,600654,2021-12-13,akshare:index_component_sw,2026-09-24T15:32:17.967933+00:00
801750,计算机,600718,2021-12-13,akshare:index_component_sw,2026-09-24T15:32:17.967933+00:00
801750,计算机,600728,2021-12-13,akshare:index_component_sw,2026-09-24T15:32:17.967933+00:00
801750,计算机,600756,2021-12-13,akshare:index_component_sw,2026-09-24T15:32:17.967933+00:00
801750,计算机,600797,2021-12-13,akshare:index_component_sw,2026-09-24T15:32:17.967933+00:00
801750,计算机,600845,2021-12-13,akshare:index_component_sw,2026-09-24T15:32:17.967933+00:00
801750,计算机,600850,2021-12-13,akshare:index_component_sw,2026-09-24T15:32:17.967933+00:00
801750,计算机,601360,2021-12-13,akshare:index_component_sw,2026-09-24T15:32:17.967933+00:00
801750,计算机,601519,2021-12-13,akshare:index_component_sw,2026-09-24T15:32:17.967933+00:00
801750,计算机,603019,2021-12-13,akshare:index_component_sw,2026-09-24T15:32:17.967933+00:00
801750,计算机,603039,2021-12-13,akshare:index_component_sw,2026-09-24T15:32:17.967933+00:00
801750,计算机,603106,2021-12-13,akshare:index_component_sw,2026-09-24T15:32:17.967933+00:00
801750,计算机,603138,2021-12-13,akshare:index_component_sw,2026-09-24T15:32:17.967933+00:00
801750,计算机,603171,2021-12-13,akshare:index_component_sw,2026-09-24T15:32:17.967933+00:00
801750,计算机,603189,2021-12-13,akshare:index_component_sw,2026-09-24T15:32:17.967933+00:00
801750,计算机,603232,2021-12-13,akshare:index_component_sw,2026-09-24T15:32:17.967933+00:00
801750,计算机,603383,2021-12-13,akshare:index_component_sw,2026-09-24T15:32:17.967933+00:00
801750,计算机,603496,2021-12-13,akshare:index_component_sw,2026-09-24T15:32:17.967933+00:00
801750,计算机,603508,2021-12-13,akshare:index_component_sw,2026-09-24T15:32:17.967933+00:00
801750,计算机,603516,2021-12-13,akshare:index_component_sw,2026-09-24T15:32:17.967933+00:00
801750,计算机,603528,2021-12-13,akshare:index_component_sw,2026-09-24T15:32:17.967933+00:00
801750,计算机,603636,2021-12-13,akshare:index_component_sw,2026-09-24T15:32:17.967933+00:00
801750,计算机,603660,2021-12-13,akshare:index_component_sw,2026-09-24T15:32:17.967933+00:00
801750,计算机,603869,2021-12-13,akshare:index_component_sw,2026-09-24T15:32:17.967933+00:00
801750,计算机,603887,2021-12-13,akshare:index_component_sw,2026-09-24T15:32:17.967933+00:00
801750,计算机,603918,2021-12-13,akshare:index_component_sw,2026-09-24T15:32:17.967933+00:00
801750,计算机,603927,2021-12-13,akshare:index_component_sw,2026-09-24T15:32:17.967933+00:00
801750,计算机,603990,2021-12-13,akshare:index_component_sw,2026-09-24T15:32:17.967933+00:00
801750,计算机,605118,2021-12-13,akshare:index_component_sw,2026-09-24T15:32:17.967933+00:00
801750,计算机,605398,2021-12-13,akshare:index_component_sw,2026-09-24T15:32:17.967933+00:00
801750,计算机,688004,2021-12-13,akshare:index_component_sw,2026-09-24T15:32:17.967933+00:00
801750,计算机,688023,2021-12-13,akshare:index_component_sw,2026-09-24T15:32:17.967933+00:00
801750,计算机,688030,2021-12-13,akshare:index_component_sw,2026-09-24T15:32:17.967933+00:00
801750,计算机,688038,2021-12-13,akshare:index_component_sw,2026-09-24T15:32:17.967933+00:00
801750,计算机,688039,2021-12-13,akshare:index_component_sw,2026-09-24T15:32:17.967933+00:00
801750,计算机,688051,2021-12-13,akshare:index_component_sw,2026-09-24T15:32:17.967933+00:00
801750,计算机,688058,2021-12-13,akshare:index_component_sw,2026-09-24T15:32:17.967933+00:00
801750,计算机,688060,2021-12-13,akshare:index_component_sw,2026-09-24T15:32:17.967933+00:00
801750,计算机,688066,2021-12-13,akshare:index_component_sw,2026-09-24T15:32:17.967933+00:00
801750,计算机,688083,2021-12-13,akshare:index_component_sw,2026-09-24T15:32:17.967933+00:00
801750,计算机,688088,2021-12-13,akshare:index_component_sw,2026-09-24T15:32:17.967933+00:00
801750,计算机,688095,2021-12-13,akshare:index_component_sw,2026-09-24T15:32:17.967933+00:00
801750,计算机,688109,2021-12-13,akshare:index_component_sw,2026-09-24T15:32:17.967933+00:00
801750,计算机,688111,2021-12-13,akshare:index_component_sw,2026-09-24T15:32:17.967933+00:00
801750,计算机,688118,2021-12-13,akshare:index_component_sw,2026-09-24T15:32:17.967933+00:00
801750,计算机,688158,2021-12-13,akshare:index_component_sw,2026-09-24T15:32:17.967933+00:00
801750,计算机,688168,2021-12-13,akshare:index_component_sw,2026-09-24T15:32:17.967933+00:00
801750,计算机,688188,2021-12-13,akshare:index_component_sw,2026-09-24T15:32:17.967933+00:00
801750,计算机,688201,2021-12-13,akshare:index_component_sw,2026-09-24T15:32:17.967933+00:00
801750,计算机,688208,2021-12-13,akshare:index_component_sw,2026-09-24T15:32:17.967933+00:00
801750,计算机,688228,2021-12-13,akshare:index_component_sw,2026-09-24T15:32:17.967933+00:00
801750,计算机,688229,2021-12-13,akshare:index_component_sw,2026-09-24T15:32:17.967933+00:00
801750,计算机,688232,2021-12-13,akshare:index_component_sw,2026-09-24T15:32:17.967933+00:00
801750,计算机,688258,2021-12-13,akshare:index_component_sw,2026-09-24T15:32:17.967933+00:00
801750,计算机,688288,2021-12-13,akshare:index_component_sw,2026-09-24T15:32:17.967933+00:00
801750,计算机,688296,2021-12-13,akshare:index_component_sw,2026-09-24T15:32:17.967933+00:00
801750,计算机,688316,2021-12-13,akshare:index_component_sw,2026-09-24T15:32:17.967933+00:00
801750,计算机,688318,2021-12-13,akshare:index_component_sw,2026-09-24T15:32:17.967933+00:00
801750,计算机,688365,2021-12-13,akshare:index_component_sw,2026-09-24T15:32:17.967933+00:00
801750,计算机,688369,2021-12-13,akshare:index_component_sw,2026-09-24T15:32:17.967933+00:00
801750,计算机,688500,2021-12-13,akshare:index_component_sw,2026-09-24T15:32:17.967933+00:00
801750,计算机,688509,2021-12-13,akshare:index_component_sw,2026-09-24T15:32:17.967933+00:00
801750,计算机,688561,2021-12-13,akshare:index_component_sw,2026-09-24T15:32:17.967933+00:00
801750,计算机,688568,2021-12-13,akshare:index_component_sw,2026-09-24T15:32:17.967933+00:00
801750,计算机,688579,2021-12-13,akshare:index_component_sw,2026-09-24T15:32:17.967933+00:00
801750,计算机,688588,2021-12-13,akshare:index_component_sw,2026-09-24T15:32:17.967933+00:00
801750,计算机,688590,2021-12-13,akshare:index_component_sw,2026-09-24T15:32:17.967933+00:00
801750,计算机,688619,2021-12-13,akshare:index_component_sw,2026-09-24T15:32:17.967933+00:00
801750,计算机,688787,2021-12-13,akshare:index_component_sw,2026-09-24T15:32:17.967933+00:00
801750,计算机,688246,2021-12-14,akshare:index_component_sw,2026-09-24T15:32:17.967933+00:00
801750,计算机,300766,2021-12-28,akshare:index_component_sw,2026-09-24T15:32:17.967933+00:00
801750,计算机,688227,2021-12-30,akshare:index_component_sw,2026-09-24T15:32:17.967933+00:00
801750,计算机,301159,2022-01-07,akshare:index_component_sw,2026-09-24T15:32:17.967933+00:00
801750,计算机,301117,2022-01-17,akshare:index_component_sw,2026-09-24T15:32:17.967933+00:00
801750,计算机,002261,2022-01-25,akshare:index_component_sw,2026-09-24T15:32:17.967933+00:00
801750,计算机,688171,2022-01-27,akshare:index_component_sw,2026-09-24T15:32:17.967933+00:00
801750,计算机,688225,2022-02-09,akshare:index_component_sw,2026-09-24T15:32:17.967933+00:00
801750,计算机,301218,2022-03-07,akshare:index_component_sw,2026-09-24T15:32:17.967933+00:00
801750,计算机,301236,2022-03-15,akshare:index_component_sw,2026-09-24T15:32:17.967933+00:00
801750,计算机,688207,2022-03-17,akshare:index_component_sw,2026-09-24T15:32:17.967933+00:00
801750,计算机,688326,2022-04-19,akshare:index_component_sw,2026-09-24T15:32:17.967933+00:00
801750,计算机,301248,2022-04-20,akshare:index_component_sw,2026-09-24T15:32:17.967933+00:00
801750,计算机,301162,2022-04-29,akshare:index_component_sw,2026-09-24T15:32:17.967933+00:00
801750,计算机,301153,2022-05-18,akshare:index_component_sw,2026-09-24T15:32:17.967933+00:00
801750,计算机,688327,2022-05-27,akshare:index_component_sw,2026-09-24T15:32:17.967933+00:00
801750,计算机,688251,2022-06-06,akshare:index_component_sw,2026-09-24T15:32:17.967933+00:00
801750,计算机,301208,2022-07-07,akshare:index_component_sw,2026-09-24T15:32:17.967933+00:00
801750,计算机,301269,2022-07-29,akshare:index_component_sw,2026-09-24T15:32:17.967933+00:00
801750,计算机,000409,2022-08-01,akshare:index_component_sw,2026-09-24T15:32:17.967933+00:00
801750,计算机,300275,2022-08-01,akshare:index_component_sw,2026-09-24T15:32:17.967933+00:00
801750,计算机,301195,2022-08-01,akshare:index_component_sw,2026-09-24T15:32:17.967933+00:00
801750,计算机,603859,2022-08-01,akshare:index_component_sw,2026-09-24T15:32:17.967933+00:00
801750,计算机,301095,2022-08-05,akshare:index_component_sw,2026-09-24T15:32:17.967933+00:00
801750,计算机,001229,2022-08-08,akshare:index_component_sw,2026-09-24T15:32:17.967933+00:00
801750,计算机,301318,2022-08-10,akshare:index_component_sw,2026-09-24T15:32:17.967933+00:00
801750,计算机,001339,2022-08-15,akshare:index_component_sw,2026-09-24T15:32:17.967933+00:00
801750,计算机,301330,2022-08-17,akshare:index_component_sw,2026-09-24T15:32:17.967933+00:00
801750,计算机,301270,2022-08-31,akshare:index_component_sw,2026-09-24T15:32:17.967933+00:00
801750,计算机,301339,2022-09-09,akshare:index_component_sw,2026-09-24T15:32:17.967933+00:00
801750,计算机,301316,2022-10-13,akshare:index_component_sw,2026-09-24T15:32:17.967933+00:00
801750,计算机,688031,2022-10-18,akshare:index_component_sw,2026-09-24T15:32:17.967933+00:00
801750,计算机,688244,2022-10-19,akshare:index_component_sw,2026-09-24T15:32:17.967933+00:00
801750,计算机,688291,2022-10-26,akshare:index_component_sw,2026-09-24T15:32:17.967933+00:00
801750,计算机,688152,2022-10-28,akshare:index_component_sw,2026-09-24T15:32:17.967933+00:00
801750,计算机,301396,2022-11-11,akshare:index_component_sw,2026-09-24T15:32:17.967933+00:00
801750,计算机,688206,2022-11-15,akshare:index_component_sw,2026-09-24T15:32:17.967933+00:00
801750,计算机,301391,2022-12-01,akshare:index_component_sw,2026-09-24T15:32:17.967933+00:00
801750,计算机,688489,2022-12-02,akshare:index_component_sw,2026-09-24T15:32:17.967933+00:00
801750,计算机,688475,2022-12-28,akshare:index_component_sw,2026-09-24T15:32:17.967933+00:00
801750,计算机,688435,2023-01-19,akshare:index_component_sw,2026-09-24T15:32:17.967933+00:00
801750,计算机,002180,2023-03-17,akshare:index_component_sw,2026-09-24T15:32:17.967933+00:00
801750,计算机,301378,2023-03-20,akshare:index_component_sw,2026-09-24T15:32:17.967933+00:00
801750,计算机,688343,2023-04-04,akshare:index_component_sw,2026-09-24T15:32:17.967933+00:00
801750,计算机,688507,2023-04-18,akshare:index_component_sw,2026-09-24T15:32:17.967933+00:00
801750,计算机,688479,2023-05-11,akshare:index_component_sw,2026-09-24T15:32:17.967933+00:00
801750,计算机,002908,2023-05-24,akshare:index_component_sw,2026-09-24T15:32:17.967933+00:00
801750,计算机,688562,2023-05-24,akshare:index_component_sw,2026-09-24T15:32:17.967933+00:00
801750,计算机,301337,2023-05-26,akshare:index_component_sw,2026-09-24T15:32:17.967933+00:00
801750,计算机,301315,2023-06-21,akshare:index_component_sw,2026-09-24T15:32:17.967933+00:00
801750,计算机,688631,2023-06-28,akshare:index_component_sw,2026-09-24T15:32:17.967933+00:00
801750,计算机,688078,2023-07-06,akshare:index_component_sw,2026-09-24T15:32:17.967933+00:00
801750,计算机,301503,2023-07-17,akshare:index_component_sw,2026-09-24T15:32:17.967933+00:00
801750,计算机,301172,2023-07-26,akshare:index_component_sw,2026-09-24T15:32:17.967933+00:00
801750,计算机,688651,2023-07-26,akshare:index_component_sw,2026-09-24T15:32:17.967933+00:00
801750,计算机,688657,2023-10-10,akshare:index_component_sw,2026-09-24T15:32:17.967933+00:00
801750,计算机,301589,2024-02-08,akshare:index_component_sw,2026-09-24T15:32:17.967933+00:00
801750,计算机,688695,2024-03-13,akshare:index_component_sw,2026-09-24T15:32:17.967933+00:00
801750,计算机,688292,2024-05-22,akshare:index_component_sw,2026-09-24T15:32:17.967933+00:00
801750,计算机,688692,2024-06-12,akshare:index_component_sw,2026-09-24T15:32:17.967933+00:00
801750,计算机,600589,2024-07-25,akshare:index_component_sw,2026-09-24T15:32:17.967933+00:00
801750,计算机,000815,2024-07-31,akshare:index_component_sw,2026-09-24T15:32:17.967933+00:00
801750,计算机,002869,2024-07-31,akshare:index_component_sw,2026-09-24T15:32:17.967933+00:00
801750,计算机,300847,2024-07-31,akshare:index_component_sw,2026-09-24T15:32:17.967933+00:00
801750,计算机,301182,2024-07-31,akshare:index_component_sw,2026-09-24T15:32:17.967933+00:00
801750,计算机,600288,2024-07-31,akshare:index_component_sw,2026-09-24T15:32:17.967933+00:00
801750,计算机,301608,2024-08-01,akshare:index_component_sw,2026-09-24T15:32:17.967933+00:00
801750,计算机,301600,2024-09-11,akshare:index_component_sw,2026-09-24T15:32:17.967933+00:00
801750,计算机,688615,2024-09-26,akshare:index_component_sw,2026-09-24T15:32:17.967933+00:00
801750,计算机,301556,2024-10-17,akshare:index_component_sw,2026-09-24T15:32:17.967933+00:00
801750,计算机,301638,2025-11-18,akshare:index_component_sw,2026-09-24T15:32:17.967933+00:00
801750,计算机,002229,2026-07-02,akshare:index_component_sw,2026-09-24T15:32:17.967933+00:00
801750,计算机,300536,2026-07-02,akshare:index_component_sw,2026-09-24T15:32:17.967933+00:00
801750,计算机,600666,2026-07-02,akshare:index_component_sw,2026-09-24T15:32:17.967933+00:00
801750,计算机,000034,2021-12-13,akshare:index_component_sw,2026-09-24T15:32:17.967933+00:00
801760,传媒,000607,2021-12-13,akshare:index_component_sw,2026-09-24T15:32:18.027725+00:00
801760,传媒,000665,2021-12-13,akshare:index_component_sw,2026-09-24T15:32:18.027725+00:00
801760,传媒,000676,2021-12-13,akshare:index_component_sw,2026-09-24T15:32:18.027725+00:00
801760,传媒,000681,2021-12-13,akshare:index_component_sw,2026-09-24T15:32:18.027725+00:00
801760,传媒,000719,2021-12-13,akshare:index_component_sw,2026-09-24T15:32:18.027725+00:00
801760,传媒,000793,2021-12-13,akshare:index_component_sw,2026-09-24T15:32:18.027725+00:00
801760,传媒,000802,2021-12-13,akshare:index_component_sw,2026-09-24T15:32:18.027725+00:00
801760,传媒,000892,2021-12-13,akshare:index_component_sw,2026-09-24T15:32:18.027725+00:00
801760,传媒,000917,2021-12-13,akshare:index_component_sw,2026-09-24T15:32:18.027725+00:00
801760,传媒,002027,2021-12-13,akshare:index_component_sw,2026-09-24T15:32:18.027725+00:00
801760,传媒,002095,2021-12-13,akshare:index_component_sw,2026-09-24T15:32:18.027725+00:00
801760,传媒,002174,2021-12-13,akshare:index_component_sw,2026-09-24T15:32:18.027725+00:00
801760,传媒,002181,2021-12-13,akshare:index_component_sw,2026-09-24T15:32:18.027725+00:00
801760,传媒,002238,2021-12-13,akshare:index_component_sw,2026-09-24T15:32:18.027725+00:00
801760,传媒,002291,2021-12-13,akshare:index_component_sw,2026-09-24T15:32:18.027725+00:00
801760,传媒,002292,2021-12-13,akshare:index_component_sw,2026-09-24T15:32:18.027725+00:00
801760,传媒,002343,2021-12-13,akshare:index_component_sw,2026-09-24T15:32:18.027725+00:00
801760,传媒,002400,2021-12-13,akshare:index_component_sw,2026-09-24T15:32:18.027725+00:00
801760,传媒,002425,2021-12-13,akshare:index_component_sw,2026-09-24T15:32:18.027725+00:00
801760,传媒,002517,2021-12-13,akshare:index_component_sw,2026-09-24T15:32:18.027725+00:00
801760,传媒,002555,2021-12-13,akshare:index_component_sw,2026-09-24T15:32:18.027725+00:00
801760,传媒,002558,2021-12-13,akshare:index_component_sw,2026-09-24T15:32:18.027725+00:00
801760,传媒,002602,2021-12-13,akshare:index_component_sw,2026-09-24T15:32:18.027725+00:00
801760,传媒,002605,2021-12-13,akshare:index_component_sw,2026-09-24T15:32:18.027725+00:00
801760,传媒,002624,2021-12-13,akshare:index_component_sw,2026-09-24T15:32:18.027725+00:00
801760,传媒,002712,2021-12-13,akshare:index_component_sw,2026-09-24T15:32:18.027725+00:00
801760,传媒,002739,2021-12-13,akshare:index_component_sw,2026-09-24T15:32:18.027725+00:00
801760,传媒,002905,2021-12-13,akshare:index_component_sw,2026-09-24T15:32:18.027725+00:00
801760,传媒,002995,2021-12-13,akshare:index_component_sw,2026-09-24T15:32:18.027725+00:00
801760,传媒,300002,2021-12-13,akshare:index_component_sw,2026-09-24T15:32:18.027725+00:00
801760,传媒,300027,2021-12-13,akshare:index_component_sw,2026-09-24T15:32:18.027725+00:00
801760,传媒,300031,2021-12-13,akshare:index_component_sw,2026-09-24T15:32:18.027725+00:00
801760,传媒,300043,2021-12-13,akshare:index_component_sw,2026-09-24T15:32:18.027725+00:00
801760,传媒,300052,2021-12-13,akshare:index_component_sw,2026-09-24T15:32:18.027725+00:00
801760,传媒,300058,2021-12-13,akshare:index_component_sw,2026-09-24T15:32:18.027725+00:00
801760,传媒,300061,2021-12-13,akshare:index_component_sw,2026-09-24T15:32:18.027725+00:00
801760,传媒,300063,2021-12-13,akshare:index_component_sw,2026-09-24T15:32:18.027725+00:00
801760,传媒,300071,2021-12-13,akshare:index_component_sw,2026-09-24T15:32:18.027725+00:00
801760,传媒,300113,2021-12-13,akshare:index_component_sw,2026-09-24T15:32:18.027725+00:00
801760,传媒,300133,2021-12-13,akshare:index_component_sw,2026-09-24T15:32:18.027725+00:00
801760,传媒,300182,2021-12-13,akshare:index_component_sw,2026-09-24T15:32:18.027725+00:00
801760,传媒,300242,2021-12-13,akshare:index_component_sw,2026-09-24T15:32:18.027725+00:00
801760,传媒,300251,2021-12-13,akshare:index_component_sw,2026-09-24T15:32:18.027725+00:00
801760,传媒,300291,2021-12-13,akshare:index_component_sw,2026-09-24T15:32:18.027725+00:00
801760,传媒,300295,2021-12-13,akshare:index_component_sw,2026-09-24T15:32:18.027725+00:00
801760,传媒,300299,2021-12-13,akshare:index_component_sw,2026-09-24T15:32:18.027725+00:00
801760,传媒,300315,2021-12-13,akshare:index_component_sw,2026-09-24T15:32:18.027725+00:00
801760,传媒,300364,2021-12-13,akshare:index_component_sw,2026-09-24T15:32:18.027725+00:00
801760,传媒,300413,2021-12-13,akshare:index_component_sw,2026-09-24T15:32:18.027725+00:00
801760,传媒,300418,2021-12-13,akshare:index_component_sw,2026-09-24T15:32:18.027725+00:00
801760,传媒,300426,2021-12-13,akshare:index_component_sw,2026-09-24T15:32:18.027725+00:00
801760,传媒,300459,2021-12-13,akshare:index_component_sw,2026-09-24T15:32:18.027725+00:00
801760,传媒,300467,2021-12-13,akshare:index_component_sw,2026-09-24T15:32:18.027725+00:00
801760,传媒,300494,2021-12-13,akshare:index_component_sw,2026-09-24T15:32:18.027725+00:00
801760,传媒,300528,2021-12-13,akshare:index_component_sw,2026-09-24T15:32:18.027725+00:00
801760,传媒,300533,2021-12-13,akshare:index_component_sw,2026-09-24T15:32:18.027725+00:00
801760,传媒,300612,2021-12-13,akshare:index_component_sw,2026-09-24T15:32:18.027725+00:00
801760,传媒,300654,2021-12-13,akshare:index_component_sw,2026-09-24T15:32:18.027725+00:00
801760,传媒,300770,2021-12-13,akshare:index_component_sw,2026-09-24T15:32:18.027725+00:00
801760,传媒,300781,2021-12-13,akshare:index_component_sw,2026-09-24T15:32:18.027725+00:00
801760,传媒,300785,2021-12-13,akshare:index_component_sw,2026-09-24T15:32:18.027725+00:00
801760,传媒,300788,2021-12-13,akshare:index_component_sw,2026-09-24T15:32:18.027725+00:00
801760,传媒,300805,2021-12-13,akshare:index_component_sw,2026-09-24T15:32:18.027725+00:00
801760,传媒,300987,2021-12-13,akshare:index_component_sw,2026-09-24T15:32:18.027725+00:00
801760,传媒,301025,2021-12-13,akshare:index_component_sw,2026-09-24T15:32:18.027725+00:00
801760,传媒,301052,2021-12-13,akshare:index_component_sw,2026-09-24T15:32:18.027725+00:00
801760,传媒,600037,2021-12-13,akshare:index_component_sw,2026-09-24T15:32:18.027725+00:00
801760,传媒,600228,2021-12-13,akshare:index_component_sw,2026-09-24T15:32:18.027725+00:00
801760,传媒,600229,2021-12-13,akshare:index_component_sw,2026-09-24T15:32:18.027725+00:00
801760,传媒,600358,2021-12-13,akshare:index_component_sw,2026-09-24T15:32:18.027725+00:00
801760,传媒,600373,2021-12-13,akshare:index_component_sw,2026-09-24T15:32:18.027725+00:00
801760,传媒,600551,2021-12-13,akshare:index_component_sw,2026-09-24T15:32:18.027725+00:00
801760,传媒,600556,2021-12-13,akshare:index_component_sw,2026-09-24T15:32:18.027725+00:00
801760,传媒,600633,2021-12-13,akshare:index_component_sw,2026-09-24T15:32:18.027725+00:00
801760,传媒,600637,2021-12-13,akshare:index_component_sw,2026-09-24T15:32:18.027725+00:00
801760,传媒,600715,2021-12-13,akshare:index_component_sw,2026-09-24T15:32:18.027725+00:00
801760,传媒,600757,2021-12-13,akshare:index_component_sw,2026-09-24T15:32:18.027725+00:00
801760,传媒,600825,2021-12-13,akshare:index_component_sw,2026-09-24T15:32:18.027725+00:00
801760,传媒,600831,2021-12-13,akshare:index_component_sw,2026-09-24T15:32:18.027725+00:00
801760,传媒,600892,2021-12-13,akshare:index_component_sw,2026-09-24T15:32:18.027725+00:00
801760,传媒,600936,2021-12-13,akshare:index_component_sw,2026-09-24T15:32:18.027725+00:00
801760,传媒,600959,2021-12-13,akshare:index_component_sw,2026-09-24T15:32:18.027725+00:00
801760,传媒,600977,2021-12-13,akshare:index_component_sw,2026-09-24T15:32:18.027725+00:00
801760,传媒,600986,2021-12-13,akshare:index_component_sw,2026-09-24T15:32:18.027725+00:00
801760,传媒,600996,2021-12-13,akshare:index_component_sw,2026-09-24T15:32:18.027725+00:00
801760,传媒,601019,2021-12-13,akshare:index_component_sw,2026-09-24T15:32:18.027725+00:00
801760,传媒,601098,2021-12-13,akshare:index_component_sw,2026-09-24T15:32:18.027725+00:00
801760,传媒,601595,2021-12-13,akshare:index_component_sw,2026-09-24T15:32:18.027725+00:00
801760,传媒,601801,2021-12-13,akshare:index_component_sw,2026-09-24T15:32:18.027725+00:00
801760,传媒,601811,2021-12-13,akshare:index_component_sw,2026-09-24T15:32:18.027725+00:00
801760,传媒,601858,2021-12-13,akshare:index_component_sw,2026-09-24T15:32:18.027725+00:00
801760,传媒,601900,2021-12-13,akshare:index_component_sw,2026-09-24T15:32:18.027725+00:00
801760,传媒,601921,2021-12-13,akshare:index_component_sw,2026-09-24T15:32:18.027725+00:00
801760,传媒,601928,2021-12-13,akshare:index_component_sw,2026-09-24T15:32:18.027725+00:00
801760,传媒,601929,2021-12-13,akshare:index_component_sw,2026-09-24T15:32:18.027725+00:00
801760,传媒,601949,2021-12-13,akshare:index_component_sw,2026-09-24T15:32:18.027725+00:00
801760,传媒,601999,2021-12-13,akshare:index_component_sw,2026-09-24T15:32:18.027725+00:00
801760,传媒,603000,2021-12-13,akshare:index_component_sw,2026-09-24T15:32:18.027725+00:00
801760,传媒,603096,2021-12-13,akshare:index_component_sw,2026-09-24T15:32:18.027725+00:00
801760,传媒,603103,2021-12-13,akshare:index_component_sw,2026-09-24T15:32:18.027725+00:00
801760,传媒,603258,2021-12-13,akshare:index_component_sw,2026-09-24T15:32:18.027725+00:00
801760,传媒,603444,2021-12-13,akshare:index_component_sw,2026-09-24T15:32:18.027725+00:00
801760,传媒,603533,2021-12-13,akshare:index_component_sw,2026-09-24T15:32:18.027725+00:00
801760,传媒,603598,2021-12-13,akshare:index_component_sw,2026-09-24T15:32:18.027725+00:00
801760,传媒,603721,2021-12-13,akshare:index_component_sw,2026-09-24T15:32:18.027725+00:00
801760,传媒,603729,2021-12-13,akshare:index_component_sw,2026-09-24T15:32:18.027725+00:00
801760,传媒,603825,2021-12-13,akshare:index_component_sw,2026-09-24T15:32:18.027725+00:00
801760,传媒,603888,2021-12-13,akshare:index_component_sw,2026-09-24T15:32:18.027725+00:00
801760,传媒,603999,2021-12-13,akshare:index_component_sw,2026-09-24T15:32:18.027725+00:00
801760,传媒,605168,2021-12-13,akshare:index_component_sw,2026-09-24T15:32:18.027725+00:00
801760,传媒,605577,2021-12-13,akshare:index_component_sw,2026-09-24T15:32:18.027725+00:00
801760,传媒,603466,2022-01-18,akshare:index_component_sw,2026-09-24T15:32:18.027725+00:00
801760,传媒,301102,2022-03-28,akshare:index_component_sw,2026-09-24T15:32:18.027725+00:00
801760,传媒,002878,2022-08-01,akshare:index_component_sw,2026-09-24T15:32:18.027725+00:00
801760,传媒,600088,2022-08-01,akshare:index_component_sw,2026-09-24T15:32:18.027725+00:00
801760,传媒,001330,2022-08-18,akshare:index_component_sw,2026-09-24T15:32:18.027725+00:00
801760,传媒,301171,2022-08-19,akshare:index_component_sw,2026-09-24T15:32:18.027725+00:00
801760,传媒,301231,2022-09-08,akshare:index_component_sw,2026-09-24T15:32:18.027725+00:00
801760,传媒,301313,2022-09-30,akshare:index_component_sw,2026-09-24T15:32:18.027725+00:00
801760,传媒,301299,2022-10-19,akshare:index_component_sw,2026-09-24T15:32:18.027725+00:00
801760,传媒,301262,2023-06-20,akshare:index_component_sw,2026-09-24T15:32:18.027725+00:00
801760,传媒,002354,2023-07-06,akshare:index_component_sw,2026-09-24T15:32:18.027725+00:00
801760,传媒,300148,2023-07-06,akshare:index_component_sw,2026-09-24T15:32:18.027725+00:00
801760,传媒,603230,2023-07-06,akshare:index_component_sw,2026-09-24T15:32:18.027725+00:00
801760,传媒,002919,2023-09-19,akshare:index_component_sw,2026-09-24T15:32:18.027725+00:00
801760,传媒,002264,2023-12-11,akshare:index_component_sw,2026-09-24T15:32:18.027725+00:00
801760,传媒,301551,2024-09-26,akshare:index_component_sw,2026-09-24T15:32:18.027725+00:00
801760,传媒,600640,2025-09-29,akshare:index_component_sw,2026-09-24T15:32:18.027725+00:00
801760,传媒,603602,2026-03-06,akshare:index_component_sw,2026-09-24T15:32:18.027725+00:00
801760,传媒,000156,2021-12-13,akshare:index_component_sw,2026-09-24T15:32:18.027725+00:00
801770,通信,000070,2021-12-13,akshare:index_component_sw,2026-09-24T15:32:18.094936+00:00
801770,通信,000586,2021-12-13,akshare:index_component_sw,2026-09-24T15:32:18.094936+00:00
801770,通信,000889,2021-12-13,akshare:index_component_sw,2026-09-24T15:32:18.094936+00:00
801770,通信,002017,2021-12-13,akshare:index_component_sw,2026-09-24T15:32:18.094936+00:00
801770,通信,002104,2021-12-13,akshare:index_component_sw,2026-09-24T15:32:18.094936+00:00
801770,通信,002115,2021-12-13,akshare:index_component_sw,2026-09-24T15:32:18.094936+00:00
801770,通信,002123,2021-12-13,akshare:index_component_sw,2026-09-24T15:32:18.094936+00:00
801770,通信,002194,2021-12-13,akshare:index_component_sw,2026-09-24T15:32:18.094936+00:00
801770,通信,002281,2021-12-13,akshare:index_component_sw,2026-09-24T15:32:18.094936+00:00
801770,通信,002296,2021-12-13,akshare:index_component_sw,2026-09-24T15:32:18.094936+00:00
801770,通信,002313,2021-12-13,akshare:index_component_sw,2026-09-24T15:32:18.094936+00:00
801770,通信,002396,2021-12-13,akshare:index_component_sw,2026-09-24T15:32:18.094936+00:00
801770,通信,002467,2021-12-13,akshare:index_component_sw,2026-09-24T15:32:18.094936+00:00
801770,通信,002491,2021-12-13,akshare:index_component_sw,2026-09-24T15:32:18.094936+00:00
801770,通信,002544,2021-12-13,akshare:index_component_sw,2026-09-24T15:32:18.094936+00:00
801770,通信,002583,2021-12-13,akshare:index_component_sw,2026-09-24T15:32:18.094936+00:00
801770,通信,002792,2021-12-13,akshare:index_component_sw,2026-09-24T15:32:18.094936+00:00
801770,通信,002897,2021-12-13,akshare:index_component_sw,2026-09-24T15:32:18.094936+00:00
801770,通信,002902,2021-12-13,akshare:index_component_sw,2026-09-24T15:32:18.094936+00:00
801770,通信,002929,2021-12-13,akshare:index_component_sw,2026-09-24T15:32:18.094936+00:00
801770,通信,003031,2021-12-13,akshare:index_component_sw,2026-09-24T15:32:18.094936+00:00
801770,通信,003040,2021-12-13,akshare:index_component_sw,2026-09-24T15:32:18.094936+00:00
801770,通信,300025,2021-12-13,akshare:index_component_sw,2026-09-24T15:32:18.094936+00:00
801770,通信,300081,2021-12-13,akshare:index_component_sw,2026-09-24T15:32:18.094936+00:00
801770,通信,300134,2021-12-13,akshare:index_component_sw,2026-09-24T15:32:18.094936+00:00
801770,通信,300183,2021-12-13,akshare:index_component_sw,2026-09-24T15:32:18.094936+00:00
801770,通信,300205,2021-12-13,akshare:index_component_sw,2026-09-24T15:32:18.094936+00:00
801770,通信,300211,2021-12-13,akshare:index_component_sw,2026-09-24T15:32:18.094936+00:00
801770,通信,300213,2021-12-13,akshare:index_component_sw,2026-09-24T15:32:18.094936+00:00
801770,通信,300292,2021-12-13,akshare:index_component_sw,2026-09-24T15:32:18.094936+00:00
801770,通信,300308,2021-12-13,akshare:index_component_sw,2026-09-24T15:32:18.094936+00:00
801770,通信,300310,2021-12-13,akshare:index_component_sw,2026-09-24T15:32:18.094936+00:00
801770,通信,300353,2021-12-13,akshare:index_component_sw,2026-09-24T15:32:18.094936+00:00
801770,通信,300394,2021-12-13,akshare:index_component_sw,2026-09-24T15:32:18.094936+00:00
801770,通信,300414,2021-12-13,akshare:index_component_sw,2026-09-24T15:32:18.094936+00:00
801770,通信,300502,2021-12-13,akshare:index_component_sw,2026-09-24T15:32:18.094936+00:00
801770,通信,300504,2021-12-13,akshare:index_component_sw,2026-09-24T15:32:18.094936+00:00
801770,通信,300513,2021-12-13,akshare:index_component_sw,2026-09-24T15:32:18.094936+00:00
801770,通信,300548,2021-12-13,akshare:index_component_sw,2026-09-24T15:32:18.094936+00:00
801770,通信,300555,2021-12-13,akshare:index_component_sw,2026-09-24T15:32:18.094936+00:00
801770,通信,300560,2021-12-13,akshare:index_component_sw,2026-09-24T15:32:18.094936+00:00
801770,通信,300563,2021-12-13,akshare:index_component_sw,2026-09-24T15:32:18.094936+00:00
801770,通信,300565,2021-12-13,akshare:index_component_sw,2026-09-24T15:32:18.094936+00:00
801770,通信,300570,2021-12-13,akshare:index_component_sw,2026-09-24T15:32:18.094936+00:00
801770,通信,300571,2021-12-13,akshare:index_component_sw,2026-09-24T15:32:18.094936+00:00
801770,通信,300578,2021-12-13,akshare:index_component_sw,2026-09-24T15:32:18.094936+00:00
801770,通信,300590,2021-12-13,akshare:index_component_sw,2026-09-24T15:32:18.094936+00:00
801770,通信,300597,2021-12-13,akshare:index_component_sw,2026-09-24T15:32:18.094936+00:00
801770,通信,300615,2021-12-13,akshare:index_component_sw,2026-09-24T15:32:18.094936+00:00
801770,通信,300620,2021-12-13,akshare:index_component_sw,2026-09-24T15:32:18.094936+00:00
801770,通信,300627,2021-12-13,akshare:index_component_sw,2026-09-24T15:32:18.094936+00:00
801770,通信,300628,2021-12-13,akshare:index_component_sw,2026-09-24T15:32:18.094936+00:00
801770,通信,300638,2021-12-13,akshare:index_component_sw,2026-09-24T15:32:18.094936+00:00
801770,通信,300689,2021-12-13,akshare:index_component_sw,2026-09-24T15:32:18.094936+00:00
801770,通信,300698,2021-12-13,akshare:index_component_sw,2026-09-24T15:32:18.094936+00:00
801770,通信,300710,2021-12-13,akshare:index_component_sw,2026-09-24T15:32:18.094936+00:00
801770,通信,300711,2021-12-13,akshare:index_component_sw,2026-09-24T15:32:18.094936+00:00
801770,通信,300913,2021-12-13,akshare:index_component_sw,2026-09-24T15:32:18.094936+00:00
801770,通信,300921,2021-12-13,akshare:index_component_sw,2026-09-24T15:32:18.094936+00:00
801770,通信,300959,2021-12-13,akshare:index_component_sw,2026-09-24T15:32:18.094936+00:00
801770,通信,600050,2021-12-13,akshare:index_component_sw,2026-09-24T15:32:18.094936+00:00
801770,通信,600105,2021-12-13,akshare:index_component_sw,2026-09-24T15:32:18.094936+00:00
801770,通信,600289,2021-12-13,akshare:index_component_sw,2026-09-24T15:32:18.094936+00:00
801770,通信,600345,2021-12-13,akshare:index_component_sw,2026-09-24T15:32:18.094936+00:00
801770,通信,600487,2021-12-13,akshare:index_component_sw,2026-09-24T15:32:18.094936+00:00
801770,通信,600498,2021-12-13,akshare:index_component_sw,2026-09-24T15:32:18.094936+00:00
801770,通信,600522,2021-12-13,akshare:index_component_sw,2026-09-24T15:32:18.094936+00:00
801770,通信,600734,2021-12-13,akshare:index_component_sw,2026-09-24T15:32:18.094936+00:00
801770,通信,600775,2021-12-13,akshare:index_component_sw,2026-09-24T15:32:18.094936+00:00
801770,通信,600776,2021-12-13,akshare:index_component_sw,2026-09-24T15:32:18.094936+00:00
801770,通信,601728,2021-12-13,akshare:index_component_sw,2026-09-24T15:32:18.094936+00:00
801770,通信,601869,2021-12-13,akshare:index_component_sw,2026-09-24T15:32:18.094936+00:00
801770,通信,603042,2021-12-13,akshare:index_component_sw,2026-09-24T15:32:18.094936+00:00
801770,通信,603083,2021-12-13,akshare:index_component_sw,2026-09-24T15:32:18.094936+00:00
801770,通信,603118,2021-12-13,akshare:index_component_sw,2026-09-24T15:32:18.094936+00:00
801770,通信,603220,2021-12-13,akshare:index_component_sw,2026-09-24T15:32:18.094936+00:00
801770,通信,603236,2021-12-13,akshare:index_component_sw,2026-09-24T15:32:18.094936+00:00
801770,通信,603322,2021-12-13,akshare:index_component_sw,2026-09-24T15:32:18.094936+00:00
801770,通信,603421,2021-12-13,akshare:index_component_sw,2026-09-24T15:32:18.094936+00:00
801770,通信,603559,2021-12-13,akshare:index_component_sw,2026-09-24T15:32:18.094936+00:00
801770,通信,603803,2021-12-13,akshare:index_component_sw,2026-09-24T15:32:18.094936+00:00
801770,通信,688027,2021-12-13,akshare:index_component_sw,2026-09-24T15:32:18.094936+00:00
801770,通信,688080,2021-12-13,akshare:index_component_sw,2026-09-24T15:32:18.094936+00:00
801770,通信,688100,2021-12-13,akshare:index_component_sw,2026-09-24T15:32:18.094936+00:00
801770,通信,688159,2021-12-13,akshare:index_component_sw,2026-09-24T15:32:18.094936+00:00
801770,通信,688182,2021-12-13,akshare:index_component_sw,2026-09-24T15:32:18.094936+00:00
801770,通信,688313,2021-12-13,akshare:index_component_sw,2026-09-24T15:32:18.094936+00:00
801770,通信,688418,2021-12-13,akshare:index_component_sw,2026-09-24T15:32:18.094936+00:00
801770,通信,688618,2021-12-13,akshare:index_component_sw,2026-09-24T15:32:18.094936+00:00
801770,通信,688668,2021-12-13,akshare:index_component_sw,2026-09-24T15:32:18.094936+00:00
801770,通信,600941,2022-01-05,akshare:index_component_sw,2026-09-24T15:32:18.094936+00:00
801770,通信,688283,2022-02-15,akshare:index_component_sw,2026-09-24T15:32:18.094936+00:00
801770,通信,603206,2022-05-06,akshare:index_component_sw,2026-09-24T15:32:18.094936+00:00
801770,通信,301191,2022-05-26,akshare:index_component_sw,2026-09-24T15:32:18.094936+00:00
801770,通信,301139,2022-07-08,akshare:index_component_sw,2026-09-24T15:32:18.094936+00:00
801770,通信,000839,2022-08-01,akshare:index_component_sw,2026-09-24T15:32:18.094936+00:00
801770,通信,002796,2022-08-01,akshare:index_component_sw,2026-09-24T15:32:18.094936+00:00
801770,通信,300603,2022-08-01,akshare:index_component_sw,2026-09-24T15:32:18.094936+00:00
801770,通信,600198,2022-08-01,akshare:index_component_sw,2026-09-24T15:32:18.094936+00:00
801770,通信,002148,2022-08-09,akshare:index_component_sw,2026-09-24T15:32:18.094936+00:00
801770,通信,688205,2022-08-09,akshare:index_component_sw,2026-09-24T15:32:18.094936+00:00
801770,通信,301205,2022-09-13,akshare:index_component_sw,2026-09-24T15:32:18.094936+00:00
801770,通信,688387,2022-09-26,akshare:index_component_sw,2026-09-24T15:32:18.094936+00:00
801770,通信,301380,2022-10-25,akshare:index_component_sw,2026-09-24T15:32:18.094936+00:00
801770,通信,301165,2022-11-21,akshare:index_component_sw,2026-09-24T15:32:18.094936+00:00
801770,通信,688143,2022-12-12,akshare:index_component_sw,2026-09-24T15:32:18.094936+00:00
801770,通信,301419,2023-02-09,akshare:index_component_sw,2026-09-24T15:32:18.094936+00:00
801770,通信,301314,2023-03-17,akshare:index_component_sw,2026-09-24T15:32:18.094936+00:00
801770,通信,301382,2023-05-17,akshare:index_component_sw,2026-09-24T15:32:18.094936+00:00
801770,通信,301428,2023-05-19,akshare:index_component_sw,2026-09-24T15:32:18.094936+00:00
801770,通信,301202,2023-07-05,akshare:index_component_sw,2026-09-24T15:32:18.094936+00:00
801770,通信,300383,2023-07-06,akshare:index_component_sw,2026-09-24T15:32:18.094936+00:00
801770,通信,300442,2023-07-06,akshare:index_component_sw,2026-09-24T15:32:18.094936+00:00
801770,通信,300738,2023-07-06,akshare:index_component_sw,2026-09-24T15:32:18.094936+00:00
801770,通信,603881,2023-07-06,akshare:index_component_sw,2026-09-24T15:32:18.094936+00:00
801770,通信,301577,2024-01-24,akshare:index_component_sw,2026-09-24T15:32:18.094936+00:00
801770,通信,688592,2024-03-26,akshare:index_component_sw,2026-09-24T15:32:18.094936+00:00
801770,通信,002881,2024-07-31,akshare:index_component_sw,2026-09-24T15:32:18.094936+00:00
801770,通信,300098,2024-07-31,akshare:index_component_sw,2026-09-24T15:32:18.094936+00:00
801770,通信,688635,2026-05-27,akshare:index_component_sw,2026-09-24T15:32:18.094936+00:00
801770,通信,001267,2026-07-02,akshare:index_component_sw,2026-09-24T15:32:18.094936+00:00
801770,通信,000063,2021-12-13,akshare:index_component_sw,2026-09-24T15:32:18.094936+00:00
801950,煤炭,000571,2021-12-13,akshare:index_component_sw,2026-09-24T15:32:18.168927+00:00
801950,煤炭,000723,2021-12-13,akshare:index_component_sw,2026-09-24T15:32:18.168927+00:00
801950,煤炭,000937,2021-12-13,akshare:index_component_sw,2026-09-24T15:32:18.168927+00:00
801950,煤炭,000983,2021-12-13,akshare:index_component_sw,2026-09-24T15:32:18.168927+00:00
801950,煤炭,002128,2021-12-13,akshare:index_component_sw,2026-09-24T15:32:18.168927+00:00
801950,煤炭,600121,2021-12-13,akshare:index_component_sw,2026-09-24T15:32:18.168927+00:00
801950,煤炭,600123,2021-12-13,akshare:index_component_sw,2026-09-24T15:32:18.168927+00:00
801950,煤炭,600188,2021-12-13,akshare:index_component_sw,2026-09-24T15:32:18.168927+00:00
801950,煤炭,600348,2021-12-13,akshare:index_component_sw,2026-09-24T15:32:18.168927+00:00
801950,煤炭,600395,2021-12-13,akshare:index_component_sw,2026-09-24T15:32:18.168927+00:00
801950,煤炭,600403,2021-12-13,akshare:index_component_sw,2026-09-24T15:32:18.168927+00:00
801950,煤炭,600408,2021-12-13,akshare:index_component_sw,2026-09-24T15:32:18.168927+00:00
801950,煤炭,600508,2021-12-13,akshare:index_component_sw,2026-09-24T15:32:18.168927+00:00
801950,煤炭,600546,2021-12-13,akshare:index_component_sw,2026-09-24T15:32:18.168927+00:00
801950,煤炭,600725,2021-12-13,akshare:index_component_sw,2026-09-24T15:32:18.168927+00:00
801950,煤炭,600740,2021-12-13,akshare:index_component_sw,2026-09-24T15:32:18.168927+00:00
801950,煤炭,600758,2021-12-13,akshare:index_component_sw,2026-09-24T15:32:18.168927+00:00
801950,煤炭,600792,2021-12-13,akshare:index_component_sw,2026-09-24T15:32:18.168927+00:00
801950,煤炭,600971,2021-12-13,akshare:index_component_sw,2026-09-24T15:32:18.168927+00:00
801950,煤炭,600985,2021-12-13,akshare:index_component_sw,2026-09-24T15:32:18.168927+00:00
801950,煤炭,601001,2021-12-13,akshare:index_component_sw,2026-09-24T15:32:18.168927+00:00
801950,煤炭,601011,2021-12-13,akshare:index_component_sw,2026-09-24T15:32:18.168927+00:00
801950,煤炭,601015,2021-12-13,akshare:index_component_sw,2026-09-24T15:32:18.168927+00:00
801950,煤炭,601088,2021-12-13,akshare:index_component_sw,2026-09-24T15:32:18.168927+00:00
801950,煤炭,601101,2021-12-13,akshare:index_component_sw,2026-09-24T15:32:18.168927+00:00
801950,煤炭,601225,2021-12-13,akshare:index_component_sw,2026-09-24T15:32:18.168927+00:00
801950,煤炭,601666,2021-12-13,akshare:index_component_sw,2026-09-24T15:32:18.168927+00:00
801950,煤炭,601699,2021-12-13,akshare:index_component_sw,2026-09-24T15:32:18.168927+00:00
801950,煤炭,601898,2021-12-13,akshare:index_component_sw,2026-09-24T15:32:18.168927+00:00
801950,煤炭,601918,2021-12-13,akshare:index_component_sw,2026-09-24T15:32:18.168927+00:00
801950,煤炭,600925,2023-03-29,akshare:index_component_sw,2026-09-24T15:32:18.168927+00:00
801950,煤炭,600997,2023-07-06,akshare:index_component_sw,2026-09-24T15:32:18.168927+00:00
801950,煤炭,000552,2021-12-13,akshare:index_component_sw,2026-09-24T15:32:18.168927+00:00
801960,石油石化,000096,2021-12-13,akshare:index_component_sw,2026-09-24T15:32:18.230644+00:00
801960,石油石化,000301,2021-12-13,akshare:index_component_sw,2026-09-24T15:32:18.230644+00:00
801960,石油石化,000554,2021-12-13,akshare:index_component_sw,2026-09-24T15:32:18.230644+00:00
801960,石油石化,000637,2021-12-13,akshare:index_component_sw,2026-09-24T15:32:18.230644+00:00
801960,石油石化,000698,2021-12-13,akshare:index_component_sw,2026-09-24T15:32:18.230644+00:00
801960,石油石化,000703,2021-12-13,akshare:index_component_sw,2026-09-24T15:32:18.230644+00:00
801960,石油石化,000819,2021-12-13,akshare:index_component_sw,2026-09-24T15:32:18.230644+00:00
801960,石油石化,000968,2021-12-13,akshare:index_component_sw,2026-09-24T15:32:18.230644+00:00
801960,石油石化,000985,2021-12-13,akshare:index_component_sw,2026-09-24T15:32:18.230644+00:00
801960,石油石化,002207,2021-12-13,akshare:index_component_sw,2026-09-24T15:32:18.230644+00:00
801960,石油石化,002221,2021-12-13,akshare:index_component_sw,2026-09-24T15:32:18.230644+00:00
801960,石油石化,002408,2021-12-13,akshare:index_component_sw,2026-09-24T15:32:18.230644+00:00
801960,石油石化,002476,2021-12-13,akshare:index_component_sw,2026-09-24T15:32:18.230644+00:00
801960,石油石化,002493,2021-12-13,akshare:index_component_sw,2026-09-24T15:32:18.230644+00:00
801960,石油石化,002554,2021-12-13,akshare:index_component_sw,2026-09-24T15:32:18.230644+00:00
801960,石油石化,002629,2021-12-13,akshare:index_component_sw,2026-09-24T15:32:18.230644+00:00
801960,石油石化,002828,2021-12-13,akshare:index_component_sw,2026-09-24T15:32:18.230644+00:00
801960,石油石化,002986,2021-12-13,akshare:index_component_sw,2026-09-24T15:32:18.230644+00:00
801960,石油石化,300135,2021-12-13,akshare:index_component_sw,2026-09-24T15:32:18.230644+00:00
801960,石油石化,300164,2021-12-13,akshare:index_component_sw,2026-09-24T15:32:18.230644+00:00
801960,石油石化,300191,2021-12-13,akshare:index_component_sw,2026-09-24T15:32:18.230644+00:00
801960,石油石化,300839,2021-12-13,akshare:index_component_sw,2026-09-24T15:32:18.230644+00:00
801960,石油石化,600028,2021-12-13,akshare:index_component_sw,2026-09-24T15:32:18.230644+00:00
801960,石油石化,600256,2021-12-13,akshare:index_component_sw,2026-09-24T15:32:18.230644+00:00
801960,石油石化,600339,2021-12-13,akshare:index_component_sw,2026-09-24T15:32:18.230644+00:00
801960,石油石化,600346,2021-12-13,akshare:index_component_sw,2026-09-24T15:32:18.230644+00:00
801960,石油石化,600583,2021-12-13,akshare:index_component_sw,2026-09-24T15:32:18.230644+00:00
801960,石油石化,600688,2021-12-13,akshare:index_component_sw,2026-09-24T15:32:18.230644+00:00
801960,石油石化,600759,2021-12-13,akshare:index_component_sw,2026-09-24T15:32:18.230644+00:00
801960,石油石化,600777,2021-12-13,akshare:index_component_sw,2026-09-24T15:32:18.230644+00:00
801960,石油石化,600800,2021-12-13,akshare:index_component_sw,2026-09-24T15:32:18.230644+00:00
801960,石油石化,600871,2021-12-13,akshare:index_component_sw,2026-09-24T15:32:18.230644+00:00
801960,石油石化,600968,2021-12-13,akshare:index_component_sw,2026-09-24T15:32:18.230644+00:00
801960,石油石化,601233,2021-12-13,akshare:index_component_sw,2026-09-24T15:32:18.230644+00:00
801960,石油石化,601808,2021-12-13,akshare:index_component_sw,2026-09-24T15:32:18.230644+00:00
801960,石油石化,601857,2021-12-13,akshare:index_component_sw,2026-09-24T15:32:18.230644+00:00
801960,石油石化,603353,2021-12-13,akshare:index_component_sw,2026-09-24T15:32:18.230644+00:00
801960,石油石化,603619,2021-12-13,akshare:index_component_sw,2026-09-24T15:32:18.230644+00:00
801960,石油石化,603727,2021-12-13,akshare:index_component_sw,2026-09-24T15:32:18.230644+00:00
801960,石油石化,603798,2021-12-13,akshare:index_component_sw,2026-09-24T15:32:18.230644+00:00
801960,石油石化,600938,2022-04-21,akshare:index_component_sw,2026-09-24T15:32:18.230644+00:00
801960,石油石化,001316,2022-06-24,akshare:index_component_sw,2026-09-24T15:32:18.230644+00:00
801960,石油石化,600506,2022-08-01,akshare:index_component_sw,2026-09-24T15:32:18.230644+00:00
801960,石油石化,603223,2022-08-01,akshare:index_component_sw,2026-09-24T15:32:18.230644+00:00
801960,石油石化,002377,2024-07-31,akshare:index_component_sw,2026-09-24T15:32:18.230644+00:00
801960,石油石化,300055,2024-07-31,akshare:index_component_sw,2026-09-24T15:32:18.230644+00:00
801960,石油石化,000059,2021-12-13,akshare:index_component_sw,2026-09-24T15:32:18.230644+00:00
801970,环保,000068,2021-12-13,akshare:index_component_sw,2026-09-24T15:32:18.286609+00:00
801970,环保,000544,2021-12-13,akshare:index_component_sw,2026-09-24T15:32:18.286609+00:00
801970,环保,000551,2021-12-13,akshare:index_component_sw,2026-09-24T15:32:18.286609+00:00
801970,环保,000598,2021-12-13,akshare:index_component_sw,2026-09-24T15:32:18.286609+00:00
801970,环保,000605,2021-12-13,akshare:index_component_sw,2026-09-24T15:32:18.286609+00:00
801970,环保,000685,2021-12-13,akshare:index_component_sw,2026-09-24T15:32:18.286609+00:00
801970,环保,000826,2021-12-13,akshare:index_component_sw,2026-09-24T15:32:18.286609+00:00
801970,环保,000967,2021-12-13,akshare:index_component_sw,2026-09-24T15:32:18.286609+00:00
801970,环保,002034,2021-12-13,akshare:index_component_sw,2026-09-24T15:32:18.286609+00:00
801970,环保,002266,2021-12-13,akshare:index_component_sw,2026-09-24T15:32:18.286609+00:00
801970,环保,002645,2021-12-13,akshare:index_component_sw,2026-09-24T15:32:18.286609+00:00
801970,环保,002658,2021-12-13,akshare:index_component_sw,2026-09-24T15:32:18.286609+00:00
801970,环保,002672,2021-12-13,akshare:index_component_sw,2026-09-24T15:32:18.286609+00:00
801970,环保,002887,2021-12-13,akshare:index_component_sw,2026-09-24T15:32:18.286609+00:00
801970,环保,002973,2021-12-13,akshare:index_component_sw,2026-09-24T15:32:18.286609+00:00
801970,环保,003027,2021-12-13,akshare:index_component_sw,2026-09-24T15:32:18.286609+00:00
801970,环保,003039,2021-12-13,akshare:index_component_sw,2026-09-24T15:32:18.286609+00:00
801970,环保,300056,2021-12-13,akshare:index_component_sw,2026-09-24T15:32:18.286609+00:00
801970,环保,300070,2021-12-13,akshare:index_component_sw,2026-09-24T15:32:18.286609+00:00
801970,环保,300137,2021-12-13,akshare:index_component_sw,2026-09-24T15:32:18.286609+00:00
801970,环保,300152,2021-12-13,akshare:index_component_sw,2026-09-24T15:32:18.286609+00:00
801970,环保,300172,2021-12-13,akshare:index_component_sw,2026-09-24T15:32:18.286609+00:00
801970,环保,300190,2021-12-13,akshare:index_component_sw,2026-09-24T15:32:18.286609+00:00
801970,环保,300210,2021-12-13,akshare:index_component_sw,2026-09-24T15:32:18.286609+00:00
801970,环保,300266,2021-12-13,akshare:index_component_sw,2026-09-24T15:32:18.286609+00:00
801970,环保,300334,2021-12-13,akshare:index_component_sw,2026-09-24T15:32:18.286609+00:00
801970,环保,300385,2021-12-13,akshare:index_component_sw,2026-09-24T15:32:18.286609+00:00
801970,环保,300388,2021-12-13,akshare:index_component_sw,2026-09-24T15:32:18.286609+00:00
801970,环保,300422,2021-12-13,akshare:index_component_sw,2026-09-24T15:32:18.286609+00:00
801970,环保,300437,2021-12-13,akshare:index_component_sw,2026-09-24T15:32:18.286609+00:00
801970,环保,300614,2021-12-13,akshare:index_component_sw,2026-09-24T15:32:18.286609+00:00
801970,环保,300631,2021-12-13,akshare:index_component_sw,2026-09-24T15:32:18.286609+00:00
801970,环保,300664,2021-12-13,akshare:index_component_sw,2026-09-24T15:32:18.286609+00:00
801970,环保,300692,2021-12-13,akshare:index_component_sw,2026-09-24T15:32:18.286609+00:00
801970,环保,300774,2021-12-13,akshare:index_component_sw,2026-09-24T15:32:18.286609+00:00
801970,环保,300779,2021-12-13,akshare:index_component_sw,2026-09-24T15:32:18.286609+00:00
801970,环保,300786,2021-12-13,akshare:index_component_sw,2026-09-24T15:32:18.286609+00:00
801970,环保,300800,2021-12-13,akshare:index_component_sw,2026-09-24T15:32:18.286609+00:00
801970,环保,300815,2021-12-13,akshare:index_component_sw,2026-09-24T15:32:18.286609+00:00
801970,环保,300854,2021-12-13,akshare:index_component_sw,2026-09-24T15:32:18.286609+00:00
801970,环保,300864,2021-12-13,akshare:index_component_sw,2026-09-24T15:32:18.286609+00:00
801970,环保,300867,2021-12-13,akshare:index_component_sw,2026-09-24T15:32:18.286609+00:00
801970,环保,300899,2021-12-13,akshare:index_component_sw,2026-09-24T15:32:18.286609+00:00
801970,环保,300929,2021-12-13,akshare:index_component_sw,2026-09-24T15:32:18.286609+00:00
801970,环保,300958,2021-12-13,akshare:index_component_sw,2026-09-24T15:32:18.286609+00:00
801970,环保,300961,2021-12-13,akshare:index_component_sw,2026-09-24T15:32:18.286609+00:00
801970,环保,301049,2021-12-13,akshare:index_component_sw,2026-09-24T15:32:18.286609+00:00
801970,环保,301068,2021-12-13,akshare:index_component_sw,2026-09-24T15:32:18.286609+00:00
801970,环保,301081,2021-12-13,akshare:index_component_sw,2026-09-24T15:32:18.286609+00:00
801970,环保,600008,2021-12-13,akshare:index_component_sw,2026-09-24T15:32:18.286609+00:00
801970,环保,600168,2021-12-13,akshare:index_component_sw,2026-09-24T15:32:18.286609+00:00
801970,环保,600187,2021-12-13,akshare:index_component_sw,2026-09-24T15:32:18.286609+00:00
801970,环保,600217,2021-12-13,akshare:index_component_sw,2026-09-24T15:32:18.286609+00:00
801970,环保,600283,2021-12-13,akshare:index_component_sw,2026-09-24T15:32:18.286609+00:00
801970,环保,600323,2021-12-13,akshare:index_component_sw,2026-09-24T15:32:18.286609+00:00
801970,环保,600461,2021-12-13,akshare:index_component_sw,2026-09-24T15:32:18.286609+00:00
801970,环保,600526,2021-12-13,akshare:index_component_sw,2026-09-24T15:32:18.286609+00:00
801970,环保,600769,2021-12-13,akshare:index_component_sw,2026-09-24T15:32:18.286609+00:00
801970,环保,600874,2021-12-13,akshare:index_component_sw,2026-09-24T15:32:18.286609+00:00
801970,环保,601158,2021-12-13,akshare:index_component_sw,2026-09-24T15:32:18.286609+00:00
801970,环保,601199,2021-12-13,akshare:index_component_sw,2026-09-24T15:32:18.286609+00:00
801970,环保,601200,2021-12-13,akshare:index_component_sw,2026-09-24T15:32:18.286609+00:00
801970,环保,601330,2021-12-13,akshare:index_component_sw,2026-09-24T15:32:18.286609+00:00
801970,环保,601368,2021-12-13,akshare:index_component_sw,2026-09-24T15:32:18.286609+00:00
801970,环保,601827,2021-12-13,akshare:index_component_sw,2026-09-24T15:32:18.286609+00:00
801970,环保,603177,2021-12-13,akshare:index_component_sw,2026-09-24T15:32:18.286609+00:00
801970,环保,603200,2021-12-13,akshare:index_component_sw,2026-09-24T15:32:18.286609+00:00
801970,环保,603324,2021-12-13,akshare:index_component_sw,2026-09-24T15:32:18.286609+00:00
801970,环保,603568,2021-12-13,akshare:index_component_sw,2026-09-24T15:32:18.286609+00:00
801970,环保,603588,2021-12-13,akshare:index_component_sw,2026-09-24T15:32:18.286609+00:00
801970,环保,603759,2021-12-13,akshare:index_component_sw,2026-09-24T15:32:18.286609+00:00
801970,环保,603797,2021-12-13,akshare:index_component_sw,2026-09-24T15:32:18.286609+00:00
801970,环保,603817,2021-12-13,akshare:index_component_sw,2026-09-24T15:32:18.286609+00:00
801970,环保,603903,2021-12-13,akshare:index_component_sw,2026-09-24T15:32:18.286609+00:00
801970,环保,605069,2021-12-13,akshare:index_component_sw,2026-09-24T15:32:18.286609+00:00
801970,环保,688057,2021-12-13,akshare:index_component_sw,2026-09-24T15:32:18.286609+00:00
801970,环保,688069,2021-12-13,akshare:index_component_sw,2026-09-24T15:32:18.286609+00:00
801970,环保,688096,2021-12-13,akshare:index_component_sw,2026-09-24T15:32:18.286609+00:00
801970,环保,688101,2021-12-13,akshare:index_component_sw,2026-09-24T15:32:18.286609+00:00
801970,环保,688309,2021-12-13,akshare:index_component_sw,2026-09-24T15:32:18.286609+00:00
801970,环保,688335,2021-12-13,akshare:index_component_sw,2026-09-24T15:32:18.286609+00:00
801970,环保,688466,2021-12-13,akshare:index_component_sw,2026-09-24T15:32:18.286609+00:00
801970,环保,688501,2021-12-13,akshare:index_component_sw,2026-09-24T15:32:18.286609+00:00
801970,环保,688565,2021-12-13,akshare:index_component_sw,2026-09-24T15:32:18.286609+00:00
801970,环保,688679,2021-12-13,akshare:index_component_sw,2026-09-24T15:32:18.286609+00:00
801970,环保,688701,2021-12-13,akshare:index_component_sw,2026-09-24T15:32:18.286609+00:00
801970,环保,301127,2021-12-30,akshare:index_component_sw,2026-09-24T15:32:18.286609+00:00
801970,环保,301109,2022-04-13,akshare:index_component_sw,2026-09-24T15:32:18.286609+00:00
801970,环保,301148,2022-04-21,akshare:index_component_sw,2026-09-24T15:32:18.286609+00:00
801970,环保,301288,2022-04-22,akshare:index_component_sw,2026-09-24T15:32:18.286609+00:00
801970,环保,301259,2022-04-26,akshare:index_component_sw,2026-09-24T15:32:18.286609+00:00
801970,环保,301175,2022-07-08,akshare:index_component_sw,2026-09-24T15:32:18.286609+00:00
801970,环保,001230,2022-07-15,akshare:index_component_sw,2026-09-24T15:32:18.286609+00:00
801970,环保,001336,2022-07-25,akshare:index_component_sw,2026-09-24T15:32:18.286609+00:00
801970,环保,000711,2022-08-01,akshare:index_component_sw,2026-09-24T15:32:18.286609+00:00
801970,环保,000890,2022-08-01,akshare:index_component_sw,2026-09-24T15:32:18.286609+00:00
801970,环保,002210,2022-08-01,akshare:index_component_sw,2026-09-24T15:32:18.286609+00:00
801970,环保,300187,2022-08-01,akshare:index_component_sw,2026-09-24T15:32:18.286609+00:00
801970,环保,300203,2022-08-01,akshare:index_component_sw,2026-09-24T15:32:18.286609+00:00
801970,环保,600388,2022-08-01,akshare:index_component_sw,2026-09-24T15:32:18.286609+00:00
801970,环保,600796,2022-08-01,akshare:index_component_sw,2026-09-24T15:32:18.286609+00:00
801970,环保,600817,2022-08-01,akshare:index_component_sw,2026-09-24T15:32:18.286609+00:00
801970,环保,603315,2022-08-01,akshare:index_component_sw,2026-09-24T15:32:18.286609+00:00
801970,环保,688178,2022-08-01,akshare:index_component_sw,2026-09-24T15:32:18.286609+00:00
801970,环保,688370,2022-08-25,akshare:index_component_sw,2026-09-24T15:32:18.286609+00:00
801970,环保,688376,2022-11-18,akshare:index_component_sw,2026-09-24T15:32:18.286609+00:00
801970,环保,688480,2022-11-25,akshare:index_component_sw,2026-09-24T15:32:18.286609+00:00
801970,环保,301265,2022-12-16,akshare:index_component_sw,2026-09-24T15:32:18.286609+00:00
801970,环保,603282,2023-03-15,akshare:index_component_sw,2026-09-24T15:32:18.286609+00:00
801970,环保,603291,2023-03-27,akshare:index_component_sw,2026-09-24T15:32:18.286609+00:00
801970,环保,301203,2023-04-04,akshare:index_component_sw,2026-09-24T15:32:18.286609+00:00
801970,环保,301305,2023-05-23,akshare:index_component_sw,2026-09-24T15:32:18.286609+00:00
801970,环保,002573,2023-07-06,akshare:index_component_sw,2026-09-24T15:32:18.286609+00:00
801970,环保,301519,2023-07-27,akshare:index_component_sw,2026-09-24T15:32:18.286609+00:00
801970,环保,688671,2023-08-09,akshare:index_component_sw,2026-09-24T15:32:18.286609+00:00
801970,环保,301372,2023-08-11,akshare:index_component_sw,2026-09-24T15:32:18.286609+00:00
801970,环保,601033,2024-01-18,akshare:index_component_sw,2026-09-24T15:32:18.286609+00:00
801970,环保,000885,2024-05-22,akshare:index_component_sw,2026-09-24T15:32:18.286609+00:00
801970,环保,000546,2024-07-31,akshare:index_component_sw,2026-09-24T15:32:18.286609+00:00
801970,环保,000820,2024-07-31,akshare:index_component_sw,2026-09-24T15:32:18.286609+00:00
801970,环保,002778,2024-07-31,akshare:index_component_sw,2026-09-24T15:32:18.286609+00:00
801970,环保,300140,2024-07-31,akshare:index_component_sw,2026-09-24T15:32:18.286609+00:00
801970,环保,300425,2024-07-31,akshare:index_component_sw,2026-09-24T15:32:18.286609+00:00
801970,环保,301500,2024-07-31,akshare:index_component_sw,2026-09-24T15:32:18.286609+00:00
801970,环保,603126,2024-07-31,akshare:index_component_sw,2026-09-24T15:32:18.286609+00:00
801970,环保,603686,2024-07-31,akshare:index_component_sw,2026-09-24T15:32:18.286609+00:00
801970,环保,600133,2025-01-13,akshare:index_component_sw,2026-09-24T15:32:18.286609+00:00
801970,环保,300105,2025-05-13,akshare:index_component_sw,2026-09-24T15:32:18.286609+00:00
801970,环保,000803,2025-08-13,akshare:index_component_sw,2026-09-24T15:32:18.286609+00:00
801970,环保,000035,2021-12-13,akshare:index_component_sw,2026-09-24T15:32:18.286609+00:00
801980,美容护理,001206,2021-12-13,akshare:index_component_sw,2026-09-24T15:32:18.528300+00:00
801980,美容护理,002094,2021-12-13,akshare:index_component_sw,2026-09-24T15:32:18.528300+00:00
801980,美容护理,002511,2021-12-13,akshare:index_component_sw,2026-09-24T15:32:18.528300+00:00
801980,美容护理,003006,2021-12-13,akshare:index_component_sw,2026-09-24T15:32:18.528300+00:00
801980,美容护理,300132,2021-12-13,akshare:index_component_sw,2026-09-24T15:32:18.528300+00:00
801980,美容护理,300658,2021-12-13,akshare:index_component_sw,2026-09-24T15:32:18.528300+00:00
801980,美容护理,300740,2021-12-13,akshare:index_component_sw,2026-09-24T15:32:18.528300+00:00
801980,美容护理,300849,2021-12-13,akshare:index_component_sw,2026-09-24T15:32:18.528300+00:00
801980,美容护理,300856,2021-12-13,akshare:index_component_sw,2026-09-24T15:32:18.528300+00:00
801980,美容护理,300888,2021-12-13,akshare:index_component_sw,2026-09-24T15:32:18.528300+00:00
801980,美容护理,300896,2021-12-13,akshare:index_component_sw,2026-09-24T15:32:18.528300+00:00
801980,美容护理,300955,2021-12-13,akshare:index_component_sw,2026-09-24T15:32:18.528300+00:00
801980,美容护理,300957,2021-12-13,akshare:index_component_sw,2026-09-24T15:32:18.528300+00:00
801980,美容护理,301009,2021-12-13,akshare:index_component_sw,2026-09-24T15:32:18.528300+00:00
801980,美容护理,301108,2021-12-13,akshare:index_component_sw,2026-09-24T15:32:18.528300+00:00
801980,美容护理,600249,2021-12-13,akshare:index_component_sw,2026-09-24T15:32:18.528300+00:00
801980,美容护理,600315,2021-12-13,akshare:index_component_sw,2026-09-24T15:32:18.528300+00:00
801980,美容护理,603059,2021-12-13,akshare:index_component_sw,2026-09-24T15:32:18.528300+00:00
801980,美容护理,603605,2021-12-13,akshare:index_component_sw,2026-09-24T15:32:18.528300+00:00
801980,美容护理,603630,2021-12-13,akshare:index_component_sw,2026-09-24T15:32:18.528300+00:00
801980,美容护理,603983,2021-12-13,akshare:index_component_sw,2026-09-24T15:32:18.528300+00:00
801980,美容护理,605009,2021-12-13,akshare:index_component_sw,2026-09-24T15:32:18.528300+00:00
801980,美容护理,688363,2021-12-13,akshare:index_component_sw,2026-09-24T15:32:18.528300+00:00
801980,美容护理,001328,2023-04-10,akshare:index_component_sw,2026-09-24T15:32:18.528300+00:00
801980,美容护理,301371,2023-08-01,akshare:index_component_sw,2026-09-24T15:32:18.528300+00:00
801980,美容护理,603193,2023-10-17,akshare:index_component_sw,2026-09-24T15:32:18.528300+00:00
801980,美容护理,600223,2024-02-06,akshare:index_component_sw,2026-09-24T15:32:18.528300+00:00
801980,美容护理,000615,2021-12-13,akshare:index_component_sw,2026-09-24T15:32:18.528300+00:00
